Flux_Density,Unc_Energy_Flux100,Spectral_Index,Signif_Curve,ln(Variability_Index),hr12,hr23,hr34,hr45,GLAT,class,CLASS1,Source_Name,SpectrumType,Pivot_Energy,ASSOC1,Flags,AGN_BDT,PSR_BDT,AGN_NN,PSR_NN,AGN_LR,PSR_LR,AGN_RF,PSR_RF,BDT_P,NN_P,LR_P,RF_P
-25.47639486848784,-26.996604993524276,2.732786,-1.360942325754102,3.971194509710279,-0.7246513,-0.8780153,-0.44555563,-0.9656969,0.92570114,OTHER,spp,3FGL J0001.0+6314,PowerLaw,472.15625,,28,0.9857700408501424,0.01422995914985694,0.9647253426290857,0.035274657370913,0.9993996767992777,0.0006003232007213019,0.9197095762661907,0.08029042373380958,0.0,0.002,0.0,0.0
-25.66556409127903,-27.39913902765631,1.7730473,2.3389895687511206,3.621120522711261,-0.08380534,-0.4344012,-0.70631915,-0.94180804,-44.903366,OTHER,glc,3FGL J0023.9-7203,LogParabola,856.4519,47 Tuc,0,0.0032812309778600863,0.9967187690221406,0.003716965934548786,0.9962830340654504,0.0021015389602815305,0.9978984610397195,0.07119024410906448,0.9288097558909363,1.0,1.0,1.0,1.0
-30.737952156679786,-27.21064780696626,2.0867453,-0.13002563929498903,3.4433864223059514,0.8748904,-0.74927413,-0.6897258,-0.16747986,1.3377548,OTHER,snr,3FGL J0025.7+6404,PowerLaw,3518.6775,Tycho,0,0.9895534650281207,0.010446534971879152,0.9178026151561284,0.08219738484387192,0.9710172146351325,0.028982785364867862,0.9333911912932382,0.06660880870676207,0.0,0.003,0.0,0.0
-26.75180818778272,-27.778174350113105,2.5623276,0.6103808184156143,3.677519762467593,-0.553906,-0.58923995,-0.91297513,-0.5906225,-21.544806,OTHER,gal,3FGL J0042.5+4117,PowerLaw,572.78046,M31,0,0.9511334812144737,0.048866518785526517,0.5952002751189808,0.40479972488101945,0.5212834771634642,0.47871652283653526,0.8378263700660936,0.1621736299339064,0.0,0.222,0.364,0.0
-28.041658976556633,-27.71221941429488,2.169111,0.12669502853079476,4.051957954236285,-0.5747277,-0.65921307,-0.48312023,-0.6927539,-87.95155,OTHER,sbg,3FGL J0047.5-2516,PowerLaw,1149.6525,NGC 253,0,0.9995203056291948,0.00047969437080585034,0.993991976651874,0.006008023348125437,0.9772668509015285,0.022733149098471482,0.9885723522893273,0.011427647710673072,0.0,0.0,0.0,0.0
-25.2708008946213,-26.955253915698716,2.22098,0.9177176498961931,3.781899669450822,-0.4339719,-0.6432912,-0.6395211,-0.76817554,-44.41674,OTHER,GAL,3FGL J0059.0-7242e,PowerLaw,665.53204,SMC,4,0.8642525057803514,0.13574749421964927,0.7941795060426751,0.20582049395732407,0.4663281313941112,0.533671868605888,0.7022066677143043,0.2977933322856962,0.0,0.025,0.751,0.001
-26.251442363381432,-27.05557524306933,2.504486,0.8914698847818788,3.750335513709239,-0.5004157,-0.68228036,-0.67271966,-0.99997044,0.3920805,OTHER,spp,3FGL J0128.4+6257,PowerLaw,672.94214,,0,0.7572789093304748,0.24272109066952466,0.022164749847325554,0.9778352501526729,0.2033185083361456,0.7966814916638548,0.4859518974749585,0.5140481025250416,0.015,1.0,1.0,0.565
-30.36021303662356,-26.27639416624453,2.2950974,1.303892074371153,3.780477119453751,-0.49566734,-0.71492845,-0.71594435,-0.999454,0.9424945,OTHER,spp,3FGL J0220.1+6202c,PowerLaw,4001.0137,,48,0.017706238983031197,0.9822937610169686,0.0063973907205358525,0.9936026092794635,0.015570927061210878,0.9844290729387887,0.24406461808029073,0.7559353819197092,1.0,1.0,1.0,1.0
-28.961560816869746,-26.42553216795297,2.475545,0.637101835273835,3.8068450699439933,0.9557523,-0.7311285,-0.847135,-0.5881218,1.6175137,OTHER,spp,3FGL J0224.0+6235,PowerLaw,1949.5594,,16,0.9490809224003793,0.050919077599621304,0.5585760242550598,0.44142397574493986,0.6078624675943686,0.39213753240563054,0.4863980220138831,0.513601977986117,0.0,0.365,0.098,0.585
-21.998440535502567,-26.147503925085527,2.1896782,2.819967656550498,5.84159549763674,-0.4776806,-0.6705284,-0.71204525,-0.85391206,1.0862774,OTHER,HMB,3FGL J0240.5+6113,LogParabola,547.57886,LS I+61 303,0,0.44396959386600077,0.5560304061339993,0.11442123730085559,0.8855787626991435,0.3108581640289597,0.6891418359710393,0.6358637092981978,0.36413629070180237,0.658,0.982,0.964,0.017
-27.727842615561407,-27.78736963227493,2.3233023,-0.674834746021869,3.725882489659019,-0.6703641,-0.6277343,-0.68740994,-0.3623248,-51.9359,OTHER,sbg,3FGL J0242.7-0001,PowerLaw,920.24646,NGC 1068,0,0.9902295005107715,0.009770499489228191,0.9962139480126194,0.0037860519873805384,0.9966583609597914,0.0033416390402087027,0.9153723639817346,0.08462763601826577,0.0,0.0,0.0,0.0
-29.46564577842787,-27.665017368058546,2.1977007,0.8938630228120802,3.6175861967408673,-0.5939346,-0.6340726,-0.57058513,-0.9999661,-35.709038,OTHER,pwn,3FGL J0454.6-6825,PowerLaw,1776.1125,PWN G279.8-35.8,0,0.9759692240045275,0.024030775995473843,0.250248309790592,0.7497516902094084,0.11793498026114257,0.8820650197388574,0.6020042475362244,0.3979957524637752,0.0,0.952,1.0,0.071
-28.130343047913584,-27.36523501977798,2.3491838,-0.30276620649875946,3.626638503128031,-0.5906053,-0.8520776,-0.45908022,-0.3842624,6.3492813,OTHER,spp,3FGL J0500.3+5237,PowerLaw,1231.9395,,0,0.9936850467619506,0.0063149532380498,0.9863339462321845,0.013666053767813595,0.9918513828198855,0.008148617180115189,0.9429563600985638,0.057043639901435385,0.0,0.0,0.0,0.0
-22.4214203610387,-26.249608457426937,2.017084,1.8811791306664467,4.226893442106269,-0.49599028,-0.6005208,-0.67542744,-0.64879835,-32.850204,OTHER,GAL,3FGL J0526.6-6825e,LogParabola,396.32202,LMC,0,0.17440974125840164,0.8255902587415987,0.2591662159150188,0.7408337840849806,0.19460194668309544,0.805398053316904,0.6417547438009746,0.3582452561990258,0.994,0.897,1.0,0.02
-18.28548727006569,-25.841143354285013,5.715894,0.8273012478202758,5.597953800203161,-0.99999434,0.99443537,-0.39162585,-0.999101,-5.781213,OTHER,PWN,3FGL J0534.5+2201s,PowerLaw,100.79754,Crab,20,0.9848664017793052,0.015133598220694463,0.9812912343098972,0.018708765690103178,0.9997801987568075,0.00021980124319357058,0.7088857077092889,0.29111429229070984,0.001,0.0,0.0,0.002
-24.729277572010645,-26.13478842627149,2.1944747,0.29605567087980345,4.120546035750273,-0.5254956,-0.6444767,-0.48491386,-0.73834515,-1.4995799,OTHER,SNR,3FGL J0540.3+2756e,PowerLaw,705.1263,S147,0,0.5734528400027391,0.4265471599972608,0.6690329372160646,0.3309670627839336,0.9567814089036061,0.04321859109639432,0.7917817420073174,0.20821825799268212,0.27,0.158,0.003,0.0
-25.978782585902074,-26.94597715768177,2.8348546,1.7669612216938597,3.974079348281132,-0.24274996,-0.7792552,-0.8701869,-0.59673154,-0.7620364,OTHER,spp,3FGL J0610.6+1728,LogParabola,903.2897,,0,0.9492503167248814,0.050749683275118404,0.03692137479951694,0.9630786252004822,0.1041842195206682,0.8958157804793319,0.6085865628391323,0.3914134371608677,0.0,1.0,1.0,0.061
-24.09464834144195,-25.6868500555864,1.999889,2.537691561936918,3.9241041223925874,-0.24429186,-0.5376386,-0.54189444,-0.65352607,3.0336995,OTHER,SNR,3FGL J0617.2+2234e,LogParabola,1444.2197,IC 443,0,0.14040582430530663,0.859594175694694,0.002961994099926781,0.9970380059000757,0.01576141976631405,0.984238580233685,0.5589638869427739,0.4410361130572263,0.922,1.0,1.0,0.208
-28.281231608405992,-26.588836147890373,2.3564208,1.5956516050815772,3.7621928634676847,-0.02327583,-0.5898471,-0.53805995,-0.8921625,-1.3048923,OTHER,spp,3FGL J0631.6+0644,LogParabola,2599.9565,,0,0.0022340888752984704,0.9977659111247016,0.003694708872659862,0.9963052911273402,0.058444347858796535,0.9415556521412024,0.07229057576390588,0.927709424236095,1.0,1.0,1.0,1.0
-27.29474381087447,-26.80111898038221,2.5558372,0.09507338044610561,3.6704433948506954,-0.6274545,-0.836226,-0.8138625,-0.27849662,1.2806075,OTHER,spp,3FGL J0640.9+0752,PowerLaw,947.25964,,17,0.8981865102677582,0.10181348973224212,0.6589629374368353,0.34103706256316496,0.9337554867672755,0.06624451323272482,0.7768541185210288,0.2231458814789711,0.0,0.144,0.0,0.0
-27.124708290100997,-26.283128956833405,2.0516248,1.1131437435149867,4.1222673118003925,-0.19615343,-0.59998935,-0.4928175,-0.5934498,-3.2763379,OTHER,SNR,3FGL J0822.6-4250e,PowerLaw,2255.966,Puppis A,0,0.2185986532397089,0.7814013467602909,0.4392602962291288,0.5607397037708718,0.6895355406665407,0.3104644593334593,0.7027701221696093,0.29722987783039095,0.988,0.698,0.009,0.0
-26.654957158395305,-25.736056921124028,2.7226977,1.423264724600888,4.483910511786011,-0.39936692,-0.5999825,-0.8034118,-0.95769894,-3.0452278,OTHER,spp,3FGL J0838.1-4615,LogParabola,1401.3173,,1,0.7144415158921291,0.28555848410787077,0.126616779337255,0.8733832206627451,0.18590851498314162,0.8140914850168587,0.5643793353717466,0.4356206646282528,0.093,0.995,1.0,0.165
-28.673645235210042,-26.351918336212766,2.5854046,1.1216029827292004,4.016177693354658,-0.477334,-0.9278071,-0.88599765,0.18473783,-3.7674587,OTHER,spp,3FGL J0839.1-4739,PowerLaw,1632.8274,,0,0.3955367681292786,0.6044632318707208,0.8178618686533381,0.18213813134666243,0.8312814152477697,0.16871858475223145,0.523915785480558,0.4760842145194418,0.767,0.014,0.002,0.361
-29.968725290626715,-25.935175038416673,2.3785477,-1.1639026831203538,4.014454361932868,-0.69284314,-0.7881569,-0.79543555,-0.4549833,-2.0601761,OTHER,spp,3FGL J0843.1-4546,PowerLaw,3553.9956,,1,0.5017480499746447,0.4982519500253555,0.9844603371132835,0.015539662886715502,0.9963204281498552,0.003679571850144664,0.6353082972172609,0.36469170278273855,0.491,0.0,0.0,0.025
-27.573364904135307,-25.854247990359994,1.9446316,0.49493207977993187,4.5333724703815355,-0.46676356,-0.6380545,-0.58423847,-0.19898026,-1.233045,OTHER,SNR,3FGL J0852.7-4631e,PowerLaw,3544.2734,Vela Jr,512,0.9426858485709565,0.05731415142904266,0.9445611171369854,0.055438882863015085,0.9874978612973134,0.012502138702686957,0.8670006944077497,0.13299930559224984,0.0,0.0,0.0,0.0
-28.396910610435494,-27.677022288416,2.3757112,0.4170560237793066,3.853456929435911,-0.63732606,-0.8158063,-0.44512504,-0.8377698,-11.247007,OTHER,glc,3FGL J0912.2-6452,PowerLaw,1045.2452,NGC 2808,1,0.9316132109781191,0.0683867890218798,0.5280994384374089,0.47190056156259125,0.8294030440667189,0.17059695593328117,0.8947166319010157,0.10528336809898486,0.0,0.392,0.0,0.0
-27.538046592740017,-27.809125448390397,2.2100296,0.2668593040932182,3.683796539192846,-0.49798882,-0.4738833,-0.7442837,-0.43384165,40.543133,OTHER,sbg,3FGL J0955.4+6940,PowerLaw,1015.19855,M 82,0,0.9102313680051111,0.08976863199488823,0.9265826340622025,0.07341736593779731,0.8589966985220409,0.1410033014779588,0.8421264092573465,0.15787359074265336,0.0,0.0,0.0,0.0
-24.55956811433947,-25.51031576053523,2.546475,3.0531638830624455,3.744561226862562,-0.40063214,-0.6777257,-0.7409849,-0.9165123,-1.6901059,OTHER,HMB,3FGL J1018.9-5856,LogParabola,1350.214,1FGL J1018.6-5856,0,0.045378626981770635,0.9546213730182301,0.0001905466645253695,0.9998094533354734,0.000386748018584281,0.9996132519814155,0.09973371204368175,0.9002662879563191,0.988,1.0,1.0,1.0
-27.19566826551455,-25.679038891120985,2.3901007,2.1848892193714615,4.051743151116316,-0.28713804,-0.6492822,-0.64168155,-0.7244292,-0.6330746,OTHER,BIN,3FGL J1045.1-5941,LogParabola,3281.8196,Eta Carinae,0,0.02359720945295179,0.976402790547049,0.004375588664533169,0.9956244113354678,0.022487656129687797,0.9775123438703132,0.3728642781277979,0.627135721872202,0.987,1.0,1.0,0.974
-26.773122772740987,-25.820890851874466,2.7986279,1.8480577051822762,3.1491851380740763,0.58748084,-0.5106462,-0.76632786,-0.91673636,-0.8029164,OTHER,spp,3FGL J1101.9-6053,LogParabola,1629.2163,,20,0.263295323999591,0.7367046760004085,0.0004866246427293754,0.9995133753572721,0.005153088805981891,0.9948469111940187,0.16281424380193907,0.8371857561980626,0.82,1.0,1.0,1.0
-27.39133159496771,-26.030475353309033,2.3874407,2.042186639879946,3.8434693543555967,-0.52505696,-0.5194687,-0.6016011,-0.7671582,-0.087617256,OTHER,spp,3FGL J1111.9-6038,LogParabola,2979.1165,,0,0.008011797293305001,0.9919882027066936,0.0020527818208722834,0.9979472181791275,0.019669341139143717,0.9803306588608565,0.2629725621214546,0.7370274378785455,1.0,1.0,1.0,1.0
-28.594215391011183,-27.54979799604484,2.3527286,-1.3925764139626353,3.694121010811121,-0.78464276,-0.7355109,-0.45662904,-0.6552898,9.930705,OTHER,spp,3FGL J1209.1-5224,PowerLaw,1178.4216,,0,0.9958111332929989,0.004188866707000918,0.9932593771641237,0.006740622835876659,0.9991447733901384,0.0008552266098615794,0.9622330486269985,0.0377669513730012,0.0,0.0,0.0,0.0
-27.1455521026532,-25.767150209912998,2.4878008,0.13262291822459926,3.9834520143802186,-0.5104581,-0.72731334,-0.78809196,-0.61285406,-0.31910145,OTHER,spp,3FGL J1212.2-6251,PowerLaw,1541.7622,,16,0.15716299196083466,0.8428370080391657,0.603491538255992,0.39650846174400617,0.8739414696140714,0.12605853038592893,0.4743778388027712,0.5256221611972286,1.0,0.252,0.004,0.647
-27.446042139807012,-25.8353981604236,2.423083,1.4566545657116177,4.0607695084802335,-0.10347571,-0.6206147,-0.6607779,-0.7962457,-0.05242593,OTHER,spp,3FGL J1214.0-6236,LogParabola,2189.5098,,0,0.010335682696561738,0.9896643173034387,0.041109817165417895,0.9588901828345828,0.1463386786307893,0.8536613213692121,0.0819575395846404,0.9180424604153596,1.0,1.0,1.0,1.0
-32.268293506118816,-26.305989969493346,1.6418201,-0.3999867689696722,3.8468623832737743,0.9992894,-0.6587412,-0.5684889,0.13383783,-0.3575578,OTHER,PWN,3FGL J1303.0-6312e,PowerLaw,17494.146,HESS J1303-631,5,0.9028223095289459,0.09717769047105458,0.9881561785003556,0.011843821499644726,0.997956833388122,0.0020431666118782632,0.9134698805246128,0.08653011947538773,0.001,0.0,0.0,0.0
-26.529066911335487,-27.415730013225502,2.4269416,-0.5729568977242034,4.040933878500059,-0.67354715,-0.72050136,-0.58678263,-0.62376755,13.373529,OTHER,sbg,3FGL J1305.4-4926,PowerLaw,740.5398,NGC 4945,0,0.9995380480547307,0.00046195194526940886,0.9884772949509004,0.011522705049098903,0.9963527583205134,0.003647241679486232,0.9871798800921369,0.01282011990786503,0.0,0.0,0.0,0.0
-29.484473100075544,-26.270941431691753,2.1008358,0.6156693957892504,4.111929477671694,0.9996153,-0.5922082,-0.49671358,-0.68759304,0.14045842,OTHER,snr,3FGL J1305.7-6241,PowerLaw,4143.1157,Kes 17,0,0.8537133187537007,0.14628668124629868,0.8604556430165404,0.13954435698345924,0.8954968042438787,0.10450319575612092,0.7946855135640961,0.20531448643590386,0.002,0.014,0.001,0.0
-27.573217639212558,-27.35339825739599,2.0932982,1.8178488357924405,4.195556201505315,0.9998341,-0.2653788,-0.67746735,-0.96123135,14.98316,OTHER,glc,3FGL J1326.7-4727,LogParabola,1607.4164,Omega Cen,0,0.022932948722851506,0.9770670512771491,0.02879455155016947,0.9712054484498311,0.08176961666495938,0.9182303833350398,0.18049864633966906,0.8195013536603315,1.0,1.0,1.0,1.0
-27.453870767736937,-27.867411405030744,2.599977,-0.4394696660256435,3.664113353448932,-0.80197453,-0.6563586,-0.56761855,-0.9999898,80.834595,OTHER,css,3FGL J1330.5+3023,PowerLaw,652.1419,3C 286,0,0.998260290156384,0.0017397098436162976,0.8918476379922479,0.10815236200775215,0.9245446532033511,0.07545534679664725,0.8999556094713552,0.10004439052864582,0.0,0.0,0.0,0.0
-24.866323264104427,-26.194463536883514,2.4732194,1.2050863141638264,4.065545872429757,-0.39606974,-0.7278452,-0.75483584,-0.9648328,-0.18717425,OTHER,spp,3FGL J1345.1-6224,PowerLaw,626.965,,532,0.09886049922020815,0.901139500779791,0.03068487470873592,0.9693151252912628,0.15998977437637074,0.8400102256236291,0.1473983548668381,0.8526016451331613,0.999,1.0,1.0,1.0
-29.05956762528811,-26.210588720003198,2.1836739,1.0675991871438735,3.9403645861231498,-0.5512364,-0.49017867,-0.56195146,-0.7245458,0.04781959,OTHER,spp,3FGL J1441.5-5955c,PowerLaw,2982.2705,,36,0.24981508989931217,0.7501849101006879,0.08416283069826153,0.9158371693017382,0.2904744450683187,0.7095255549316818,0.5579249022839862,0.44207509771601267,0.971,1.0,1.0,0.206
-24.034243457443264,-25.990547314384084,2.5589745,1.1371085827956864,3.944372712237439,-0.6499847,-0.75838387,-0.7167439,-0.99793726,0.43215373,OTHER,spp,3FGL J1549.1-5347c,PowerLaw,509.99487,,609,0.02474342828701884,0.9752565717129809,0.032630631418481715,0.9673693685815177,0.15909994233253663,0.8409000576674641,0.15444557890979607,0.8455544210902037,1.0,1.0,1.0,1.0
-32.17080887971587,-26.580573725553844,1.7892175,0.9286777415911397,3.5994265016576206,0.9833738,-0.0014771638,0.012313326,-0.34393668,-1.6047833,OTHER,spp,3FGL J1551.1-5610,PowerLaw,11464.523,,16,0.8665525487561988,0.1334474512438018,0.9371604549468671,0.06283954505313254,0.9607238787210939,0.03927612127890592,0.9371079247857185,0.06289207521428189,0.0,0.001,0.0,0.0
-27.765331458874993,-26.30012027227931,2.0767007,0.3465798951731024,3.436434166784649,-0.46042842,-0.5939704,-0.5761289,-0.51685613,-1.7586524,OTHER,spp,3FGL J1552.9-5610,PowerLaw,2455.051,,64,0.3792489712949854,0.6207510287050133,0.2397929531339775,0.7602070468660218,0.7054626570502718,0.294537342949727,0.8091701911001504,0.1908298088998495,0.758,0.985,0.022,0.0
-28.878259537449775,-25.732765103005107,1.8643473,0.9731629176887983,4.248720937664962,0.9997405,0.019213004,-0.51783043,-0.476601,-0.65924525,OTHER,spp,3FGL J1615.3-5146e,PowerLaw,6018.2393,,516,0.8608969312020528,0.13910306879794715,0.9234244455416538,0.07657555445834678,0.9013143651265201,0.09868563487347949,0.7827463365812276,0.21725366341877192,0.002,0.0,0.005,0.0
-27.008888435073516,-25.49953339919858,2.1447906,0.09333392739859636,4.959303129195855,-0.54881907,-0.6893966,-0.6063951,-0.46509698,-0.13110612,OTHER,PWN,3FGL J1616.2-5054e,PowerLaw,2725.7573,HESS J1616-508,0,0.9184069255543378,0.08159307444566295,0.9755229102676458,0.02447708973235471,0.9967058830672921,0.0032941169327087468,0.8542767679709491,0.1457232320290518,0.0,0.0,0.0,0.0
-30.13093350715908,-27.21563413398176,2.140068,0.884611237156634,3.7785544770385635,0.9856203,-0.73566633,-0.16574556,-0.99998766,19.467222,OTHER,glc,3FGL J1616.8-2300,PowerLaw,2685.8433,M80,0,0.9741673113342268,0.025832688665772763,0.6501591136256298,0.3498408863743709,0.6838490539317053,0.31615094606829375,0.6590122303642046,0.3409877696357951,0.0,0.162,0.01,0.003
-27.17071478720707,-25.940419502868686,2.4569876,1.5115473207337806,3.8583560014370946,0.99921685,-0.5658203,-0.7210109,-0.94552445,-0.14605142,OTHER,spp,3FGL J1628.9-4852,LogParabola,1911.8887,,8,0.04660620234754848,0.9533937976524502,0.009475357795806544,0.9905246422041923,0.07590499696103375,0.9240950030389665,0.10155975547604948,0.8984402445239509,0.979,1.0,1.0,1.0
-26.688481575495082,-25.37939186042022,2.1106853,0.7198614915602998,4.480594715169618,0.121134266,-0.6064094,-0.60820985,-0.61012983,0.12089922,OTHER,PWN,3FGL J1633.0-4746e,PowerLaw,2956.6348,HESS J1632-478,512,0.8843736355342667,0.11562636446573361,0.8322239881445357,0.1677760118554626,0.91472931492689,0.08527068507311088,0.7919647415097649,0.2080352584902352,0.005,0.015,0.004,0.0
-28.41001540982677,-25.530942297872837,2.2146459,1.258512662792642,4.050807908155478,-0.71959764,-0.6720781,-0.7385524,-0.76067984,0.13210484,OTHER,spp,3FGL J1636.2-4709c,PowerLaw,3479.6523,,884,0.010788526577312193,0.989211473422688,0.04078418100867893,0.9592158189913197,0.08183666231822301,0.9181633376817772,0.22354066458089852,0.776459335419102,1.0,1.0,1.0,1.0
-26.316953475967875,-25.56691023633835,2.4718857,2.280157286401496,4.000603661319551,0.057235602,-0.5694228,-0.624856,-0.90504843,-0.15647167,OTHER,snr,3FGL J1636.2-4734,LogParabola,2186.559,SNR G337.0-00.1,64,0.05068499399229957,0.9493150060077017,0.0012647403388587077,0.9987352596611415,0.013227579263481832,0.9867724207365178,0.10034827771036695,0.8996517222896334,0.982,1.0,1.0,1.0
-26.601143448158055,-25.648406209927362,2.5215013,1.9025685714501044,4.35129296728603,0.18119545,-0.46823165,-0.66557807,-0.8176814,0.00535545,OTHER,spp,3FGL J1638.6-4654,LogParabola,1982.7982,,0,0.4055961407467028,0.5944038592532983,0.03591218191366377,0.9640878180863383,0.1333662382663363,0.8666337617336622,0.4056786533609114,0.5943213466390878,0.698,1.0,1.0,0.904
-31.353931819658726,-25.817040152527646,1.858322,-1.3867302256529899,3.634480394496728,0.89027447,-0.5696724,-0.5721027,-0.32406238,-0.020029241,OTHER,spp,3FGL J1640.4-4634c,PowerLaw,12843.685,,32,0.875991716600365,0.12400828339963368,0.9923299653420737,0.007670034657926141,0.9988791601159356,0.0011208398840636658,0.8898591534968394,0.11014084650316068,0.001,0.0,0.0,0.0
-27.152725441301442,-25.607861142270725,2.3755996,-0.24523793545402145,3.674611314637217,-0.6660917,-0.8483191,-0.4218384,-0.7027347,0.060354102,OTHER,spp,3FGL J1641.1-4619c,PowerLaw,1759.4744,,36,0.22957727196145478,0.7704227280385451,0.7520394868489729,0.24796051315102696,0.9638309427049692,0.0361690572950316,0.7325715447925234,0.26742845520747643,0.994,0.111,0.002,0.0
-26.346989368376136,-26.901401164086053,2.7149,0.9580432320604065,3.5979435243373312,-0.4304335,-0.89185864,-0.7875072,-0.9997931,-5.765146,OTHER,spp,3FGL J1645.9-5420,PowerLaw,608.825,,16,0.6479181640648948,0.3520818359351056,0.032961174067215694,0.9670388259327842,0.08185850987147626,0.9181414901285254,0.5924536137272827,0.40754638627271755,0.115,1.0,1.0,0.086
-26.695682165258464,-27.014281895467093,2.0659773,1.8073034843228157,3.848630393241266,-0.3149025,-0.5261133,-0.6799173,-0.7988968,7.3104925,OTHER,glc,3FGL J1701.2-3006,LogParabola,1266.4102,M62,0,0.006453809950030972,0.9935461900499678,0.009396776514345513,0.9906032234856539,0.026091458334413096,0.9739085416655869,0.09851850047558566,0.9014814995244144,1.0,1.0,1.0,1.0
-30.83652486970788,-25.853999731963988,1.6235359,0.672603958408558,3.682052116012859,0.26785427,-0.6803512,-0.2545265,-0.12497361,-0.4728954,OTHER,SNR,3FGL J1713.5-3945e,PowerLaw,14166.48,RX J1713.7-3946,4,0.6867529387811768,0.31324706121882295,0.9024401286894324,0.09755987131056694,0.9385002067356718,0.061499793264327585,0.8800961944377272,0.11990380556227373,0.087,0.009,0.0,0.0
-24.913156210461725,-25.66355699466622,2.243362,1.6637663661881867,4.2307689967464395,-0.46950474,-0.58272535,-0.6170255,-0.9073285,0.07697307,OTHER,snr,3FGL J1714.5-3832,LogParabola,1113.7568,CTB 37A,0,0.002760906665178367,0.997239093334822,0.011408814256306571,0.9885911857436943,0.10977757184458037,0.8902224281554201,0.12967233762057442,0.8703276623794266,1.0,1.0,1.0,1.0
-26.515334043588343,-26.804525427711237,2.4893813,1.081364378699352,3.98256333417733,-0.5835012,-0.75474054,-0.6198644,-0.9999936,5.722799,OTHER,glc,3FGL J1716.6-2812,PowerLaw,809.012,NGC 6316,0,0.6898488188277907,0.3101511811722092,0.23263831153494371,0.7673616884650563,0.21017948483687426,0.7898205151631256,0.4321005879341018,0.5678994120658984,0.134,0.967,1.0,0.814
-28.637773630689992,-26.032377723049766,2.1343594,0.17257328215982504,3.7277336324055517,-0.7198329,-0.6213248,-0.49319828,-0.58166254,0.16170193,OTHER,snr,3FGL J1718.0-3726,PowerLaw,3397.181,SNR G349.7+00.2,4,0.5604394032727374,0.4395605967272629,0.5060532658714172,0.49394673412858275,0.8760597112800714,0.1239402887199288,0.7772092890398943,0.22279071096010464,0.306,0.508,0.003,0.0
-27.945424185820123,-26.688404270980946,2.5115986,0.32101790546688047,3.7099334911471633,-0.60158753,-0.8065348,-0.39163014,-0.9999916,-5.1674995,OTHER,spp,3FGL J1722.9-4529,PowerLaw,1268.2042,,1,0.5684805594895521,0.43151944051044866,0.27068310550686064,0.7293168944931391,0.7450171724145138,0.25498282758548685,0.7418963190633292,0.25810368093667097,0.326,0.958,0.005,0.0
-26.394256366342447,-26.525731383901878,2.6000779,1.1913328402293308,4.020734391731758,-0.6484468,-0.96083444,-0.3753156,-0.11241324,3.9976633,OTHER,spp,3FGL J1725.1-2832,PowerLaw,772.94617,,513,0.858674477409008,0.141325522590992,0.947255447432192,0.05274455256780915,0.9593270276956334,0.040672972304366596,0.7711533779548313,0.2288466220451686,0.0,0.001,0.0,0.0
-28.644832450512794,-26.987224109786116,2.3268895,0.343811588287251,3.7301811004285783,-0.7968445,-0.4880588,-0.5124502,-0.89864373,-6.252981,OTHER,spp,3FGL J1728.0-4606,PowerLaw,1663.3168,,0,0.10191734602486484,0.8980826539751354,0.2584501959525176,0.7415498040474814,0.6593023547399632,0.3406976452600362,0.6166465044405582,0.3833534955594414,1.0,0.972,0.006,0.034
-25.146001574922575,-26.67440811526368,2.6920033,1.8094535138857082,3.9211026776215587,-0.20910525,-0.8365215,-0.8922596,-0.9998756,3.2665544,OTHER,spp,3FGL J1729.5-2824,LogParabola,650.7375,,2329,0.10949401804806731,0.890505981951934,0.005858956684145463,0.994141043315854,0.012796506991998387,0.9872034930080018,0.26333735356419263,0.7366626464358075,1.0,1.0,1.0,1.0
-26.13917258002368,-27.032518337137606,2.3757675,1.19961842140228,3.8493994789443895,-0.67797375,-0.523537,-0.6970055,-0.9731425,-6.7336917,OTHER,glc,3FGL J1736.2-4444,PowerLaw,826.98785,NGC 6388,512,0.015298305364164882,0.9847016946358347,0.019947277839125074,0.9800527221608739,0.10187952307252632,0.8981204769274738,0.1638393753410119,0.8361606246589883,1.0,1.0,1.0,1.0
-29.289295879297484,-26.11353284402655,2.142717,1.2347326720407192,4.038187162308492,-0.18911512,-0.7566326,-0.5557504,-0.7135542,-0.2434729,OTHER,spp,3FGL J1737.3-3214c,PowerLaw,3345.9114,,36,0.15303868151728092,0.8469613184827193,0.08605519596256295,0.9139448040374369,0.2429076568140621,0.7570923431859378,0.5868946449617028,0.4131053550382967,0.999,1.0,1.0,0.114
-26.69017405573721,-26.014933790899768,2.4812584,2.011863432527035,4.274405370631676,0.63054967,-0.45847696,-0.67463505,-0.95169014,-0.20572838,OTHER,snr,3FGL J1741.1-3053,LogParabola,1871.6743,MSH 17-39,4,0.08551340687759935,0.9144865931224013,0.006861287088873265,0.9931387129111265,0.06378216951874632,0.9362178304812531,0.1555042684076313,0.8444957315923689,0.956,1.0,1.0,1.0
-24.985228782242316,-25.498938688708847,2.720565,2.237542497892434,4.0889600789564025,-0.5900777,-0.60994786,-0.9141809,-0.6801188,-0.5787976,OTHER,spp,3FGL J1745.1-3011,LogParabola,1135.2062,,20,0.20308697935568196,0.7969130206443189,0.005861155277571577,0.9941388447224273,0.013897257564084236,0.9861027424359159,0.3297541714756798,0.6702458285243202,0.891,1.0,1.0,0.994
-26.43825447415334,-24.4004010452621,2.3217735,0.2686719217144097,4.223225948012447,-0.7390046,-0.68623245,-0.48663518,-0.6835484,-0.039297067,OTHER,spp,3FGL J1745.6-2859c,PowerLaw,2545.4705,,544,0.5113164752558053,0.4886835247441948,0.8413807100499734,0.15861928995002653,0.9380662466822354,0.061933753317765114,0.7565299168269839,0.24347008317301494,0.466,0.016,0.008,0.0
-26.392478942783246,-24.715495375954863,2.4289012,2.2350618771289112,4.044149564995911,0.92160136,-0.33983308,-0.6533861,-0.82222444,-0.10315697,OTHER,pwn,3FGL J1746.3-2851c,LogParabola,2933.66,PWN G0.13-0.11,48,0.008948481343091879,0.9910515186569078,0.0072815757512586935,0.992718424248741,0.0321940057148255,0.9678059942851746,0.08758407800306041,0.9124159219969392,1.0,1.0,1.0,1.0
-25.44785171776443,-26.141716550034623,2.0920227,2.2453754038204106,4.323004081882802,-0.23158383,-0.47418985,-0.6544078,-0.9094432,1.6885995,OTHER,glc,3FGL J1748.0-2447,LogParabola,1280.3826,Terzan 5,0,0.02003129657897185,0.9799687034210277,0.0020492208118609296,0.9979507791881407,0.022162558652403512,0.9778374413475964,0.29216719906232574,0.7078328009376745,1.0,1.0,1.0,0.999
-24.932196419985136,-26.517430272837593,2.63544,0.4952769916664302,3.8173020989896473,-0.6184555,-0.79674983,-0.6398424,-0.95089775,3.791172,OTHER,glc,3FGL J1748.9-2021,PowerLaw,598.3107,NGC 6440,0,0.31486975418827645,0.6851302458117239,0.6111419387474071,0.38885806125259276,0.6329586807658033,0.3670413192341971,0.6133622903223769,0.3866377096776243,0.95,0.221,0.032,0.037
-27.218134213030723,-26.913517358970356,2.3378122,0.9839172757682524,3.676056694671279,-0.5661407,-0.65703297,-0.6788159,-0.8916788,-5.0206733,OTHER,glc,3FGL J1750.2-3704,PowerLaw,1128.9801,NGC 6441,0,0.05760238608783178,0.942397613912168,0.029507851949213744,0.9704921480507857,0.12772196190218274,0.872278038097818,0.2904521628889111,0.7095478371110885,1.0,1.0,1.0,0.999
-24.66394677633159,-25.424299788765644,2.3350856,2.751204921918363,4.607184604658346,-0.2704188,-0.5957562,-0.6635474,-0.77652854,-0.2512975,OTHER,SNR,3FGL J1801.3-2326e,LogParabola,1813.1833,W28,0,0.1850799555029439,0.8149200444970557,0.004010364308059207,0.9959896356919401,0.021608008761513652,0.9783919912384873,0.49682138556262034,0.5031786144373797,0.911,1.0,1.0,0.504
-26.913533759867537,-25.475499815495418,2.1913302,1.7564075608576908,4.480947747283654,-0.29026026,-0.5328302,-0.5925072,-0.627686,-0.21079257,OTHER,SNR,3FGL J1805.6-2136e,LogParabola,3469.0142,W30,0,0.5664225035365262,0.4335774964634731,0.15655236103692954,0.843447638963069,0.30075898427267994,0.6992410157273214,0.677897236553819,0.3221027634461804,0.342,1.0,0.999,0.005
-29.584304518521254,-27.47026531757198,2.120233,1.0718372973946666,3.6162894004776023,0.2678552,-0.31657958,-0.5466611,-0.99998426,-11.11182,OTHER,glc,3FGL J1807.5-4343,PowerLaw,1920.0729,NGC 6541,0,0.43400637652698953,0.5659936234730106,0.04189876658580438,0.9581012334141963,0.11913582302869774,0.8808641769713013,0.2537782609791172,0.7462217390208825,0.679,1.0,1.0,1.0
-26.99936022251363,-25.703360670769392,2.609222,1.60282256571053,3.9640721443117686,-0.62606585,-0.3415982,-0.7477873,-0.78529674,0.038044583,OTHER,glc,3FGL J1808.5-1952,LogParabola,1877.3215,2MS-GC01,12,0.004204666859521519,0.9957953331404789,0.019106092101187612,0.9808939078988114,0.06409434308702217,0.9359056569129773,0.07882903245739757,0.9211709675426023,1.0,1.0,1.0,1.0
-30.841118245225662,-25.769375275491964,2.0963523,-1.8434083967854498,3.8264320724326706,0.97801495,-0.84339005,-0.5070752,-0.64164895,0.045541115,OTHER,spp,3FGL J1810.1-1910,PowerLaw,6945.693,,20,0.8854576651032942,0.11454233489670598,0.9945058760212185,0.005494123978779436,0.9996237746572395,0.00037622534276064555,0.8642446959911817,0.1357553040088179,0.0,0.0,0.0,0.0
-30.02103920672587,-25.73757601701016,2.2351284,0.8764435331520886,3.8552797060424178,-0.7211072,0.7342057,-0.5618486,-0.76376873,-0.32725322,OTHER,spp,3FGL J1811.3-1927c,PowerLaw,4510.5044,,288,0.39282105231235637,0.6071789476876437,0.3966793707444077,0.6033206292555925,0.4393968408722587,0.5606031591277412,0.6107249717520713,0.3892750282479283,0.808,0.706,0.663,0.059
-28.911651261427274,-25.931675527806,2.271087,1.2045692688997711,4.155879988110329,0.6783398,-0.7061181,-0.53298604,-0.76888496,-0.6930711,OTHER,spp,3FGL J1817.2-1739,PowerLaw,2911.374,,1,0.27299903617971605,0.7270009638202847,0.3487237135024454,0.6512762864975543,0.48753663444750706,0.5124633655524928,0.3666830646436458,0.6333169353563536,0.928,0.837,0.533,0.98
-25.41448444172002,-25.627108096466298,2.7067294,2.1244699554264654,4.653599087574674,-0.15093073,-0.6951703,-0.77296925,-0.8386245,0.009763544,OTHER,spp,3FGL J1818.7-1528,LogParabola,1195.2727,,64,0.7388214386495688,0.2611785613504308,0.04722036380777896,0.9527796361922218,0.10015872021340701,0.8998412797865938,0.5820982857687051,0.417901714231295,0.127,1.0,1.0,0.108
-30.691645860838,-25.166178220416775,1.6812232,1.4065775481585778,3.5713098399145142,-0.3891793,0.8021683,0.50494844,-0.14119558,-0.45345327,OTHER,PWN,3FGL J1824.5-1351e,LogParabola,27387.225,HESS J1825-137,0,0.22824534361171336,0.7717546563882856,0.9172538665057021,0.0827461334942974,0.9831730266403379,0.01682697335966237,0.8538496033229274,0.14615039667707277,0.987,0.006,0.003,0.0
-20.963851640130994,-25.759055525408016,2.379465,1.6739589394554089,4.253641844056706,-0.6164775,-0.71515054,-0.8068015,-0.79401475,-1.2937952,OTHER,HMB,3FGL J1826.2-1450,LogParabola,280.32834,LS 5039,0,0.0032561473413876946,0.9967438526586125,0.03282145274027728,0.9671785472597216,0.16931776318639571,0.8306822368136046,0.3090716918115178,0.6909283081884822,1.0,1.0,1.0,0.998
-24.338476599314355,-25.840347960577144,2.2390633,1.385377340557674,4.578165916913683,-0.18518706,-0.7283336,-0.8981539,-0.9999291,-0.13901766,OTHER,spp,3FGL J1828.4-1121,LogParabola,638.5214,,269,0.5050153084401942,0.4949846915598058,0.048141119707360326,0.9518588802926399,0.1412390228609167,0.8587609771390833,0.6406860517648707,0.35931394823512913,0.482,1.0,1.0,0.021
-29.070726969014277,-26.078463027834722,2.245306,1.2093777830072556,3.849969187825251,-0.3019096,-0.40068495,-0.7332978,-0.69110656,-1.2179761,OTHER,spp,3FGL J1829.7-1304,PowerLaw,2963.7612,,1,0.04793800656254823,0.9520619934374517,0.04729503269250019,0.9527049673075003,0.11745657968977259,0.8825434203102269,0.40411345333106324,0.5958865466689367,1.0,1.0,1.0,0.927
-29.991493134713856,-25.650429713089675,2.106443,0.22677645162715765,4.407615299546893,-0.25163302,-0.64236116,-0.70386136,-0.42125773,0.5918961,OTHER,spp,3FGL J1833.9-0711,PowerLaw,5840.978,,276,0.8488546411070611,0.15114535889293867,0.9184384466519647,0.08156155334803611,0.9543014818294865,0.04569851817051454,0.8125202628586112,0.1874797371413889,0.003,0.004,0.0,0.0
-27.34842099045049,-25.846293587864416,2.1708548,-0.42985620912346545,4.04472492014354,-0.25492585,-0.5535126,-0.5177915,-0.6901016,-0.22607367,OTHER,snr,3FGL J1834.5-0841,PowerLaw,2205.238,W 41,4,0.5759330506286263,0.4240669493713743,0.9519493669319309,0.04805063306807028,0.989875922151022,0.01012407784897964,0.8104328523380661,0.18956714766193364,0.255,0.0,0.0,0.0
-30.355894813686316,-25.532026820610657,2.0483415,0.018748687390497648,3.7859495208707665,-0.84944916,0.3016721,-0.45841366,-0.5014257,0.5228004,OTHER,spp,3FGL J1834.6-0659,PowerLaw,7926.3135,,0,0.8538432068770235,0.14615679312297825,0.9071337491012634,0.09286625089873637,0.9472902950234741,0.05270970497652734,0.8696339054337318,0.13036609456626916,0.0,0.006,0.002,0.0
-27.472501401305117,-27.65895696948022,2.0956552,1.5191602998398923,3.618114517077455,-0.2787988,-0.46226394,-0.8003461,-0.9999222,-11.371728,OTHER,glc,3FGL J1835.7-3258,LogParabola,1174.339,NGC 6652,0,0.0017229883567821055,0.998277011643218,0.002689086272562494,0.9973109137274372,0.010007656725073298,0.9899923432749268,0.055271462124882875,0.9447285378751181,1.0,1.0,1.0,1.0
-29.514097342544883,-25.29490364050319,1.9663213,-1.319011410568972,4.106123054450243,0.9925079,-0.5999014,-0.63155895,-0.26356578,0.13587537,OTHER,PWN,3FGL J1836.5-0655e,PowerLaw,8162.2485,HESS J1837-069,0,0.9220324909251945,0.07796750907480487,0.99520994270028,0.004790057299720759,0.9996576289324547,0.0003423710675458641,0.8565049929041827,0.14349500709581714,0.0,0.0,0.0,0.0
-26.77741406579591,-25.80460989574668,2.4159951,1.3425698601964062,3.40578590088954,-0.575128,-0.7660966,-0.71474457,-0.84799916,0.5824529,OTHER,spp,3FGL J1840.1-0412,PowerLaw,1427.1682,,0,0.0008624162393033116,0.999137583760697,0.0035962586242457794,0.9964037413757548,0.0185723265211662,0.9814276734788335,0.13945844558719522,0.8605415544128033,1.0,1.0,1.0,1.0
-29.45356632221771,-25.27471365053454,1.8055826,1.187254042528423E-4,4.462646544837071,0.35122478,-0.11433588,-0.45122457,-0.4970445,-0.19858986,OTHER,PWN,3FGL J1840.9-0532e,PowerLaw,9704.781,HESS J1841-055,0,0.9235483358866909,0.07645166411330882,0.9795819657333857,0.020418034266616283,0.9934635874417156,0.0065364125582851,0.9055957141405198,0.0944042858594811,0.001,0.0,0.0,0.0
-28.18838307584063,-25.74523393815127,2.358511,1.5458851316945252,3.8091564780246534,0.9698803,-0.23057775,-0.6158692,-0.5839778,0.014322019,OTHER,snr,3FGL J1849.4-0057,LogParabola,3460.7288,3C 391,0,0.05705962270848363,0.9429403772915153,0.14197973537281738,0.8580202646271835,0.2817319940549593,0.7182680059450401,0.42471804034076904,0.5752819596592307,1.0,0.995,0.999,0.863
-32.196066371020855,-27.534573785735336,1.8210037,1.0523636171098507,3.7728830886406466,-0.56155944,0.79688877,-0.10615743,-0.64519864,-10.924384,OTHER,glc,3FGL J1855.1-2243,PowerLaw,5914.816,NGC 6717,0,0.9296527546780505,0.0703472453219492,0.7823740273112282,0.21762597268877226,0.8018166555299107,0.19818334447008915,0.9452159034347584,0.05478409656524107,0.0,0.048,0.0,0.0
-24.47682481173651,-25.071088502131538,2.4438531,3.0840016295808894,4.709458578665497,-0.13288867,-0.5677082,-0.6948142,-0.8581923,-0.38825282,OTHER,SNR,3FGL J1855.9+0121e,LogParabola,1894.7809,W44,0,0.1773077695842955,0.8226922304157037,0.003041999649667428,0.9969580003503336,0.008034051555918824,0.9919659484440816,0.34981618318954083,0.650183816810459,0.94,1.0,1.0,0.99
-28.63603091966918,-27.77532234092837,2.200556,1.256259218411513,3.846133881882407,-0.6479319,-0.4018366,-0.74689347,-0.9073162,-25.620527,OTHER,glc,3FGL J1910.7-6000,PowerLaw,1271.7874,NGC 6752,4,0.015590683861232954,0.9844093161387675,0.07166295227377857,0.9283370477262223,0.0622245489820325,0.9377754510179668,0.15736856738808408,0.8426314326119166,1.0,1.0,1.0,1.0
-26.469045950812472,-25.587114628787557,2.259825,1.6689832453986673,3.9537632305893324,-0.49042633,-0.63633823,-0.5104247,-0.70949924,-0.15540415,OTHER,snr,3FGL J1910.9+0906,LogParabola,2569.6782,W 49B,0,0.016032949810169585,0.9839670501898305,0.018516296825504517,0.9814837031744956,0.12756974826008294,0.8724302517399176,0.38665291475281216,0.613347085247188,1.0,1.0,1.0,0.948
-25.72091802283524,-26.23207887329379,2.6501248,1.8008399321167186,3.8162199597395823,-0.55247736,-0.71143085,-0.7576694,-0.9998283,-0.268437,OTHER,spp,3FGL J1915.9+1112,LogParabola,1043.5619,,12,0.011553445780095664,0.9884465542199036,0.001301776992352193,0.998698223007649,0.012630508172438455,0.9873694918275608,0.14602397633416214,0.8539760236658372,1.0,1.0,1.0,1.0
-24.40442338320316,-25.569633953741075,2.1245205,1.9619809971022357,4.23616332926743,-0.3781227,-0.5878136,-0.5879697,-0.64633226,-0.46182865,OTHER,SNR,3FGL J1923.2+1408e,LogParabola,1362.4939,W51C,0,0.06073271821621794,0.9392672817837815,0.017186952567685113,0.9828130474323152,0.14482129209315978,0.8551787079068407,0.5752458506507135,0.42475414934928657,1.0,1.0,1.0,0.144
-27.942624970565443,-26.912383809581858,2.5137475,1.3854726119668708,3.9160993872209935,-0.49143437,-0.4776727,-0.76395357,-0.9720731,1.3174822,OTHER,spp,3FGL J1951.6+2926,LogParabola,1738.2528,,1,0.07970889519597665,0.9202911048040227,0.007202966881765698,0.9927970331182348,0.0460115660748181,0.9539884339251817,0.13503867431109604,0.8649613256889037,1.0,1.0,1.0,1.0
-28.43203203246842,-26.410689322540687,2.3986793,1.3479483949635809,3.433809682251405,-0.5011937,-0.61495036,-0.8513528,-0.78597254,0.7972686,OTHER,spp,3FGL J2014.4+3606,PowerLaw,1692.8959,,16,0.0014785886071028336,0.9985214113928973,0.004034717722178583,0.9959652822778213,0.012058895727011746,0.9879411042729885,0.12002162671782023,0.8799783732821798,1.0,1.0,1.0,1.0
-24.209680287385034,-26.277906634369113,2.562829,2.3534839223453146,3.674602221233156,-0.46584436,-0.76679826,-0.8494037,-0.9999422,0.9626168,OTHER,spp,3FGL J2022.2+3840,LogParabola,643.3309,,2564,0.08128162760950239,0.9187183723904977,0.0002602118743236809,0.9997397881256765,0.001304504205782432,0.9986954957942157,0.17776145697622844,0.8222385430237716,0.963,1.0,1.0,1.0
-23.57830935810402,-26.26243830479309,1.9965986,2.454565199400188,4.069920623989846,-0.24734509,-0.65545636,-0.77425444,-0.8988203,4.6703305,OTHER,SNR,3FGL J2045.2+5026e,LogParabola,598.8035,HB21,0,0.0012825562363978596,0.998717443763604,0.0024167688861529285,0.997583231113847,0.004093651527612497,0.9959063484723855,0.055403860227767575,0.9445961397722319,1.0,1.0,1.0,1.0
-23.538952355931727,-26.542030427501622,1.8640456,2.211031694990905,3.9936007422740283,-0.26554483,-0.6069472,-0.6664709,-0.8682126,-8.562567,OTHER,SNR,3FGL J2051.0+3040e,LogParabola,497.43094,Cygnus Loop,0,0.0009153412886273809,0.9990846587113722,0.0015952848311598215,0.99840471516884,0.01348093015917485,0.9865190698408236,0.03461760678580946,0.9653823932141908,1.0,1.0,1.0,1.0
-26.374770939413057,-27.11170775177949,2.5461597,1.6056680935723369,5.6574088067413975,0.078134574,-0.6151808,-0.95741457,-0.80430865,-0.501168,OTHER,NOV,3FGL J2102.3+4547,LogParabola,938.1276,V407 Cyg,4,0.9986162970825607,0.0013837029174396853,0.7207532108768521,0.279246789123147,0.8180614386323805,0.181938561367618,0.8107535687767076,0.1892464312232929,0.0,0.071,0.0,0.0
-32.852585182355604,-26.945517319178826,1.946949,-1.1753534080812003,3.578040358245815,0.8053086,-0.9257947,-0.2925134,-0.15559933,2.75267,OTHER,spp,3FGL J2225.8+6045,PowerLaw,10194.455,,256,0.9979197546757024,0.002080245324298956,0.9926443670196885,0.007355632980311304,0.9997286888095666,0.00027131119043313843,0.9845767168710676,0.015423283128933575,0.0,0.0,0.0,0.0
-32.946086419667765,-27.227434456677482,1.513586,1.1689221221357544,3.760203894930183,-0.357844,0.9998144,-0.37613666,-0.3596653,-0.98451567,OTHER,snr,3FGL J2301.2+5853,PowerLaw,12251.831,CTB 109,0,0.9269856860668874,0.07301431393311343,0.570361198001494,0.4296388019985061,0.5973954531847303,0.40260454681526964,0.9402473422679989,0.05975265773200172,0.0,0.391,0.096,0.0
-27.954134593881314,-26.598846238100215,1.6944776,1.9132360728889002,3.690681989641995,0.9999265,-0.21588834,-0.3813773,-0.54975295,-2.1290045,OTHER,snr,3FGL J2323.4+5849,LogParabola,2998.5,Cas A,0,0.16956458947975184,0.8304354105202486,0.010595824928898516,0.9894041750711022,0.16416795132604645,0.8358320486739537,0.7037367976542175,0.2962632023457827,1.0,1.0,1.0,0.0
