0,1,2,3,4,5,6,7,8,9,10,11,12,13
1.2064193E-12,2.2470864E-12,2.4333627,0.8235445422359445,3.867632923682284,-0.4257508117371484,-0.06099802049235512,-0.848115060638613,-0.932233611675554,0.8997268,PSR,3FGL J1151.8-6108,0.892238779544012,0.10776122045598736
1.2447304E-12,1.2491999E-12,2.368808,0.3841058138343895,4.006981414277414,-0.6427328754831881,-0.5944759155051361,-0.5776117467212585,-0.9639237828129406,16.150196,PSR,3FGL J1417.5-4402,0.9633023983826866,0.0366976016173149
3.0450455E-13,6.4330046E-13,2.2550774,-0.6673139504284745,4.029878927317152,-0.4697215492388143,-0.5614494061739052,-0.6277301043622496,-0.8019788167563282,47.169643,PSR,3FGL J1553.1+5437,0.9965239748163308,0.003476025183669576
7.8162355E-12,2.0336961E-12,2.6649535,-0.8153665672857328,3.6816623987078168,-0.8025486513209279,-0.8570475265347762,-0.3052890425976636,-0.7955605752366117,7.3175187,PSR,3FGL J1719.2-2433,0.9977077523732057,0.002292247626794921
4.303313E-12,1.7174584E-12,2.086256,1.9800005543256032,3.871690682665771,-0.14028305539984506,-0.5300255879083027,-0.7440944936430428,-0.9999771816775467,-0.03711618,PSR,3FGL J0002.6+6218,0.32396013002635377,0.6760398699736456
8.257421E-12,1.943822E-12,2.0204341,1.8251888616763319,3.515441808264368,-0.3449328463347164,-0.5753830884198017,-0.6885031981532694,-0.999988362289768,0.87194085,PSR,3FGL J0359.5+5413,0.3232929585000294,0.6767070414999687
4.665858E-12,8.150811E-13,2.2817585,1.4368438339407559,4.0732542161718985,-0.3811267602277588,-0.7169768315834403,-0.99998705434372,0.99282432214382,-35.392704,PSR,3FGL J0514.6-4406,0.9164618256512883,0.08353817434871141
6.974282E-12,2.563743E-12,2.5418246,2.220550836837008,3.575437566399782,-0.19831457857425827,-0.6811810706968752,-0.8717867594209209,-0.9999547563714714,0.74054885,PSR,3FGL J1056.7-5853,0.20055091123424099,0.7994490887657583
1.6918939E-12,4.623608E-12,2.5581317,2.150100474515493,3.7633902736851685,0.9999199388834346,-0.4402749143276816,-0.689123385274944,-0.9841617898796063,-0.3890897,PSR,3FGL J1104.9-6036,0.2646836210883113,0.7353163789116892
1.4728264E-12,4.9140206E-12,2.3879848,1.7572167292764778,4.1657371964182675,0.8108492463021626,-0.35549866525889007,-0.6584084037068938,-0.9266376299454638,-0.19969934,PSR,3FGL J1208.4-6239,0.5624129516158869,0.43758704838411216
9.695783E-13,3.2484206E-12,2.1646054,1.8208090317967216,4.064596407721215,0.9992772719244135,-0.2672135225086611,-0.5666631178297894,-0.9999935569892606,-0.31989783,PSR,3FGL J1350.4-6224,0.4634884382282896,0.5365115617717102
9.511693E-13,1.2924469E-12,2.284116,1.8431790939689239,4.230030746198678,-0.35696757752887126,-0.040861278436219964,-0.7030139599081877,-0.9999732615184538,-1.7236029,PSR,3FGL J1528.3-5836,0.5252495810305351,0.4747504189694651
1.5989135E-12,5.4432565E-12,2.1264415,2.0157864968288015,3.995425993338665,0.9998459635579632,-0.3031181038421276,-0.535430206115531,-0.7500811057255069,-0.28015098,PSR,3FGL J1622.9-5004,0.38810844714005993,0.6118915528599401
3.762739E-12,2.3931133E-12,2.0572636,1.9904773956408415,3.9278058583637927,0.022930354563999344,-0.5115191438465421,-0.6587548394868892,-0.9592020022608071,6.142062,PSR,3FGL J1624.2-4041,0.33882837039510816,0.6611716296048925
1.2440511E-12,6.438624E-12,2.4938385,1.937004367185144,4.00835375518284,0.25702724924614895,-0.5269743032385414,-0.6855408788155662,-0.8783023622113785,-0.9521964,PSR,3FGL J1650.3-4600,0.45360118204170774,0.5463988179582914
9.857436E-13,2.8437322E-12,2.4792907,1.3827083892011565,3.688897453951938,0.7330155760084319,-0.2434268124148264,-0.488805341759877,-0.928155068987998,-1.4837972,PSR,3FGL J1827.3-1446,0.6808866694681917,0.3191133305318077
8.0176355E-13,4.7395013E-12,2.2825232,1.7458009895531237,3.801825923528608,0.9989563279440085,0.1946337841769077,-0.5429667496756878,-0.8892539053494454,-0.14492497,PSR,3FGL J1844.3-0344,0.48852222883986995,0.5114777711601302
3.5945912E-12,9.232615E-13,1.8963063,1.9256608954650285,3.6809872675779696,0.15306817471553333,-0.526869561123767,-0.7731796697724636,-0.9059312038438698,-29.562988,PSR,3FGL J1946.4-5403,0.3039671828089812,0.6960328171910175
5.0041677E-12,4.2144825E-12,2.614499,2.5318159191992655,3.6853580111050794,0.5610597299669302,-0.498365909186253,-0.7704698360459722,-0.9814898107795468,0.41072208,PSR,3FGL J2017.9+3627,0.1268935896431459,0.8731064103568539
4.948235E-13,5.6200503E-13,1.8367444,1.677781559887395,4.078730342288933,0.9885686428872265,-0.04988038683709089,-0.6846197132466173,-0.999935775431332,-57.93874,PSR,3FGL J2310.1-0557,0.5108827885363404,0.4891172114636598
1.005343E-12,2.0731739E-12,2.410956,1.2227793474596678,3.707542142711125,-0.44527157427518593,-0.6975439794146356,-0.910687938432753,-0.3411646902546724,3.4029577,AGN,3FGL J0000.1+6545,0.8133417213287758,0.18665827867122278
1.9419782E-14,6.7043945E-13,1.8667319,0.40310004688774054,3.803219190636362,0.15227417333511517,0.038811723602553985,-0.3213200255739348,-0.6481892737318573,-74.946754,AGN,3FGL J0000.2-3738,0.9609777789760954,0.03902222102390389
4.8296846E-14,7.6071994E-13,1.9460614,0.3138621879170869,3.8313551023606913,0.09151793144612758,-0.5227559458577041,-0.4222493439699922,-0.49795186771472183,-49.061836,AGN,3FGL J0002.0-6722,0.9706678910322922,0.029332108967709363
3.5369545E-14,7.950982E-13,2.0504425,-0.23529942296034895,3.8140060375761227,-0.7551261770419344,-0.4776703196090242,5.80084168077114E-4,-0.8706377580490783,-52.363342,AGN,3FGL J0004.2+0843,0.9912229075316502,0.008777092468352402
9.7641947E-14,7.660343E-13,2.1869004,-1.7786281042231946,3.8191673986930605,-0.6114317251042083,-0.5631399832009076,-0.6454714127750065,-0.3951725265506454,-59.296867,AGN,3FGL J0006.2+0135,0.9997725774626677,0.0002274225373317439
1.5143469E-13,8.350763E-13,2.2756045,-0.020848936486780684,3.793004914905388,-0.23640781773404712,-0.7857580082559009,-0.4598722314558544,-0.5895593077013017,-22.007206,AGN,3FGL J0007.9+4006,0.9863693473735381,0.01363065262646218
3.8262763E-13,8.3414796E-13,2.2695491,0.4497952458916993,3.5392097654663734,-0.49492585804791145,-0.5450800398095748,-0.6665679906146269,-0.6761528719520202,-46.658096,AGN,3FGL J0008.3+1456,0.9463415326271508,0.05365846737284805
7.25317E-13,1.1998666E-12,2.504053,0.061235917290220446,3.9960422270490206,-0.5965988060456026,-0.8271707467049291,-0.512704790395914,-0.7306166513081951,-66.09583,AGN,3FGL J0014.3-0455,0.9874390944836247,0.012560905516374551
6.511207E-15,9.067579E-13,1.6399021,0.43271269786526106,3.9966331434162568,-0.9988298584244456,0.9996047432273832,-0.20042441311169254,-0.47608342748093824,-58.60079,AGN,3FGL J0020.9+0323,0.9715469623515017,0.028453037648498398
2.881012E-12,9.060715E-13,2.784271,-1.6638638980526095,3.641846414047368,-0.8458418114467575,-0.5667570782584171,-0.7428607909288512,-0.9999917679566133,-15.7352295,AGN,3FGL J0022.7+4651,0.99954728346903,0.0004527165309698158
1.6956164E-13,6.7528025E-13,2.1874866,-0.39339708056426326,3.942383311622283,-0.4091772424736397,-0.4580052167558509,-0.6541771928705498,-0.5462664480616305,-68.35451,AGN,3FGL J0026.2-4812,0.9948415872613919,0.0051584127386094395
1.0765263E-13,6.6267933E-13,2.1391132,0.5911794584191239,3.5117344358953235,0.9718754356961963,-0.44261855764458496,-0.5809619294915024,-0.9991398106993409,-84.071144,AGN,3FGL J0031.2-2320,0.8957099833428911,0.10429001665710999
1.4865265E-12,8.662159E-13,2.2745852,0.31779642423059534,6.235901809578529,-0.3680129111065578,-0.6797331303190822,-0.6563712039536023,-0.6243560767805013,-61.548527,AGN,3FGL J0032.3-5522,0.9972499067706334,0.0027500932293667113
8.564892E-15,8.267461E-13,1.7653672,-0.4755638587112215,3.572518094896527,0.6103714599423058,-0.7441126672416805,-0.21849052193571153,-0.2857654268078691,-20.456451,AGN,3FGL J0049.0+4224,0.9939171936357544,0.0060828063642451155
1.1811285E-13,9.221453E-13,2.0650234,-0.7310816812392441,3.7314903755498383,-0.3020753274453917,-0.6902051409815396,-0.5073783832090867,-0.29987821906091255,-53.052097,AGN,3FGL J0102.1+0943,0.9974643177008177,0.0025356822991830607
1.1716854E-13,7.097104E-13,2.1721509,-3.0862578836884484,3.678476783470549,-0.7343473323047949,-0.698580464613628,-0.5521213409043308,-0.4059362319461393,-41.94519,AGN,3FGL J0112.9-7506,0.9999863085434028,1.369145659723295e-05
4.7336796E-12,1.5569474E-12,2.759096,0.6454817186757151,3.9244713028722398,-0.6992343801289643,-0.8965807583064365,-0.7670797546737129,-0.9997503281674898,6.46833,AGN,3FGL J0116.8+6913,0.9368886311710403,0.06311136882895944
6.735766E-13,8.6986917E-13,2.5585058,0.34558154913681804,3.789087732261582,-0.7249082688828892,-0.9349736098443433,-0.028509537719664458,-0.2902053765254937,-57.513157,AGN,3FGL J0158.6+0102,0.9840160024543049,0.01598399754569497
2.405579E-14,7.4890224E-13,1.8781707,-0.6872598648626577,3.846288548110567,-0.9888026564481267,0.8269761349571996,-0.47471885160480776,-0.6231220575817921,-70.08185,AGN,3FGL J0200.3-4108,0.9969681905770554,0.0030318094229430906
2.1713749E-14,7.6900075E-13,2.0137677,-0.839875302520031,3.6270176141336483,-0.8230451519042479,-0.5049686021907196,-0.3758665293178283,-0.6005503627197641,-53.597607,AGN,3FGL J0216.0+0300,0.9973997947907745,0.002600205209225722
1.5799012E-13,7.8196705E-13,2.24003,0.1510124177730103,3.9011666276383896,-0.5944720849349635,-0.2955960075724205,-0.8909999889551924,-0.3864808989040241,-51.753777,AGN,3FGL J0216.4+0507,0.9830065953918556,0.01699340460814409
2.949507E-14,8.7704827E-13,1.9356745,-0.18511253595540253,3.638525455292259,-0.9621526475639446,0.5226030796009119,-0.364473908158513,-0.6485734538972411,-33.273746,AGN,3FGL J0221.2+2518,0.988483288376754,0.01151671162324582
8.9399847E-13,8.8548656E-13,2.4037545,0.39726672636221605,3.8699100947006593,-0.6295379286915609,-0.728883334991375,-0.6442546212716316,-0.6857798507879597,-20.032154,AGN,3FGL J0223.6+3927,0.9664177704818514,0.03358222951814761
6.7246734E-13,7.7750724E-13,2.4003537,-0.21116971220478373,3.7207829568519437,-0.5728396901259544,-0.8119210564867583,-0.33077708144904766,-0.7621781041342908,-67.122475,AGN,3FGL J0224.1-1846,0.9909984227501779,0.009001577249821539
1.350382E-13,9.67913E-13,2.261836,-1.0051141314036514,3.9618117565579025,-0.6559865188647604,-0.6811092103261182,-0.5994235176491967,-0.4252539113965246,-41.091526,AGN,3FGL J0224.4+1615,0.9988860310935487,0.0011139689064502039
5.679273E-12,8.1461167E-13,2.771561,0.10939130111626182,3.7231011545365384,-0.7704688523534737,-0.6280482147359217,-0.8412599188095348,-0.6271608779045807,19.998413,AGN,3FGL J0228.5+8213,0.9819085469286104,0.0180914530713894
3.694536E-12,9.247044E-13,2.665958,0.8489591083218612,4.006103957314026,-0.7215114827482543,-0.6999667847241238,-0.9194171280701683,-0.8134135739200044,-48.17772,AGN,3FGL J0232.6+0646,0.9197122202606479,0.08028777973935125
1.2959371E-14,8.009879E-13,1.8133874,-0.19301100592775539,3.562483287965839,-0.10529706249234715,-0.7013063211036313,0.031216300762567747,-0.23066909142580183,-58.034374,AGN,3FGL J0234.2-0629,0.9913291298065497,0.008670870193450282
4.74957E-14,1.000112E-12,1.9952142,-0.9615283724844393,3.932947650086181,-0.9781881122632585,0.5561850385029156,-0.5433693973325063,-0.5966145737305769,-41.696938,AGN,3FGL J0239.4+1326,0.9985054613614959,0.0014945386385049988
1.3109594E-13,1.3765587E-12,2.0670924,-0.2641414727670336,3.4976885002473406,0.17876947537240653,-0.8210260073284452,-0.11092553010067185,-0.5336930001024264,-7.2564096,AGN,3FGL J0248.4+5130,0.9897113225390828,0.01028867746091735
3.6343864E-13,1.3977134E-12,2.0957446,0.4017659412859103,3.9792314591215523,-0.6200764329704547,-0.4083816186435157,-0.6809797809219945,-0.3874332086890424,-7.8150034,AGN,3FGL J0307.3+4916,0.9713715287614808,0.02862847123851899
5.7072657E-13,7.197188E-13,2.5369458,0.26585209797538195,3.262073427395963,-0.7269831554272049,-0.6922396871474557,-0.41801620224804803,-0.9999154605817256,-59.818363,AGN,3FGL J0308.4-2852,0.9535177762679192,0.046482223732080545
8.201651E-15,9.264413E-13,1.6247706,0.8343165233866486,3.578460331920012,0.9475798104087889,-0.4326039419144951,0.35753905062389507,-0.35570969583009127,-57.68242,AGN,3FGL J0312.7-2222,0.909101715031778,0.09089828496822157
4.659785E-13,7.887829E-13,2.1997874,0.6638696972445209,3.897573248723105,0.38147992872823716,-0.5883437536857863,-0.6834970782602984,-0.799123868971469,-56.697277,AGN,3FGL J0322.5-3721,0.9263718889721964,0.07362811102780367
1.4957402E-12,8.238407E-13,2.6469278,-3.181135052441008,3.6905785099008357,-0.5860673289982686,-0.9408874043037326,0.0034095691978203897,-0.9999531391918498,-51.675007,AGN,3FGL J0324.5-1315,0.9999889885779393,1.101142206130828e-05
3.854508E-13,1.0590783E-12,2.2363307,0.8758898153547805,4.1216347737390135,-0.24783930165526435,-0.6512177070449989,-0.4274547845989954,-0.9999925061218958,-40.14347,AGN,3FGL J0330.6+0437,0.9063616834268433,0.0936383165731554
5.3434782E-14,9.047499E-13,2.071027,-1.0506444625259295,3.646266951340054,-0.45014949261596104,-0.7029995788863624,-0.18033181034032378,-0.7781829409411907,-40.93062,AGN,3FGL J0333.6+0233,0.9982631917699936,0.0017368082300055047
3.6534977E-14,7.3463853E-13,2.0884702,0.12538579463586885,3.366244518931928,-0.6702143769305563,-0.40921582903462106,-0.6484648103267072,-0.5606198978321724,-52.02948,AGN,3FGL J0340.4-2423,0.9696174655911393,0.030382534408861232
7.432405E-15,1.1324825E-12,1.8813975,-0.296966856297168,3.671178716299576,0.9997723984524943,-0.8709640900213205,-0.3630680049829421,-0.010361715318134509,4.8845844,AGN,3FGL J0348.4+6039,0.9929717893973902,0.007028210602610628
2.8078151E-14,6.7312047E-13,2.0426261,-0.6883369682036273,3.64908445809181,0.8518923914665584,-0.45012160167998844,-0.7242736955972671,-0.22998269799277604,-50.453266,AGN,3FGL J0351.0-2816,0.9965360480342729,0.0034639519657268516
4.159954E-14,6.9581445E-13,2.166003,-0.4524117575954811,3.992703380517825,-0.9116381172904889,0.04689159854660702,-0.6257591788406216,-0.76681166829007,17.812963,AGN,3FGL J0359.7+7649,0.9946529919389596,0.00534700806103782
5.2967613E-12,1.0645095E-12,2.772858,0.02318298587226278,3.920145925007697,-0.7603800516619013,-0.7944357780569281,-0.6722197772678217,-0.999799446509744,-19.517502,AGN,3FGL J0402.7+2616,0.9850244140721204,0.014975585927879878
4.3963127E-13,1.1277911E-12,2.398651,-0.01677440698699582,4.084009909860215,-0.7199010800212926,-0.5018339268089791,-0.878125484357229,-0.2175048211115445,-33.34685,AGN,3FGL J0412.0+0229,0.9920475134619443,0.007952486538055257
4.872544E-13,8.3683315E-13,2.4036627,-0.702608497999665,3.981569888755527,-0.6771169478495545,-0.6792278126771268,-0.5619579084149878,-0.9999683912855907,-38.605083,AGN,3FGL J0414.9-0840,0.9968306353042625,0.003169364695736225
1.9190112E-12,7.1133274E-13,2.4831734,0.42928813947031547,3.6663037804763103,-0.5123437508784879,-0.7360290314980212,-0.9118738359285551,-0.07509973173809711,-45.978413,AGN,3FGL J0415.7-4351,0.9718726212807582,0.028127378719241963
1.7756882E-14,7.655505E-13,1.8452863,-2.805610434880471,3.700267513316448,-0.8832749040379735,-0.16006380523503705,-0.47349210490536947,-0.31903834158775124,-41.781445,AGN,3FGL J0420.4-6013,0.9999740342196612,2.596578033921811e-05
5.768468E-13,9.939464E-13,2.3351693,0.29861036553801684,3.987075003277932,-0.6564024803757665,-0.6014162465192239,-0.7352053784906335,-0.5661491520362788,-45.18857,AGN,3FGL J0420.6-3742,0.9772658657433713,0.022734134256627958
6.2355524E-13,1.3033033E-12,2.3310003,0.6241063257789569,3.85175800643967,-0.40466351981257004,-0.7028753706459063,-0.5925599620082892,-0.8933933252966542,-20.749165,AGN,3FGL J0421.6+1950,0.9324038278746323,0.06759617212536753
3.4186273E-14,6.629459E-13,1.9710824,0.7459867538418614,3.787122737252871,0.9996557008218733,-0.6423234760233476,-0.21271544962462904,-0.9218972291928482,-42.53188,AGN,3FGL J0430.1-3103,0.8950565457703022,0.10494345422969771
1.0337713E-12,8.234271E-13,2.501354,-0.5871267426986833,3.655724864771727,-0.6636749520269694,-0.6978750949264131,-0.7259891484128789,-0.7512389777437518,-37.6949,AGN,3FGL J0447.1-2540,0.9952902782768711,0.004709721723128988
1.2715837E-12,8.160411E-13,2.6509671,0.6875164577521543,3.7312047181581613,-0.8193352929315064,-0.6620560022774307,-0.4717129512863802,-0.8303447294875226,17.546276,AGN,3FGL J0451.6+7231,0.9328441954875331,0.06715580451246743
8.6424514E-13,1.2219385E-12,2.486627,0.44252547657586566,3.3436605315183385,-0.9908980178012876,0.2516081022955624,-0.34145360716382994,-0.5026742847368146,8.319546,AGN,3FGL J0451.7+5722,0.9574892832336608,0.04251071676633883
9.319912E-14,1.1834859E-12,2.1675987,1.1215789899658377,3.3065798419273054,0.9991386629241098,-0.568905918909092,-0.598216141556187,-0.946843995712991,-25.115173,AGN,3FGL J0506.3-0357,0.6730976722808234,0.32690232771917554
8.64894E-15,9.047526E-13,1.8043303,-1.5887274620399159,3.5001334949686442,0.2559679575585446,0.0944038601613371,-0.4883493998595838,-0.4554918847971878,-21.37455,AGN,3FGL J0506.9+0321,0.9993711355075603,0.0006288644924387225
5.32967E-13,9.117755E-13,2.34381,2.869588233781981E-4,3.7907020863360272,-0.5005664736357106,-0.7354385713761981,-0.6799051870982926,-0.38635146226509015,-27.191273,AGN,3FGL J0507.5-0906,0.9875529577172876,0.012447042282714161
1.1489595E-13,1.5229413E-12,2.1241972,-1.100133705435884,3.97483696536452,-0.6446466149842373,-0.5049931276917261,-0.4572184106509819,-0.5303566716462821,-4.045806,AGN,3FGL J0524.4+2839,0.9989812588990502,0.0010187411009502125
3.4371816E-15,1.0287911E-12,1.6333857,0.3574575676089194,3.5951323520668366,0.9977180422165867,-0.46273612471072856,-0.5049631084081726,0.22072467717817493,-32.831596,AGN,3FGL J0524.5-6937,0.969708183119608,0.03029181688039255
1.4500083E-13,2.3467775E-12,2.4045255,0.459068305946744,4.03815456167154,-0.8514337358129586,-0.6236008322646718,-0.8097351553568837,-0.1917968550819415,-6.931372,AGN,3FGL J0526.4+2247,0.9766910817539997,0.02330891824600085
4.7616436E-13,8.6300617E-13,2.3432455,-1.541852350743209,4.050848544296966,-0.4330463656779254,-0.7856600214518255,-0.7225287363855886,-0.15184503624003623,-30.88655,AGN,3FGL J0533.8-3754,0.9997458316341814,0.0002541683658176115
3.926076E-12,1.0989754E-12,2.2926352,0.9946460967852343,5.302264566095964,-0.6866393262886173,-0.6866758725887762,-0.5916731732819115,-0.291382477240103,-29.435787,AGN,3FGL J0536.4-3347,0.9769047574645308,0.02309524253546915
2.3105097E-14,1.1940828E-12,1.890715,0.7709893149009096,3.8141281081176506,0.023153052338115508,0.4399203676813526,-0.38119115780525126,-0.5864841278580718,-7.659905,AGN,3FGL J0538.9+1646,0.9148877999268789,0.08511220007312026
3.9644117E-14,1.2423119E-12,2.1070893,-1.498020516763739,3.879204398190888,-0.08358974759494817,-0.8753028113179652,-0.3324291019313376,-0.2988629311006355,-9.836587,AGN,3FGL J0540.0+1208,0.9996168424209256,0.00038315757907365634
6.833494E-11,1.2966392E-12,3.0930102,7.585122568305369E-4,3.964124633026361,-0.7158824647632854,-0.9183220360636121,-0.8286790555940768,-0.7575235031343602,7.275483,AGN,3FGL J0556.2+3933,0.9894922519307392,0.010507748069261004
3.8375055E-14,1.2166268E-12,2.1480634,-1.0557090470459043,3.4983060039050233,-0.8089276008352212,-0.2988866367713004,-0.7461798823513022,-0.172757044340822,-15.24574,AGN,3FGL J0557.7-0720,0.998556552591116,0.001443447408883309
6.8261013E-15,1.2091798E-12,1.7110547,0.7005455450438457,3.6634472806158014,-0.9999953066817263,0.999801934432957,0.0023288091614438395,-0.4839796808641839,3.5618856,AGN,3FGL J0559.8+3042,0.9334537586231816,0.06654624137681887
1.3112918E-12,2.0178284E-12,2.484669,0.43426673055754395,3.8241905277912625,-0.6780363081264914,-0.665413597280059,-0.7934080864669532,-0.7343855511864937,0.1465086,AGN,3FGL J0601.5+2309,0.9590049261289095,0.04099507387108978
7.225367E-14,1.3301235E-12,2.008549,0.22786255926090063,3.9488381351766995,-0.28309637566458956,-0.5725710755266692,-0.47627232740447517,-0.38921242324820665,-10.302232,AGN,3FGL J0605.0-0000,0.979995166754201,0.020004833245798725
6.3550705E-13,1.0228737E-12,2.2983522,0.7211961056463689,4.123885322229688,-0.3005356546324001,-0.676917880654226,-0.736730135345201,-0.70970651561715,-17.386005,AGN,3FGL J0609.7-1841,0.9391498489145724,0.06085015108542719
3.8083208E-14,3.4523372E-12,2.0148985,-0.07975617789378135,3.9451949423330257,-0.7015413970682051,-0.5140059136622293,-0.4847105284139469,-0.6340091643975292,3.5527859,AGN,3FGL J0619.4+2242,0.9878467063461638,0.012153293653835507
1.4855588E-13,7.752012E-13,2.2900796,-0.6139750116953873,3.4577963427412914,-0.9178029938819195,0.24280270313850863,-0.6370885777240841,-0.7686549406792701,-22.665697,AGN,3FGL J0623.1-4143,0.9944107636179514,0.005589236382048087
6.092225E-13,7.8502005E-13,2.2764657,0.05741646942962959,4.0990945133217185,-0.8162257518858936,-0.5032566306097491,-0.5160005793528826,-0.4628879915814917,22.594389,AGN,3FGL J0644.6+6035,0.9890128398409419,0.010987160159058177
5.6790766E-12,1.9920012E-12,2.4574044,0.8962084254714199,3.897697077597684,-0.4111868807979477,-0.8356414861643424,-0.7212980203119403,-0.5730556333847211,-0.59796613,AGN,3FGL J0647.6+0032,0.9092952061172384,0.09070479388276155
1.3469979E-12,6.6052535E-13,2.5400684,-2.607273978276101,3.8531117150208445,-0.8324936377297658,-0.6059805749532393,-0.6098149205370507,-0.8838774144739625,24.45203,AGN,3FGL J0650.9+6524,0.9999547218640369,4.5278135964003554e-05
8.117279E-14,8.8240136E-13,2.2582495,-2.7436328201526177,3.644137808622017,-0.8822537063956676,-0.5687212348633901,-0.6657158670291284,-0.4621490012325013,-14.9429865,AGN,3FGL J0716.0-4525,0.9999673672003183,3.2632799679938494e-05
2.5008107E-14,1.0165159E-12,2.0026686,-2.0920608310362137,3.7010887168068693,0.8035768872804164,-0.44035589225446997,-0.5581615111712227,-0.39029433826530663,5.5968394,AGN,3FGL J0721.5-0221,0.9998379314151369,0.0001620685848634834
2.3109384E-13,1.2056441E-12,2.3585443,0.25735450578657554,3.5723751318050567,-0.8115409727663679,-0.69082224917392,-0.6237116009592443,-0.11480575887986005,-9.017494,AGN,3FGL J0725.8-3532,0.9790185694199084,0.020981430580092674
3.4934517E-13,1.1585028E-12,2.1847017,0.15809324056800944,3.9949911529037854,-0.6583699601956096,-0.5693229072650617,-0.5920445858375923,-0.48597544911925555,8.666384,AGN,3FGL J0725.8+0212,0.9831743592423994,0.016825640757600627
2.8945051E-15,1.0715216E-12,1.6692368,-0.3528871979428958,3.4720673791341223,-0.9998970361061206,0.9998946320336461,-0.4191134886896623,0.18706682342479275,-5.3990955,AGN,3FGL J0731.8-3010,0.9944422786513796,0.005557721348619526
5.037522E-12,7.0887767E-13,2.7803707,0.0989008166545055,4.309908661926486,-0.814185857740426,-0.8602108173974847,-0.3084678594485318,-0.7515844524722357,28.310799,AGN,3FGL J0733.3+5904,0.9911063227949359,0.008893677205064895
2.753746E-14,9.764676E-13,1.9193196,-1.7630221693757604,3.7326305147287444,-0.2203475232968781,-0.7137584951258283,-0.29592031860129986,-0.1673561579639341,-25.45458,AGN,3FGL J0737.8-8245,0.999770780886433,0.00022921911356736698
2.122127E-13,9.006698E-13,2.2611725,0.9019951147239068,3.450664586429139,-0.3103929113587442,-0.5797736269727651,-0.8309400393929947,-0.7266921592924106,19.249018,AGN,3FGL J0744.3+1715,0.8245089035424024,0.1754910964575966
1.2723695E-13,1.064391E-12,2.0025747,-0.18097773213091403,4.0911573216963175,-0.6140233439024987,-0.48423486152282796,-0.5129408432068301,-0.32624270438842307,11.082273,AGN,3FGL J0746.4-0225,0.9932604034656319,0.006739596534367649
1.4316144E-13,1.2366853E-12,2.2734842,-0.25375096565730076,3.6801520811428365,-0.7231593391506516,-0.7635385323643958,-0.29845383832734385,-0.4633834789453144,-11.9038315,AGN,3FGL J0747.5-4927,0.9925929517331943,0.0074070482668064565
8.572219E-13,7.7456693E-13,2.3717525,-0.6878817672111003,4.323988407441023,-0.716658109037959,-0.5740780173802255,-0.5671577945085893,-0.8519277459530681,28.617638,AGN,3FGL J0749.0+4459,0.9977344769784251,0.002265523021575158
1.9441455E-13,1.0070951E-12,2.2493107,0.8047628816897905,3.841011526494816,-0.9097590800580474,0.03524679460657557,-0.7152654296318703,-0.7625267821196859,18.820091,AGN,3FGL J0749.5+1320,0.9048410696728146,0.09515893032718548
1.570373E-13,1.1482799E-12,2.199274,0.4536061727691951,3.7395610902266982,-0.689069843690954,-0.41606474097934315,-0.5758825942476845,-0.7317179594463101,5.4891796,AGN,3FGL J0752.6-1629,0.951399477671865,0.04860052232813517
4.4607484E-13,1.0767057E-12,2.2820556,-1.044854711121978,3.5802761864142645,-0.6490850104227932,-0.5928482262152073,-0.5254673190097823,-0.49755286248127495,10.974437,AGN,3FGL J0802.3-0941,0.9983948754282931,0.0016051245717064013
7.0222123E-15,9.24416E-13,1.6670097,0.6881355935098146,3.469690261507449,-0.9994345155630443,0.9899114037983795,0.021278003067697556,-0.34821232385333634,16.261818,AGN,3FGL J0813.5-0356,0.9280922080862473,0.07190779191375285
1.9126145E-13,7.6232586E-13,2.1803546,-0.05007130447933068,4.032933802313408,0.7259070395373315,-0.8019414492829369,-0.3303677861006269,-0.761874344597262,31.505238,AGN,3FGL J0818.0+3237,0.9866035104434298,0.013396489556570029
4.193844E-12,1.9718736E-12,2.6124713,1.3285160316425304,4.498429607370188,-0.5209255402626027,-0.8708479959930315,-0.7569134786945546,-0.9086073680690313,-6.4258246,AGN,3FGL J0823.6-4838,0.8496223527340343,0.1503776472659663
4.3417017E-13,9.546944E-13,2.34202,-1.447216432169963,3.565351658250661,-0.7688789569982749,-0.5765684247961099,-0.816796467298679,-0.28814059135789155,-14.649408,AGN,3FGL J0826.3-6400,0.9994171531118495,0.0005828468881512839
7.911574E-15,4.2266897E-12,1.9515342,-0.6238670996549011,3.886005403927531,-0.7910944125583352,0.9918722864822377,0.3028375267453681,-0.7586318803024017,-3.2882729,AGN,3FGL J0830.5-4452,0.9971797334266601,0.0028202665733399863
1.0305376E-12,8.5339136E-13,2.5567951,-0.28993260299693585,4.028596136111275,-0.7006350034277311,-0.7864284986527581,-0.44446285787754547,-0.9999852619696054,32.552692,AGN,3FGL J0830.8+2629,0.9926923653246912,0.007307634675307213
2.1036912E-14,6.849572E-13,2.0133777,-2.3840516346716316,3.998992443205006,0.24455699697691782,-0.667437805437625,-0.34672057595854444,-0.6070125313030804,35.168575,AGN,3FGL J0848.5+7018,0.9999319847123247,6.801528767564332e-05
1.3259536E-12,8.9220547E-13,2.5718791,0.2044346664636327,4.343619560426675,-0.5890010317331776,-0.7123852720147898,-0.6902800166444242,-0.9999896920244272,35.225597,AGN,3FGL J0855.4+7142,0.9820754942025501,0.017924505797449735
1.6626022E-13,6.5029254E-13,2.23863,0.26019930725329776,3.8325972573958644,-0.42950195498341703,-0.6318236864444325,-0.44979452680579185,-0.9999509340319873,36.91735,AGN,3FGL J0900.0+6754,0.9638356117360132,0.036164388263986276
9.865029E-14,9.43558E-13,1.9771367,-0.6231016632990074,4.068887650546247,-0.26299715351494835,-0.5597879252650776,-0.3751622160257794,-0.6323449515971559,42.832794,AGN,3FGL J0921.6+2339,0.9966155757846502,0.003384424215348922
1.1318362E-13,6.489667E-13,2.166111,0.07907824272670663,3.7843540749425495,0.09924715701423087,-0.688625734664367,-0.47883913007950885,-0.538020331778664,39.773136,AGN,3FGL J0931.8+6739,0.9806278590647115,0.019372140935289477
1.3824251E-14,1.0822694E-12,1.748642,0.3866197784563455,3.5099536053719604,0.9986122168956176,-0.6666877778435081,-0.23843937131195794,-0.453939302351075,24.695732,AGN,3FGL J0935.1-1736,0.9453670276246305,0.054632972375368544
1.7992225E-14,9.0901044E-13,1.8428967,-1.0129562972987205,3.8475298165963836,0.15237336474744456,-0.5016740004470066,-0.37105409870947276,-0.43797270566742486,22.432587,AGN,3FGL J0936.3-2114,0.9983860516110723,0.0016139483889269684
1.4007303E-12,1.1161251E-12,2.5450487,0.19190944573536384,3.8035821949740836,-0.5658351259186597,-0.8527316300072291,-0.6051441364236813,-0.4120250524414972,-8.7593565,AGN,3FGL J0937.8-6407,0.9829126957859268,0.01708730421407313
2.7215812E-14,9.101473E-13,1.889783,0.6019432087326994,3.9268556557649115,0.9996615104779492,-0.3996023431786813,-0.418055719748217,-0.7715195934629063,27.203981,AGN,3FGL J0937.9-1435,0.9259246068711977,0.0740753931288026
3.3973846E-13,6.6315334E-13,2.2964528,0.4097891459672409,3.968008118998233,-0.8422914238842292,-0.5748445193142994,-0.3550955795328293,-0.7684074763155938,43.248943,AGN,3FGL J0941.0+6151,0.9669374855026369,0.03306251449736311
3.4252588E-12,6.495367E-13,2.7351112,0.6467729781033181,3.9768854116092935,-0.7245862837322423,-0.7258989230645956,-0.9981149336858353,-0.9985059059315889,47.513985,AGN,3FGL J0946.2+5209,0.9305589712727079,0.06944102872729065
8.533229E-15,9.265297E-13,1.69938,0.32247740708444916,3.676919467755201,0.9991931653704899,-0.03194543798328459,-0.3606983226225816,-0.42956698665530235,43.266056,AGN,3FGL J0952.8+0711,0.9574477509059798,0.04255224909402068
1.3975197E-13,9.661406E-13,2.2513545,-0.503352450946157,3.774973385378911,-0.6031709174111213,-0.7645492305399489,-0.41372757516672376,-0.45028903739418297,13.3537445,AGN,3FGL J1013.4-4008,0.9957712137014377,0.00422878629856328
2.0920806E-12,8.832419E-13,2.605058,0.6553817599545887,3.784264017515369,-0.6439094994574138,-0.6906801617513807,-0.8160029087258379,-0.9999873568522542,24.449688,AGN,3FGL J1016.9-2653,0.9179967251144877,0.08200327488551215
6.970634E-14,6.208544E-13,2.0730712,0.30831670647552906,3.7327617850241137,-0.6167957728610689,-0.3979271869280469,-0.6845822403987468,-0.42559603097813836,32.79398,AGN,3FGL J1027.8+8253,0.9675440895370031,0.032455910462996486
1.3334497E-13,1.2966392E-12,2.0194092,-0.3643682761591756,3.84081976430168,-0.7226199448567925,-0.333053303884775,-0.41091321677183107,-0.5318664184143456,6.509114,AGN,3FGL J1033.4-5035,0.9937136150859528,0.0062863849140460505
4.1136257E-13,8.6115257E-13,2.3966603,-1.2783363937623566,4.078931674903652,-0.728465019357198,-0.6069864264335868,-0.7803700380139518,-0.3792961505345106,29.232199,AGN,3FGL J1038.0-2425,0.9994399780259853,0.0005600219740160154
3.9406016E-14,7.538052E-13,2.0938542,-1.493813783318058,4.133422428634811,-0.6941554305768627,-0.3847488882243537,-0.5513584201576446,-0.6187810629488244,40.555935,AGN,3FGL J1039.5+7324,0.9995724101636781,0.0004275898363212173
2.8199541E-14,9.531405E-13,1.8951391,-0.3572142321856451,3.839878157392413,0.10581593933408202,-0.41578512044986043,-0.21618707237163082,-0.731583104628477,19.057636,AGN,3FGL J1047.8-3737,0.9918967115690743,0.008103288430925283
1.4146938E-13,8.252297E-13,2.1529865,0.099895740939133,4.0671557400245835,-0.1817822137558012,-0.6246748922224886,-0.40554912921252817,-0.9144903859236798,59.610462,AGN,3FGL J1049.7+1548,0.9796083711697712,0.020391628830229432
5.8304433E-12,1.0816374E-12,2.4701045,1.0092038592242103,5.9169331430119145,-0.6531359199103126,-0.6696544692745721,-0.7831719119477484,-0.7784791081600314,53.412853,AGN,3FGL J1050.4+0435,0.9786692111223456,0.02133078887765469
1.5261331E-12,6.4442673E-13,2.618117,-0.12271038010430213,4.177052023974992,-0.5179475262805885,-0.8179979005608006,-0.6664761321290774,-0.999825413107533,57.50103,AGN,3FGL J1103.3+5239,0.9897633207675136,0.010236679232485415
1.7002252E-13,9.840993E-13,2.108555,-2.8687856631005006,4.464618206615873,-0.582751830773311,-0.6497274451329282,-0.4263126053872322,-0.5829628447923153,48.63636,AGN,3FGL J1115.0-0701,0.9999868656963947,1.3134303605803834e-05
1.0584526E-13,1.285324E-12,2.0026665,0.24704912256146377,4.207270190121903,-0.6623755114432194,-0.43912058679901256,-0.3097437059634421,-0.5739548659024465,6.6805735,AGN,3FGL J1117.2-5338,0.9826805010882225,0.017319498911777295
1.4727492E-13,8.5167344E-13,2.1532753,0.3725095915587261,4.014583131653117,-0.14306173230024366,-0.6515233007893216,-0.6412320480913608,-0.49989355218574094,56.531345,AGN,3FGL J1117.7+0217,0.9691654675824465,0.03083453241755308
3.2355786E-13,8.582147E-13,2.2875624,-0.05405103029023926,3.8026634821652667,0.8490063360961918,-0.7452895807467409,-0.38760436452103764,-0.7959546534391646,33.262474,AGN,3FGL J1123.3-2529,0.9833020683234663,0.016697931676534307
2.9969172E-13,1.1577248E-12,2.2883708,0.9441451698904385,3.8011106624132984,-0.09225129963034154,-0.6406026783753854,-0.5617936970519364,-0.889376990688213,69.59608,AGN,3FGL J1129.0+3758,0.8472152994056712,0.15278470059433
1.4486721E-14,1.1233976E-12,1.7402625,0.8561008430476389,3.8425270645658705,-0.9904492618808212,0.6707402468482938,-0.04219475126197726,-0.29646512997111557,-15.812871,AGN,3FGL J1130.7-7800,0.9325065892775422,0.06749341072245858
8.598995E-14,9.302332E-13,2.1137707,-0.6223347441524084,3.4617446357799047,-0.9998312853634312,0.9957710834283647,-0.5210746263887533,-0.6938106231472982,13.162734,AGN,3FGL J1132.0-4736,0.99464936696344,0.0053506330365606005
1.2903102E-12,1.4978561E-12,2.6594715,-0.4169224939985156,3.983079165537082,-0.4598768155290881,-0.7781560677676962,-0.7549140943118616,-0.7695047841933398,-7.6227984,AGN,3FGL J1142.1-6941,0.9950077108516757,0.004992289148324519
2.1082895E-13,8.9960526E-13,2.3295882,-0.14104638241520512,3.4969865982252,0.45270771404712706,-0.6569621824137352,-0.9018211362018765,-0.09979915355201616,13.370589,AGN,3FGL J1150.7-4816,0.9879857519582015,0.012014248041799704
1.1867856E-13,7.7497703E-13,2.2214894,-1.4173463215675182,3.7625705715386544,-0.4977767270431319,-0.692555787338802,-0.4473864183404644,-0.7503094784859478,67.7741,AGN,3FGL J1151.5+0957,0.9992197762109314,0.0007802237890681091
1.2157833E-13,9.126851E-13,2.0355177,0.4849797994825499,4.0216213487960175,-0.7272655277788749,-0.33533827709321523,-0.318552261714635,-0.741719554706702,62.0972,AGN,3FGL J1200.4+0202,0.9583485872439742,0.0416514127560272
1.4446091E-13,9.207506E-13,2.2530088,0.1520834588833411,3.9961779968298696,-0.9236928729371796,-0.441968610713654,-0.24120506912196016,-0.5730966860935209,46.56981,AGN,3FGL J1200.9-1432,0.9849702635149683,0.01502973648503099
1.5030033E-12,7.568673E-13,2.714465,0.6484088814869031,3.749401129455094,-0.9366249220258398,-0.4835679820396297,-0.6253459322892745,-0.31235360769648135,78.42608,AGN,3FGL J1205.9+3315,0.9561116323582203,0.04388836764178009
4.0258104E-13,6.1710364E-13,2.3979633,-0.3000802127475254,3.720046670900897,-0.6745743196659985,-0.7521874667173101,-0.27452734219068364,-0.9138750190994968,40.739056,AGN,3FGL J1209.9+7607,0.9907777269269875,0.009222273073011556
7.0740847E-13,1.0405713E-12,2.483003,0.2279159054950114,4.001938752315986,-0.7418969896136055,-0.6465830659187893,-0.6080584709778499,-0.9997312704544301,55.85352,AGN,3FGL J1216.6-0557,0.9731481500442313,0.026851849955768548
7.2974104E-14,8.949696E-13,2.046814,-0.23646336751262084,3.73676397021269,0.4759140856413254,-0.5536652247733336,-0.5781351379168628,-0.2294161173973815,25.2004,AGN,3FGL J1220.1-3715,0.9912532109944994,0.008746789005499914
2.7676548E-13,6.087008E-13,2.517096,0.10989915045517264,3.902867763807746,-0.6597871222117866,-0.807828993075042,-0.8894136004596442,0.5717278106249435,55.79293,AGN,3FGL J1220.3+6055,0.9929416677452682,0.007058332254731147
4.2298276E-15,6.8835253E-13,1.7372625,-0.7525014458709989,3.846224490832103,0.9978901348157021,-0.4398581104193422,-0.49139232499936175,-0.11265417819313175,37.173252,AGN,3FGL J1222.7+7952,0.9973087146472434,0.0026912853527567525
1.5965239E-13,8.195767E-13,2.2131422,0.5906881736736298,3.670978178103249,-0.8662469220552407,-0.025507837568691037,-0.6130098485430402,-0.8254535059284659,73.72789,AGN,3FGL J1223.2+1215,0.9215396743746186,0.07846032562538106
4.931091E-15,7.8024533E-13,1.7596995,-1.2934448426246103,3.5240798670691835,-0.3468146323285895,-0.19687962106965373,-0.4859422105315137,0.1073890500507265,27.759865,AGN,3FGL J1225.4-3448,0.999214955071525,0.0007850449284746664
5.9596626E-13,9.0346236E-13,2.5151477,-0.1035537710265413,3.7928471402348887,-0.658831975188905,-0.6667634910006595,-0.8537111827137986,-0.4262578447968693,68.365295,AGN,3FGL J1231.6+4825,0.9889462329915669,0.011053767008431506
2.7734718E-14,9.171665E-13,1.8371742,0.08329133286428873,3.71637138884595,0.592766738154309,-0.1464155764255793,-0.476391854047854,-0.4331976771206965,78.97213,AGN,3FGL J1232.3+1701,0.9757996075575932,0.02420039244240673
2.2872112E-14,8.76794E-13,1.9247106,-0.2177023067718091,4.034229841633936,-0.8982353158306955,-0.23000268379074512,-0.39372695242662176,-0.3205922789653524,25.377394,AGN,3FGL J1232.5-3720,0.993654217165797,0.006345782834202638
3.9021597E-15,9.319675E-13,1.6491082,0.3921482307913032,3.8643974608259994,-0.9947817735830332,0.6833329992113973,-0.905019212673512,0.7612817751224916,57.996407,AGN,3FGL J1234.7-0437,0.983013933867292,0.016986066132709077
1.0745238E-13,9.639922E-13,2.066672,-0.7370601137799365,3.9087166053067044,-0.7768265890843358,-0.4869154685941288,-0.45962667443132943,-0.4775119825876991,34.72543,AGN,3FGL J1249.1-2808,0.997479786788122,0.0025202132118781143
2.2978497E-13,1.226289E-12,2.4129112,-0.5079839983438383,3.962599763164614,0.9772205101258166,-0.9067394203866775,-0.1309129098436177,-0.7702511747344162,57.089054,AGN,3FGL J1249.5-0546,0.9955439694355815,0.004456030564419181
7.078074E-14,1.081622E-12,2.0301764,0.5385347358023365,3.5907141021821363,0.6942751281911989,-0.3429662545633037,-0.29431980773143546,-0.8009944782877477,13.140263,AGN,3FGL J1251.0-4943,0.9232131627292981,0.07678683727070161
6.392743E-12,1.2107217E-12,2.7141607,-3.2994759795531223,4.120455518081439,-0.8064412491690788,-0.728480497740078,-0.7297829440708427,-0.9998826042462824,30.32182,AGN,3FGL J1259.5-3231,0.9999921635839603,7.83641603836625e-06
4.866665E-13,8.140475E-13,2.3971708,0.9986343719098166,4.142459959104744,-0.3801632139914247,-0.5406376819812049,-0.7719069882808707,-0.9999715974318741,83.20579,AGN,3FGL J1301.5+3333,0.8602825004941156,0.1397174995058837
1.9211973E-13,1.129772E-12,2.0191858,-1.6368272491686553,4.283317284229351,-0.2255767720868482,-0.487078688301801,-0.6753340218226581,-0.17226304010572935,54.825226,AGN,3FGL J1315.7-0732,0.9997845096092983,0.00021549039070180092
1.8921495E-13,1.4626419E-12,2.3515882,-0.3367460361008698,3.9245367805220894,-0.517743136985908,-0.6152882579861745,-0.5273749893669737,-0.7329938942184726,56.013855,AGN,3FGL J1329.1-0536,0.9929894838446413,0.007010516155358934
5.3914546E-12,7.133183E-13,2.995564,-0.04749409942431284,3.9138246614707737,-0.6616215525605406,-0.9376936954297599,-0.06784408849727519,-0.6290822801223918,59.629963,AGN,3FGL J1330.4+5641,0.9927438506899441,0.007256149310056197
2.06055E-13,1.0500339E-12,2.4004219,-0.21856032038139975,3.9710060924279302,-0.8960115910911061,-0.62196344944088,-0.5743141067876842,-0.3433699094010542,45.01056,AGN,3FGL J1351.8-1524,0.9939921798907843,0.006007820109216215
1.7385216E-14,2.2929273E-12,2.0416825,0.2500930493679242,3.6688146454512256,0.9762498127641853,-0.9044967048437125,-0.5960038158276564,-0.10105241170988785,2.7868216,AGN,3FGL J1404.7-5844,0.9741613536360045,0.025838646363995275
1.1444751E-14,9.32664E-13,1.8979145,-0.7097723357715995,3.6178127372668984,0.05470661322567505,0.5501157158611147,-0.582382895821202,-0.2684072919400158,50.39902,AGN,3FGL J1411.4-0724,0.9964171628651716,0.0035828371348284645
3.7464836E-12,1.2459217E-12,2.7009985,0.2524332688120121,3.719567472919338,-0.8479876015591244,-0.6908049313703679,-0.63131581024153,-0.8375098196193806,13.863179,AGN,3FGL J1420.9-4615,0.9722588817099395,0.027741118290061276
1.1247269E-13,9.719643E-13,2.1435895,1.0374153781257163,3.773818585484953,0.9415134915972896,-0.6458534489779661,-0.6793910650848725,-0.8139243357408523,-17.232687,AGN,3FGL J1421.8-7920,0.8066637510301702,0.19333624896983023
1.8103824E-13,9.891266E-13,2.1735172,-0.41297450820818554,3.8991454849325606,-0.7925409853282636,-0.4923412041014779,-0.48088107634855126,-0.5517548105410358,39.660583,AGN,3FGL J1424.3-1753,0.9946415355197512,0.005358464480248085
1.0854596E-11,8.6790536E-13,3.010405,-2.0731638476988916,3.9039988982144926,-0.818317436010843,-0.7660666968252854,-0.7040296989569598,-0.9999322615024727,65.25621,AGN,3FGL J1427.2+1610,0.9998648468568284,0.00013515314317228536
1.2517763E-13,1.2570148E-12,2.3211524,0.6261027489163471,3.521083478408564,-0.9065000653450487,-0.627653697452807,-0.3957438821327252,-0.29153927991815376,16.423964,AGN,3FGL J1438.6-4209,0.9465158615303536,0.05348413846964657
4.5089366E-12,7.408169E-13,2.583319,-3.24726526857601,4.631929831524865,-0.6632533574660499,-0.7787184480970156,-0.533667957173101,-0.876991005980703,52.89887,AGN,3FGL J1502.2+5553,0.9999950709928572,4.929007142564778e-06
1.9051026E-12,3.1826675E-12,2.4624138,0.00432901627317082,4.336443584711431,-0.6317637122903317,-0.7621021274687702,-0.7400830953411279,-0.5745433650416522,1.0294861,AGN,3FGL J1512.8-5639,0.9915301668334774,0.008469833166522422
4.2473993E-15,9.478905E-13,1.6849688,0.017591360717903685,3.384110461493022,-0.9886582479944072,0.17625052689963627,0.31634723961945116,-0.5095005808981353,17.457664,AGN,3FGL J1513.3-3719,0.9809109491041758,0.019089050895824532
1.6138068E-14,6.8423663E-13,2.0013506,-1.2843221312245652,3.346216031592321,0.9999427206277895,-0.8749261964994647,0.19581259840657528,-0.6347046381642358,57.649296,AGN,3FGL J1517.0+2637,0.9986078383039757,0.0013921616960218314
2.889836E-15,9.364652E-13,1.6438884,0.05156326794141095,3.753785321833989,-0.9999831554076877,0.9953037242636972,0.4973348244354714,-0.4300782209417441,38.289295,AGN,3FGL J1525.8-0834,0.987540953695286,0.012459046304714989
4.1660477E-15,1.0004376E-12,1.696769,-0.85095866630127,3.6984328002384994,-0.8689711723363779,-0.4659358201464515,-0.0557683968239761,-0.7531884805400388,22.425936,AGN,3FGL J1528.1-2904,0.996973164302126,0.0030268356978735943
9.452607E-14,5.6556073E-13,2.2368367,-0.8447377136945552,3.903962264774406,-0.3249591428706471,-0.7322892212412797,-0.5773298886585103,-0.5261181614417743,43.113842,AGN,3FGL J1529.5+6733,0.9978881385117115,0.002111861488288216
4.045168E-11,1.7629737E-12,2.8494124,0.8977430623889089,4.198903281527124,-0.7636143522294537,-0.843114952777517,-0.8306646679717009,-0.9999663840625416,6.9087815,AGN,3FGL J1538.4-4656,0.9191662260933461,0.08083377390665497
1.779377E-14,9.453759E-13,1.9751117,-0.49521111716166183,3.642485454348234,-0.9882937030122507,0.9209649048922312,-0.6044297481789538,-0.4809814980203785,48.391552,AGN,3FGL J1541.6+1414,0.9941480383604901,0.005851961639509933
5.6852267E-15,1.016126E-12,1.6718508,0.2661451080621068,3.997942594968034,-0.8698873786819953,-0.6604576395243182,-0.05118700596641585,-0.08344065600541965,-9.378066,AGN,3FGL J1545.0-6641,0.9845271051384994,0.01547289486150115
5.7735186E-13,1.2558615E-12,2.112147,0.4405648416771421,4.211069853478878,-0.24019394167674296,-0.5331542173044885,-0.6028592827439825,-0.45828137280557546,47.174854,AGN,3FGL J1548.4+1455,0.9719300727454816,0.028069927254517346
3.0171818E-15,1.1191533E-12,1.4396122,0.8084099764115747,3.562710180179864,-0.9551303347973094,0.9989415876245469,0.10891592380615024,-0.03470682114359084,18.141542,AGN,3FGL J1549.9-3044,0.927492178117366,0.07250782188263365
2.8048993E-13,1.2622843E-12,2.3129683,-0.6996816034753554,3.80302445792802,-0.6247677616709468,-0.7277001302374281,-0.5647045204541269,-0.6443905864495583,24.310184,AGN,3FGL J1602.8-1924,0.9967578263225552,0.0032421736774445576
5.555878E-13,1.9733314E-12,2.4347908,-1.740798748136873,3.798590823565559,-0.5678954154087722,-0.9087026546545484,-0.43128476985784686,-0.6799300773863992,6.363813,AGN,3FGL J1613.4-4222,0.9997172419367749,0.0002827580632241294
1.9189442E-13,5.901812E-13,2.3261952,0.42886127091447435,3.5537114086177546,-0.5605529565266526,-0.6236083863885313,-0.6037469196770342,-0.9999311379873712,43.45117,AGN,3FGL J1618.8+5520,0.9315340356771062,0.06846596432289433
4.8004123E-15,5.975623E-13,1.7126698,0.5860566136705879,3.890168179011092,-0.9987625742641882,0.9652740750064243,-0.5042027198791345,0.14415738272288117,35.29636,AGN,3FGL J1619.1+7538,0.9672708794586533,0.03272912054134621
3.1352327E-12,1.6437524E-12,2.540924,0.298360924997279,3.6753641322248405,-0.581866237344195,-0.875839872900821,-0.5661584375339211,-0.7194516805825364,19.287708,AGN,3FGL J1625.6-2058,0.9680025396231768,0.03199746037682208
5.3010703E-14,1.5159709E-12,2.1165962,0.11050308992678565,3.6064033046878854,-0.8737335127862682,-0.6063846051294413,-0.5050865921482292,-0.30937400153115635,10.367889,AGN,3FGL J1628.1-3344,0.9811295077088018,0.01887049229119903
1.0158924E-13,9.301958E-13,2.1223505,0.7056731026197325,4.028617726429366,-0.10295156074548466,-0.03313446784949985,-0.8222747635894396,-0.36536851750321797,32.90811,AGN,3FGL J1628.1+0254,0.9420096545437108,0.05799034545628822
2.2820606E-12,9.461845E-13,2.7532167,0.4757298282304188,3.746084494644622,-0.7633606677061415,-0.9572406146535636,0.29282251104562834,-0.8178986678977966,38.5034,AGN,3FGL J1644.4+2632,0.9699636163202412,0.030036383679759034
1.0924106E-14,1.3624434E-12,1.8505279,-1.2311372393538431,3.7367153535938042,-0.9655389330360671,0.43912495456518524,-0.54039437661635,-0.34208007827853365,19.892075,AGN,3FGL J1646.9-1332,0.9990592933994956,0.0009407066005044224
4.9136265E-13,7.2785967E-13,2.4801893,-0.31816299838539164,3.935766484807233,-0.5082633673348427,-0.8094402089405582,-0.5793509149502245,-0.9970377876340754,40.124744,AGN,3FGL J1648.0+4230,0.9914927087778318,0.008507291222167685
8.334955E-14,1.0467248E-12,2.165772,-0.3432617331785148,4.33970364443129,-0.8038940577050869,-0.5691681594855132,-0.45343303917900435,-0.3455992768311987,28.68336,AGN,3FGL J1650.0+0356,0.9966430862051764,0.003356913794822657
2.7320277E-12,1.1556297E-12,2.583273,-0.7397824980799402,3.850183239372902,-0.7436841626089796,-0.7775476700776924,-0.600326968587261,-0.5631072292368456,29.42443,AGN,3FGL J1704.1+1234,0.9976845716739323,0.0023154283260668307
2.3648108E-13,1.5479429E-12,2.1847432,-1.0174791295990155,3.7296295260478245,-0.09155674708880325,-0.8231437099419898,-0.2139912802519745,-0.6867092657008667,20.797222,AGN,3FGL J1704.4-0528,0.9982957946261073,0.0017042053738945235
7.843397E-12,1.1822966E-12,2.8066092,0.5664811955710058,3.827209284549625,-0.6498868750154532,-0.8665248868218576,-0.8076397756886086,-0.9998406702825234,27.951149,AGN,3FGL J1705.5+0948,0.9403848175974162,0.05961518240258357
8.0738354E-14,3.2754715E-12,2.1041749,0.31296765554185446,4.092017941070286,-0.9953124444409328,0.6531080490966509,-0.061546474171564405,-0.5528022239876162,-1.1736468,AGN,3FGL J1715.4-4028,0.9829527074513413,0.017047292548659294
8.878819E-12,9.878023E-13,2.9134417,0.02498105879064422,3.9186017181654993,-0.8163457599370878,-0.7256245830026596,-0.9297011541891308,-0.9996805542950638,-16.110563,AGN,3FGL J1728.0-6446,0.98447592975098,0.015524070249019329
1.123219E-11,8.05093E-13,2.901923,0.45026713976240246,3.671585725896735,-0.7459156565939671,-0.8593803097360557,-0.8677064333142069,-0.9998719785504135,33.155773,AGN,3FGL J1731.9+5428,0.9475260912793179,0.052473908720682506
1.7049781E-13,2.328429E-12,2.230005,0.4728496380180336,3.9596241582417484,-0.5765028515170848,-0.8284107686179437,-0.38298934632114917,-0.4634018306889289,-3.610446,AGN,3FGL J1733.5-3941,0.9692998464146009,0.030700153585398744
3.5285876E-12,1.061771E-12,2.5818665,-2.4183805302334966,4.036623372406396,-0.7283422571008035,-0.6930003025051398,-0.8775785359660644,-0.08625908364565732,-14.771928,AGN,3FGL J1733.8-6056,0.9999684653311897,3.153466880972234e-05
1.5621934E-12,8.437282E-13,2.5581224,-3.8708125903529225,4.166952624358695,-0.6680889687958057,-0.8020927119926328,-0.7588539837609501,-0.04717670524832458,30.430563,AGN,3FGL J1745.4+4721,0.9999989525524589,1.047447540292578e-06
1.8564742E-13,8.4882573E-13,2.2776077,-1.2649270721363084,3.7297879248950117,-0.6867041243150749,-0.5082055637283753,-0.78162418555769,-0.13863312333229885,25.06391,AGN,3FGL J1748.0+2701,0.9992920000035578,0.0007079999964424548
8.364911E-12,1.0825008E-12,2.7548573,-0.8488562440364771,4.487467822077655,-0.8236585586667156,-0.7265847763876433,-0.689093978391913,-0.6035075261097425,-24.088339,AGN,3FGL J1801.5-7825,0.9991249990715403,0.0008750009284605041
1.1852547E-12,7.974714E-13,2.5622666,-2.1915098376113384,4.207039490199726,-0.67717577692714,-0.74558630540306,-0.8273485346498758,0.03307207611788921,27.996992,AGN,3FGL J1806.8+5346,0.9999578101818418,4.218981815806501e-05
3.0545952E-13,9.589162E-13,2.4414024,0.06681043837802911,3.6375857649894656,-0.6311724330340596,-0.8059270778870867,-0.46590774295214865,-0.520155106837117,23.382431,AGN,3FGL J1809.0+3517,0.982905780891872,0.017094219108127636
1.0128446E-14,7.8878034E-13,1.780261,0.9109114896584103,3.722495790119495,-0.9998356497795841,0.9986539610571753,-0.20967101672762303,-0.5721768898924362,27.406288,AGN,3FGL J1810.7+5335,0.8878061233887216,0.11219387661127861
7.817349E-14,7.45258E-12,2.1812253,0.9356069663907388,3.913479004946223,0.9998172132456211,-0.5990628118774731,-0.5809905853089194,-0.9182420674388485,-0.17963,AGN,3FGL J1814.0-1757c,0.8518946692765679,0.14810533072343277
5.3849976E-12,1.0935417E-12,2.6200266,1.0495047441388592,4.038603619765341,-0.6180883333855369,-0.8160871871211818,-0.7547626161140256,-0.9997499855472229,16.678802,AGN,3FGL J1829.2+2731,0.8600461748844279,0.1399538251155721
4.844159E-14,5.168847E-12,1.9216511,0.3019767647674895,3.91519417196031,0.9615887626004136,0.8531065771664904,-0.4845490293037083,-0.6731791965549628,-0.31648526,AGN,3FGL J1838.9-0646,0.9666364773879207,0.03336352261207945
9.223399E-13,6.9328956E-13,2.5529265,-0.03049143480812687,3.6996480144824506,-0.6154223148480603,-0.7504575190657671,-0.5781081520514673,-0.9867515364472588,27.004269,AGN,3FGL J1839.9+7646,0.9811703882146957,0.018829611785305376
2.6773386E-12,1.0256994E-12,2.7322369,-0.7804163362261889,3.9630217194311554,-0.8739197221926217,-0.6946188264931044,-0.5390747909457768,-0.8787372901896983,24.85127,AGN,3FGL J1840.5+6116,0.9978400788793262,0.0021599211206721615
2.2521698E-12,7.1762556E-13,2.6442003,-0.41841327498483855,3.610745411280233,-0.7503217594990051,-0.8899999355020788,-0.5129518943491115,-0.2782794354941009,25.438639,AGN,3FGL J1857.9+7319,0.9955577971278092,0.004442202872191701
3.6665514E-13,2.4996164E-12,2.3222234,-1.5815084465491591,3.9692499558083014,-0.6609140675252817,-0.8209662539513142,-0.41358464345767104,-0.6259736807926937,-3.0762205,AGN,3FGL J1911.7+0307,0.9996635497370048,0.00033645026299520495
2.82847E-15,1.2191702E-12,1.6248366,0.4587370237330445,3.7756818863594668,0.5434381602716697,-0.8882491757879466,0.6645950404064093,-0.10162973615261252,4.022715,AGN,3FGL J1922.2+2313,0.9739684594422691,0.026031540557731502
3.3317587E-13,9.64939E-13,2.2185771,0.4289021034727599,3.9284148618685815,-0.6377190955578961,-0.7155246748775043,-0.4142636663777771,-0.5837977158453239,-28.186966,AGN,3FGL J1923.2-7452,0.9689866018355975,0.031013398164402333
2.482028E-12,4.286637E-12,2.383179,0.024512889124003685,3.5886330059590814,-0.566275856956627,-0.785969093882699,-0.7281581119313807,-0.46851819090873165,0.006574503,AGN,3FGL J1925.4+1605,0.9823641657521544,0.017635834247846066
6.8942966E-14,7.1848956E-13,2.1403484,-0.1447232397830773,3.5744531346268813,-0.8656488099446851,-0.20644468355449166,-0.5918830671655525,-0.6341944761847423,18.216028,AGN,3FGL J1934.2+6002,0.9853816596062729,0.014618340393725766
1.2004133E-13,1.1399443E-12,2.184457,-0.15268108021794655,4.012760792722524,-0.529902114364873,-0.5445813417733708,-0.6216426571471252,-0.7009736482055426,7.5842066,AGN,3FGL J1944.1+3919,0.989902526773262,0.01009747322673901
7.4739504E-13,9.233897E-13,2.5431397,1.0140952890401105,3.624147314233466,-0.537325868623583,-0.8637241700534151,-0.5627233161273236,-0.9999510661318541,22.2226,AGN,3FGL J1945.3+7329,0.818977479609048,0.18102252039095157
4.995821E-14,1.2666453E-12,2.104774,0.7639886090787231,3.6073907264572536,0.9804360384956754,-0.4502610453886736,-0.6492517714331767,-0.4292692918337492,-18.35873,AGN,3FGL J1951.8-1102,0.9002719034206156,0.0997280965793847
2.0192913E-13,8.590392E-13,2.3555236,-0.2530319166056908,3.9649377565439465,-0.6639379853226239,-0.7603842105102566,-0.6645045399235552,-0.4541015807654339,22.963472,AGN,3FGL J1953.4+7653,0.9934673905740385,0.006532609425960959
5.124558E-13,1.2003917E-12,2.3787937,-0.2614963961741477,3.70480432753338,-0.5950191348356545,-0.8070539214040524,-0.5493410406956364,-0.7526301219606749,-18.050085,AGN,3FGL J1957.9-0712,0.990450674469466,0.009549325530534317
3.6881504E-15,1.6693659E-12,1.6788126,-2.7322408906770157,3.8560537430907362,0.6969697338315471,-0.5242406475796987,-0.07502430654925459,-0.4268182533526548,-2.4149113,AGN,3FGL J1958.1+2436,0.9999676887441818,3.231125581799878e-05
1.6334445E-12,2.0028636E-12,2.6373606,0.4128421639305429,4.1966013914241564,-0.8075153870869367,-0.761017745250382,-0.6872603144453902,-0.8802578437693045,4.8519573,AGN,3FGL J1958.6+3844,0.9728260184660904,0.027173981533909652
7.056497E-15,9.250296E-13,1.7703412,0.20924923074837048,3.4974853862702484,0.17472144527516778,0.19078308597517485,-0.4762779622390245,-0.031631867298362995,-25.025145,AGN,3FGL J2015.3-1431,0.9752897196382541,0.024710280361746533
2.020078E-14,6.8917674E-13,1.9494183,1.1050800607968907,3.655284226205994,0.6472798879692551,0.13865999313344987,0.34621586223645134,-0.9022061770594291,-32.59619,AGN,3FGL J2022.2-7220,0.8193888141014337,0.18061118589856587
5.227882E-14,1.1391776E-12,1.9138244,0.85648526945503,3.9475304869079975,0.5743668620267849,-0.30455314520711857,-0.37279484626618625,-0.8953361684690835,-19.04354,AGN,3FGL J2024.6+0309,0.8808424463882694,0.11915755361173076
1.0413913E-14,8.1505885E-13,1.8650038,-0.37279570221242014,3.6761229345937485,-0.07939283673822817,-0.23226770493460688,-0.5257175477736648,-0.3805177523611025,-28.432045,AGN,3FGL J2030.5-1439,0.992646580841791,0.007353419158209193
5.3860674E-14,9.680634E-13,1.948012,0.6915566663625694,3.739207672965863,0.934303385211832,-0.7233910098675841,0.04429959222584393,-0.7992758145761564,-36.38259,AGN,3FGL J2034.6-4202,0.9178311584113047,0.08216884158869461
3.615617E-14,9.513185E-13,2.0974948,-1.3602256031691202,3.618419086738563,-0.7176570530191929,-0.9243637987700772,0.3259966622161678,-0.9248484365478333,-17.197119,AGN,3FGL J2039.7+1237,0.9991895076491321,0.0008104923508672744
1.034523E-12,9.016031E-13,2.5529985,-0.6779782723773324,3.88019657506025,-0.5642743129890833,-0.7229776005785329,-0.7814967252334731,-0.9994173750491646,-37.737637,AGN,3FGL J2042.3-5416,0.996198153235349,0.003801846764650192
7.751886E-15,9.244882E-13,1.6896613,0.8565799199062922,3.728957251788399,0.31761772287814855,0.023608306401334957,0.18810838050529835,-0.623326736823027,-24.719402,AGN,3FGL J2043.6+0001,0.8982760314365548,0.10172396856344536
2.5037513E-13,1.0435581E-12,2.2908466,0.7770499976464283,4.069326145313266,-0.17230381119765442,-0.6785318033348332,-0.39522401001235535,-0.9999977419858895,-19.19622,AGN,3FGL J2044.0+1035,0.9206229190137826,0.07937708098621624
5.2342625E-14,8.423332E-13,2.0109036,0.3475358089771926,3.736108877150794,-0.7376709026980217,-0.3669811290476155,-0.36740979707769283,-0.7616750560521431,-38.676685,AGN,3FGL J2046.7-4259,0.9620890474239471,0.037910952576054105
1.7874284E-12,9.61928E-13,2.5207422,0.828796241840573,3.790424700880603,-0.8435424610781289,-0.5424040890585006,-0.597994751601369,-0.44992716310393466,-37.378876,AGN,3FGL J2047.9-3119,0.933315506191371,0.06668449380862941
6.750029E-15,1.3396105E-12,1.5435793,1.2406340525337842,3.8280584004929934,-0.5601809542594541,0.9998096824457487,0.20531577273784715,-0.40172896866829805,-9.865336,AGN,3FGL J2053.9+2922,0.8366071505581926,0.1633928494418085
2.0945652E-13,9.10779E-13,2.3455164,-1.5785203250215247,3.9141256732719105,-0.8170945732770939,-0.728138156624809,-0.23641488481800937,-0.8304936947798128,-40.05893,AGN,3FGL J2054.8-4908,0.9996361807208596,0.0003638192791412914
7.7213735E-14,1.9033893E-12,2.0710716,0.7870825976290581,3.817398804286649,-0.6824377594358124,-0.1880371965672874,-0.603710356349683,-0.5834133506093995,0.28161132,AGN,3FGL J2102.8+4704,0.9137623490066838,0.08623765099331636
7.908155E-12,1.1222928E-12,2.7324688,-2.92204764957089,4.621523833168643,-0.6638208847885556,-0.8967632139340999,-0.5667723383183398,-0.6979686621132788,-21.881334,AGN,3FGL J2109.4+1437,0.999992336988762,7.663011236550913e-06
5.725685E-14,9.323113E-13,2.0631783,-0.5359983824413803,3.96272809685825,-0.5224882146650718,-0.6646785590010772,-0.3912784855506537,-0.41674249326585744,-27.836702,AGN,3FGL J2110.0+0442,0.9966847872624477,0.0033152127375536307
8.140733E-13,1.6691354E-12,2.4833553,-0.3234336101589305,3.981104193015116,-0.7000214816710194,-0.7660697299063849,-0.46883219957051975,-0.7863729244538477,5.9114714,AGN,3FGL J2118.3+5751,0.9939453342354505,0.006054665764548298
2.4996281E-12,9.24631E-13,2.5725129,0.6538658215677423,4.19542503153515,-0.5708259683069801,-0.8145952608914824,-0.7036486019401158,-0.9988123347064427,-38.854103,AGN,3FGL J2120.4-1256,0.9490089556225537,0.05099104437744584
3.4194116E-13,9.735065E-13,2.1337929,-1.6215005746892228,3.8307193230600847,-0.3840640129375995,-0.689743701236354,-0.5276861093932482,-0.29550168388357384,-45.08291,AGN,3FGL J2134.5-2131,0.999698918731412,0.0003010812685883364
2.3937997E-13,1.0747478E-12,2.417561,0.5914415332818042,3.930230184202332,-0.5854905729808985,-0.7707544443062014,-0.6912522283645021,-0.9992496617159171,-46.951794,AGN,3FGL J2138.2-4939,0.9390817097036102,0.06091829029638986
5.388449E-12,1.1506525E-12,2.6892817,1.0403718661384154,3.7713751507485394,-0.86926550235161,-0.6740425586863441,-0.5208345592036153,-0.6013868372836191,-9.907604,AGN,3FGL J2139.5+3919,0.8912782176901481,0.1087217823098522
1.304741E-14,7.9187774E-13,2.0091686,-0.5754859300968553,3.6278613955364083,-0.9424753269422593,-0.4843388535741961,0.17368174591931498,-0.720516219415316,-24.392433,AGN,3FGL J2142.7+1957,0.995793464359152,0.004206535640847866
2.3874473E-15,9.0791003E-13,1.5526955,0.39017345106953877,3.643436826935231,-0.9927635853395324,0.7585613598146975,0.07983910686581744,-0.10520227424808215,-31.538164,AGN,3FGL J2145.5+1007,0.9737122649971486,0.026287735002850046
4.1841834E-12,9.151139E-13,2.6587038,-0.12222442654732713,4.09008394868489,-0.7585525152065978,-0.8765701892053019,-0.44225006158159286,-0.7824401635003122,-47.45519,AGN,3FGL J2150.5-1754,0.9928304731091794,0.007169526890821241
3.008088E-14,1.2406593E-12,1.8487629,0.7260253220633719,3.519704007315994,0.9929027515845265,0.1345070099393048,-0.5346751380183068,-0.26578326946475545,-9.448793,AGN,3FGL J2151.6+4154,0.9059756045724007,0.09402439542759809
1.078324E-15,1.2630608E-12,1.2660482,0.7444239648112043,3.8204917564621215,-0.01919881968163456,-0.5965594024666132,-0.6982614617331614,0.0897156754313772,-45.55829,AGN,3FGL J2209.8-0450,0.9254032711731844,0.07459672882681534
2.0033734E-14,9.553057E-13,1.808709,0.22471623400024526,3.7275020797947107,0.16869478190716783,-0.5543897480290821,-0.06156084645017452,-0.4828738555429591,-44.594585,AGN,3FGL J2223.3+0103,0.9753465496312664,0.024653450368732618
3.765078E-15,9.764543E-13,1.5956316,-0.19977453380165763,3.535379087787009,0.9995377056012023,-0.527404068114368,-0.5624396671178036,0.16138268603204653,-42.90061,AGN,3FGL J2224.4+0351,0.9898025911193081,0.010197408880692795
6.3372484E-13,8.9197627E-13,2.5065176,0.6097353537730353,3.9045021142950183,-0.8324356071598205,-0.6333532343013873,-0.6677741529351853,-0.4174764584722308,-55.366726,AGN,3FGL J2228.5-1636,0.9626853392698927,0.03731466073010812
2.909939E-13,1.0236225E-12,2.107771,0.2185347068883771,3.879527292683879,0.12128273403814034,-0.7182398134279556,-0.527100645459872,-0.5054167572462976,-49.734753,AGN,3FGL J2247.2-0004,0.9778093889337359,0.022190611066264566
4.288399E-14,5.929286E-13,2.174028,-2.113400143258694,3.6927868104449173,-0.6899699258985078,-0.34534115701661644,-0.8411203169166385,0.1898142441607048,-51.294617,AGN,3FGL J2249.3-5943,0.9999189751604013,8.102483959919131e-05
1.9786653E-12,2.0347346E-12,2.7852352,-0.36924446759894125,4.466542170474801,-0.8352039735321664,-0.7029116578329281,-0.9663557700015832,0.5381730387986011,-36.330647,AGN,3FGL J2250.3+1747,0.9988911729492765,0.00110882705072199
8.6161156E-13,8.1218555E-13,2.4423332,0.952285555127376,3.8309711153679884,-0.37573865033917586,-0.7643302165765735,-0.7248276827300293,-0.9923211691224909,-58.769665,AGN,3FGL J2253.1-1237,0.8613167568328107,0.13868324316718994
3.320681E-14,7.3624836E-13,1.9558733,-0.07269424885466284,3.5245239568045346,-0.6212869683020061,0.12809318320100382,-0.9613127942506706,0.7709853780392774,-64.25224,AGN,3FGL J2258.2-3645,0.9933538374124493,0.006646162587550231
1.35669E-13,7.730422E-13,2.1121497,0.7327718025156982,3.769009727184281,-0.4813874005620401,-0.517241921076833,-0.5786312678132328,-0.7523396152980577,-61.838017,AGN,3FGL J2259.9-1553,0.9144146696752392,0.08558533032476055
1.9040886E-15,9.493869E-13,1.5139174,-2.4962210569704046,3.5903905525223716,-0.9951659712000873,0.9648338359857633,-0.8942666773085682,0.7918359301817173,-17.242765,AGN,3FGL J2300.0+4053,0.9999681838363857,3.181616361371873e-05
1.5778125E-13,7.3504137E-13,2.1846757,-0.6890957188259517,3.9093130367778275,0.7314531135069716,-0.7012755603468803,-0.5967314436523967,-0.5787843137956016,-64.847084,AGN,3FGL J2300.1-3547,0.9969152842953037,0.003084715704696313
5.804097E-12,9.0811614E-13,2.793174,-0.940200301123001,4.071988960859102,-0.7895656113386824,-0.8360118600494929,-0.6973861313229489,-0.3224093971829115,-19.45988,AGN,3FGL J2313.1+3935,0.9991509989283984,0.0008490010716015427
2.6416383E-15,8.1686475E-13,1.5327803,-4.1362553124705295E-4,3.6604005011252667,-0.9999120221532913,0.9957165305380338,0.5117022008475518,-0.5654646046420642,-66.56989,AGN,3FGL J2321.6-1619,0.9873712706476165,0.012628729352383222
3.6619403E-14,1.4408443E-12,2.0607789,-0.7191279775036226,3.638294750721742,-0.7617229502130881,-0.6694704596799057,-0.18219398717001603,-0.5839371702110295,-0.28228247,AGN,3FGL J2329.8+6102,0.9967722906959288,0.00322770930407233
2.2226699E-13,7.6197485E-13,2.1659245,0.914721901903706,4.036890045724557,0.8090520205353112,-0.5176142140593737,-0.47884217691652675,-0.9986283215289068,-68.56688,AGN,3FGL J2331.9-1609,0.8800340302788701,0.11996596972112901
2.5997288E-14,9.592507E-13,2.1409557,-0.12051431219864735,3.283005337373144,-0.3138470185683611,-0.6947077411262308,-0.7788677449270922,0.2458475502870086,-32.400555,AGN,3FGL J2337.2-8425,0.9890970950856607,0.010902904914338677
1.5091305E-12,8.6064153E-13,2.5788372,0.5668396897562941,3.9820835147869063,-0.620686328535789,-0.7330823239155116,-0.8436346104228939,-0.9431293347970215,-55.27105,AGN,3FGL J2338.7+0251,0.9491100905104197,0.0508899094895817
1.2271688E-14,8.1908156E-13,1.9188373,0.06594521877435874,3.713592798196726,-0.8514095249144285,-0.9227393675098096,0.4741756308812163,-0.4415637347893105,-22.037018,AGN,3FGL J2340.7+3847,0.9877072468773554,0.012292753122644263
1.0268682E-14,9.555484E-13,1.6905777,-0.4311069685917945,3.5756668020748132,-0.9999860524635082,0.999853574621665,-0.27435523488754254,-0.446319418879295,-40.552822,AGN,3FGL J2351.9-7601,0.9936721967100443,0.006327803289957205
5.788739E-14,6.9514105E-13,2.154808,0.13656640730451897,3.7012454293039894,-0.8750550154922777,-0.3209753201105329,-0.18498231815498165,-0.7985304297497653,-33.779556,AGN,3FGL J2354.0+2722,0.9783222449068534,0.021677755093145172
4.81441E-14,9.105208E-13,2.0776443,-0.3837281763151341,3.9572046476589615,0.9945715494792824,-0.5653175568676544,-0.5805066454232093,-0.38774144897382146,-23.259953,AGN,3FGL J2358.5+3827,0.9944043119069618,0.0055956880930386884
2.1028384E-14,8.736365E-13,1.8166555,0.6478934010049077,3.887784553191347,-0.7699511517889682,-0.026096321403888924,-0.20120839571121318,-0.5902044633803685,-74.89499,AGN,3FGL J2358.6-1809,0.9470091646509344,0.052990835349065554
1.567101E-12,5.769464E-12,2.802667,2.216706673965101,3.732227790742912,-0.6249717098348632,-0.4297689565242823,-0.7466491216097366,-0.9999803842891143,1.1151489,AGN,3FGL J0223.6+6204,0.2743202448168522,0.7256797551831483
9.171465E-12,2.9045718E-12,2.7587955,2.351031293252769,3.758177878914719,-0.3095091668540484,-0.7680990485340301,-0.8496672303773005,-0.8570079800270578,-1.8325301,AGN,3FGL J0634.1+0424,0.22430078345930718,0.7756992165406927
2.6207504E-12,2.38936E-12,2.743385,1.439590785402479,3.713511406327919,-0.5517690105953632,-0.7806628157176891,-0.7163307501914287,-0.8440255511628894,-2.085731,AGN,3FGL J0704.1-1043,0.7000992870270237,0.29990071297297755
6.369615E-11,2.2755038E-12,2.3481908,1.6614504980696656,3.8699230696887414,-0.4449662395008806,-0.9102599312990916,-0.8222379454175434,-0.2418606405133271,-1.5189159,AGN,3FGL J0915.8-5110,0.6739867762461984,0.3260132237538006
2.7525141E-12,4.143768E-12,2.4994967,1.6034205644543515,4.211767533062928,-0.4214626852169656,-0.690423216584552,-0.7089319106767279,-0.9641783157555847,0.47214064,AGN,3FGL J1503.5-5801,0.6757523239953465,0.32424767600465315
2.6282058E-12,6.885187E-12,2.5917633,1.8549550577851888,3.9242959833816515,-0.625659303735513,-0.599991972508994,-0.717762187027054,-0.9010441821955665,-0.46090546,AGN,3FGL J1857.9+0210,0.5012292342735344,0.49877076572646545
2.7804634E-11,3.2865264E-12,2.5399656,2.175794473084238,3.890889783683675,-0.44104932710521744,-0.6981501907842104,-0.9490270127840132,-0.3849501637082114,2.3415453,AGN,3FGL J2023.5+4126,0.3836064994686551,0.6163935005313459
9.12473E-12,1.3778754E-12,2.4568858,1.891449965664901,3.6329543441479006,0.2954905191677148,-0.779535485811273,-0.8906834715670777,-0.9077888698603714,4.4346323,AGN,3FGL J2353.3+6639,0.35119942648742936,0.64880057351257
