Source_Name_4FGL,GLON_4FGL,GLAT_4FGL,Pivot_Energy,Flux1000,PL_Index,Unc_LP_Index,LP_beta,LP_SigCurv,hr12,hr23,Unc_PLEC_Expfactor,PLEC_Exp_Index,hr34,hr45,hr56,hr67,Variability_Index,SpectrumType,Unc_LP_beta,Unc_PLEC_Index,ASSOC_FGL,ASSOC_FHL,CLASS1,CLASS2,ASSOC1,ASSOC2,ASSOC_PROB_BAY,ASSOC_PROB_LR,Flags
4FGL J0002.1+6721,118.20349,4.939485,1284.9344,-21.090783098356894,2.600463,0.21873616,0.3613416,3.6965556,-0.29938075,-0.59153795,0.0063787973,0.6666667,-0.5675548,-0.8072314,-0.999372,-0.98807925,1.7963351252440556,LogParabola,0.15034156,0.5716248,,,unk,,1RXS J000209.4+672503,,0.0,0.95309293,1
4FGL J0024.0-7204,305.90195,-44.891075,956.1161,-19.237246431612025,2.093778,0.04264318,0.37520304,18.37318,-0.09216029,-0.04993778,9.6446596E-4,0.6666667,-0.40568277,-0.64168835,-0.9533204,-0.7539374,1.6564917911373311,LogParabola,0.029846506,0.09288038,3FGL J0023.9-7203,3FHL J0024.2-7205,glc,,NGC 104,,0.99996454,0.98999244,0
4FGL J0025.3+6408,120.093605,1.421848,3490.1196,-20.8719543250056,2.1400595,0.08333566,0.010525173,0.29345292,0.9906323,-0.534741,1.8771969E-4,0.6666667,-0.4333221,-0.6122322,-0.5513473,-0.81964767,1.3920432426682223,PowerLaw,0.036932897,0.10219822,3FGL J0025.7+6404,3FHL J0025.5+6407,snr,,Tycho,,0.96434534,0.999139,4
4FGL J0043.2+4114,121.28495,-21.604197,887.61536,-22.002371934335592,2.5234964,0.29237235,0.43375424,2.9630277,-0.73780704,-0.3705683,0.0112998765,0.6666667,-0.4309573,-0.9094145,-0.99962103,-0.16713974,0.6738909678158944,LogParabola,0.25465333,0.88891643,3FGL J0042.5+4117,,gal,,M 31,,1.0,0.0,2
4FGL J0047.3+6943,122.57157,6.8534408,7182.9204,-22.497133432629767,1.8924123,0.3207617,0.22452478,0.9951572,-0.9998876,0.99746394,0.0014918336,0.6666667,-0.57375604,-0.3398513,-0.34198686,-0.5981328,1.8725245076514947,PowerLaw,0.16484576,0.73277193,,,unk,,1RXS J004724.5+694222,,0.0,0.9525476,0
4FGL J0047.5-2517,97.574394,-87.96936,1246.0215,-20.967883388706383,2.1412337,0.06347956,0.06680642,2.1227646,0.93683684,-0.30174148,5.0235994E-4,0.6666667,-0.570273,-0.6085724,-0.6834191,-0.5110912,1.670158749750352,PowerLaw,0.03397673,0.08580647,3FGL J0047.5-2516,3FHL J0047.6-2517,sbg,,NGC 253,,0.9993061,0.99712837,0
4FGL J0058.0-7245e,302.25146,-44.36958,668.8911,-19.56554881810005,2.2103305,0.03660867,0.09607346,5.579218,0.35465047,-0.43061408,2.2560866E-5,1.0,-0.62734485,-0.6059806,-0.6951379,-0.9993718,2.2012879700746795,PLSuperExpCutoff,0.019674852,0.045409948,3FGL J0059.0-7242e,,GAL,,SMC,,,,4
4FGL J0129.0+6312,127.15824,0.6493515,908.47736,-20.994013539157258,2.6639903,0.14883009,0.23745841,3.1423504,0.992846,-0.42510837,0.0042351456,0.6666667,-0.7505972,-0.69712466,-0.99973905,0.96537846,1.5877703594546169,LogParabola,0.10277525,0.3199964,3FGL J0128.4+6257,,spp,,2MASS J01283059+6306298,,0.8272173,0.0,2
4FGL J0138.6+6821,127.284904,5.8786836,987.35345,-21.530076954735286,2.6994045,0.11209629,0.061733,1.0013779,0.996168,-0.4854619,0.0011484515,0.6666667,-0.88301605,-0.7367484,-0.52255034,-0.6924381,0.3892659905122038,PowerLaw,0.0679488,0.0873777,,,unk,,87GB 013451.9+680621,,0.0,0.8131367,0
4FGL J0221.4+6241e,133.04836,1.599426,1543.3099,-19.424778086619504,2.4054542,0.15471672,0.48992616,5.694505,-0.64766484,-0.03939233,0.0051445183,0.6666667,-0.54536724,-0.84297484,-0.85657126,-0.8048553,0.8737746703983053,LogParabola,0.15438019,0.44946945,3FGL J0224.0+6235,,SNR,,HB 3,,,,4
4FGL J0222.4+6156e,133.41885,0.9361786,1458.3889,-18.205159872220534,2.4307818,0.030976178,0.22853066,14.274336,0.1583215,-0.32185888,0.001128353,0.6666667,-0.66550505,-0.75164276,-0.9112924,-0.6238322,1.989672457725362,LogParabola,0.024264878,0.09040477,3FGL J0223.6+6204,,snr,,W 3,HB 3 field,,,4
4FGL J0240.5+6113,135.68022,1.0876453,1177.757,-16.8655612810944,2.3717105,0.008191214,0.15187922,28.226702,-0.13987109,-0.4753456,1.2364417E-4,0.6666667,-0.64861304,-0.70558125,-0.8729564,-0.7386893,5.297133346781401,LogParabola,0.0053875674,0.012195752,3FGL J0240.5+6113,3FHL J0240.5+6113,HMB,,LSI +61 303,,1.0,0.9958602,0
4FGL J0242.6-0000,172.09357,-51.930832,836.02264,-21.272130838343468,2.3761196,0.06984864,0.03636767,0.9410782,-0.49752656,-0.5242195,9.1778196E-4,0.6666667,-0.726952,-0.7044718,-0.28194702,-0.99989873,2.4761819188414838,PowerLaw,0.04027592,0.107514046,3FGL J0242.7-0001,3FHL J0242.7-0002,sbg,,NGC 1068,,0.9995775,0.99712574,0
4FGL J0359.7+4445,154.47958,-6.2716684,2476.3506,-21.977277114639158,2.2757714,0.120240875,-0.05721055,1.1608398,-0.97031224,0.9947064,9.3643105E-4,0.6666667,-0.9490949,-0.029170379,-0.922533,0.7632518,2.030753889264676,PowerLaw,0.040437523,0.13543646,,,unk,,1RXS J040006.3+444512,,0.0,0.8784544,1
4FGL J0402.5+5402,148.71283,1.0319921,9200.324,-22.12607237179966,1.9700702,0.1996345,0.012072536,0.119218245,-0.9542407,0.9916611,3.1236964E-4,0.6666667,0.16275296,-0.6643018,-0.5085757,-0.22396924,2.5269435737071686,PowerLaw,0.08639765,0.23861699,,,unk,,TXS 0358+539,,0.0,0.86799777,0
4FGL J0427.2+5533e,150.24223,4.5783525,8970.799,-19.640341503387468,1.6904359,0.04843734,0.07336422,3.4200754,-0.9965278,0.9973207,7.3822615E-5,0.6666667,0.022041429,-0.21726425,-0.30358368,-0.3475554,2.0090812182830544,LogParabola,0.021334838,0.055489853,3FGL J0425.8+5600,3FHL J0427.2+5533e,SNR,,SNR G150.3+04.5,,,,4
4FGL J0500.3+4639e,160.36945,2.6909337,933.2845,-19.576046240545967,2.3527281,0.074586496,0.24095973,5.837267,-0.28579748,-0.36577183,0.0023350036,0.6666667,-0.7095791,-0.63843805,-0.8515931,-0.5696059,1.7132421850435426,LogParabola,0.059158377,0.18323293,2FGL J0503.2+4643,,SNR,,HB 9,,,,0
4FGL J0519.9-6845e,279.35507,-33.386795,1198.9558,-18.130395531480616,2.182243,0.027489206,0.1776847,13.204758,0.0068637184,-0.25001252,7.6892495E-4,0.6666667,-0.58752483,-0.6481806,-0.8370162,-0.19420335,2.1596574729568507,LogParabola,0.018672898,0.06206598,3FGL J0526.6-6825e,,GAL,,LMC,,,,512
4FGL J0521.2+1637,187.42412,-11.330111,1563.1183,-21.881030703035968,2.3708375,0.23195834,0.14812626,1.176986,0.0012354794,-0.58992404,0.0033416725,0.6666667,-0.57069737,-0.55617744,-0.79349923,-0.9999998,3.8431019294159445,PowerLaw,0.13227093,0.51533103,,,css,,3C 138,,0.99609286,0.99724627,0
4FGL J0524.4-2413,226.91878,-29.202547,420.6772,-22.911612676040246,2.8489308,0.18622966,0.01627709,0.16824341,-0.38931468,-0.73187876,0.004370993,0.6666667,-0.7787664,-0.7551149,-0.9999953,0.98095053,2.6146725412563305,PowerLaw,0.1013926,0.320514,,,glc,,NGC 1904,,0.9633442,0.8323558,256
4FGL J0524.8-6938,280.30667,-32.79878,4305.3696,-22.1820415167975,2.0746531,0.18368633,-2.828927E-4,0.0,-0.3783007,-0.5252061,4.991497E-4,0.6666667,-0.8634044,-0.5014743,-0.032536943,-0.6206067,2.045245368120914,PowerLaw,0.060336437,0.25368804,3FGL J0524.5-6937,,snr,,LMC SNR N 132D,LMC-Galaxy field,0.8,0.0,0
4FGL J0526.7+4254,166.15872,4.3091006,655.72253,-21.434278184727734,2.659573,0.1820713,0.21234687,2.3255284,-0.6410337,-0.3040222,0.004695828,0.6666667,-0.8056967,-0.7402494,-0.9982416,-0.87952024,1.609682881358648,PowerLaw,0.11833171,0.38580802,3FGL J0526.0+4253,,snr,,SNR G166.0+04.3,,0.8,0.8457636,0
4FGL J0534.5+2201s,184.55287,-5.781456,50.548336,-20.960084084650283,3.8646383,0.06282914,0.5210417,1.7930875,-0.60067636,-0.9388299,0.019771222,0.6666667,-0.911851,-0.9969491,0.3961471,-0.93417215,6.290011077813611,PowerLaw,0.118690744,0.26165476,3FGL J0534.5+2201s,3FHL J0534.5+2201,PWN,,Crab Nebula,,1.0,0.9998551,20
4FGL J0535.2-6736,277.75247,-32.160187,752.282,-21.161034453557892,2.624482,0.090004645,0.15324895,2.9743564,-0.049368676,-0.7845492,0.003025511,0.6666667,-0.6454642,-0.84569186,-0.96556413,-0.40421575,1.7008062534394184,LogParabola,0.060864482,0.21535945,,,HMB,,LMC P3,LMC-Galaxy field,1.0,0.9778559,0
4FGL J0537.8-6909,279.55023,-31.742825,5648.531,-20.52747249622286,2.0045516,0.06279695,-0.037493497,1.4733363,-0.9998355,0.992121,1.0407293E-4,0.6666667,-0.40342712,-0.6130444,-0.6470529,-0.14941165,1.4745854353336707,PowerLaw,0.020711595,0.088872194,0FGL J0538.4-6856,3FHL J0537.9-6909,pwn,,N 157B,LMC-Galaxy field,0.9998788,0.9954455,4
4FGL J0540.3+2756e,180.24426,-1.4998169,1107.1104,-18.7762994845757,2.1986804,0.055631332,0.124881044,4.463512,-0.52644295,-0.35393333,7.272519E-4,0.6666667,-0.5095046,-0.54472876,-0.78083557,-0.6160107,2.054523365636576,LogParabola,0.03126732,0.08962882,3FGL J0540.3+2756e,,SNR,,Sim 147,,,,4
4FGL J0608.6+1149,197.51508,-3.909119,3205.2861,-21.946418816479486,2.2113583,0.18688767,-0.009533196,0.106578134,0.9952768,-0.6609152,0.0014186411,0.6666667,-0.92136365,0.24368474,-0.6630582,-0.6608048,2.48791834352637,PowerLaw,0.08367809,0.18788368,,,unk,,NVSS J060835+114942,,0.0,0.8162799,0
4FGL J0608.8+2034c,189.86746,0.35267115,1711.7826,-20.82185119256474,2.5035691,0.19330128,0.24593559,2.9081452,-0.79330295,0.98025215,0.00429836,0.6666667,-0.72710353,-0.7275743,-0.81585705,-0.9991911,2.232217031676917,PowerLaw,0.1300282,0.5451563,2FGL J0608.3+2037,,unk,,NVSS J060900+203746,,0.0,0.81158346,32
4FGL J0617.2+2234e,189.04765,3.0334508,3665.2312,-16.706329463408395,2.056883,0.015746957,0.12396469,20.777721,0.31100628,-0.24356602,1.4078073E-4,0.6666667,-0.5481992,-0.5528164,-0.69399655,-0.65096515,2.2116676500416363,LogParabola,0.005873362,0.019310035,3FGL J0617.2+2234e,3FHL J0617.2+2234e,SNR,,IC 443,,,,0
4FGL J0618.1+7819,135.67383,24.865604,2314.3413,-22.543894871377148,2.1701653,0.10951475,-0.099867634,1.6801864,0.99998194,-0.6234372,4.4889198E-4,0.6666667,-0.7057972,-0.29045883,-0.8350089,0.21960782,1.0209501561064285,PowerLaw,0.03871525,0.21864551,3FGL J0618.0+7819,,sbg,,NGC 2146,,0.98871547,0.97111225,0
4FGL J0632.8+0550,205.61147,-1.4479226,16727.78,-22.299918275765293,1.883186,0.29710582,-0.097915374,1.8098494,0.99664974,-0.7567915,6.6190003E-4,0.6666667,-0.9419617,-0.30532157,-0.24132273,-0.5881465,2.0506344433417074,PowerLaw,0.062764056,0.14116468,,3FHL J0632.7+0550,hmb,,HESS J0632+057,Monoceros field,0.8,0.9237122,0
4FGL J0634.2+0436e,206.87491,-1.7003806,882.7264,-18.57239326100951,2.2745686,0.049197767,0.21472685,8.398416,-0.22390887,-0.23224363,0.0014076988,0.6666667,-0.5789766,-0.69440067,-0.7340929,-0.69972885,0.33719189953122475,LogParabola,0.036433537,0.109554686,3FGL J0634.1+0424,,snr,,Rosette,Monoceros field,,,4
4FGL J0639.4+0655e,205.40027,0.5034855,755.66,-18.343428455105176,2.2635696,0.086279474,0.2782915,7.823113,0.15073337,-0.38044348,0.0022123721,0.6666667,-0.6161301,-0.7518496,-0.79682565,-0.733148,1.8795206960872244,LogParabola,0.050736595,0.150137,3FGL J0640.9+0752,,SNR,,Monoceros,,,,4
4FGL J0647.7-4418,253.67218,-19.200987,1775.3699,-22.039728932916383,2.1913476,0.2429732,0.24422783,2.0523918,-0.80333453,-0.36062613,0.00293395,0.6666667,-0.5486745,-0.38640213,-0.8704826,-0.99963266,2.376707772059971,PowerLaw,0.15382117,0.4548465,3FGL J0647.1-4415,,hmb,,RX J0648.0-4418,,0.8513498,0.80371433,0
4FGL J0647.7+0031,212.05276,-0.57211107,884.1549,-21.157970912904425,2.5571864,0.11770544,0.071447216,1.1355928,0.9999041,0.09467661,0.0012395246,0.6666667,-0.8277371,-0.77152747,-0.52082795,-0.67575896,1.6665289151223703,PowerLaw,0.07986805,0.09520179,3FGL J0647.6+0032,,spp,,SNR G213.0-00.6,,0.8,0.0,258
4FGL J0650.6+2055,194.05469,9.203488,5243.5503,-21.50638663177718,1.7403374,0.11110891,0.093325414,1.9551245,0.98433596,-0.629751,3.5930585E-4,0.6666667,-0.14365885,-0.3472423,-0.37760496,-0.3885587,2.0099835862242075,PowerLaw,0.05121575,0.16082345,3FGL J0650.5+2055,3FHL J0650.6+2055,unk,,NVSS J065035+205556,,0.0,0.9463466,0
4FGL J0709.7-3009,241.97298,-9.645979,3772.7314,-22.27787471359981,1.9954093,0.16195838,0.032281943,0.47147113,0.9910213,-0.9671859,5.4665055E-4,0.6666667,0.63375586,-0.77591753,-0.27227283,-0.40882826,2.3047690048918525,PowerLaw,0.07201365,0.21982841,,3FHL J0709.7-3008,unk,,1RXS J070947.9-300901,,0.0,0.9446162,0
4FGL J0809.5-4714,262.72278,-7.6400313,1508.5957,-21.872492549501292,2.38827,0.21926966,0.13068742,1.3123947,-0.36397618,-0.53365684,0.0020405913,0.6666667,-0.7158996,-0.71665174,-0.5310323,-0.9999602,1.677619412062267,PowerLaw,0.12180061,0.29682782,,,unk,,Gamma02 Velorum,,0.0,0.8383361,0
4FGL J0822.1-4253e,260.30905,-3.3742685,1894.2987,-18.534654315102465,2.041768,0.033792682,0.10194356,5.8746843,-0.36550823,-0.313167,2.2321974E-4,0.6666667,-0.47648987,-0.42766535,-0.6523173,-0.5755602,1.892982887404212,LogParabola,0.017142283,0.048652463,3FGL J0822.6-4250e,3FHL J0822.1-4253e,SNR,,Puppis A,,,,0
4FGL J0833.1-4511e,263.3321,-3.10605,6632.442,-18.160795571947713,2.2073536,0.04536196,0.027837083,1.0781418,0.49180454,0.7613189,9.184763E-5,0.6666667,-0.3767195,-0.5584806,-0.7297409,-0.59504575,2.4818850612108028,PowerLaw,0.024177087,0.055280432,3FGL J0833.1-4511e,,PWN,,Vela X,,,,0
4FGL J0838.7-2827,250.57239,7.809594,1304.6708,-20.396783714166077,2.122518,0.0807656,0.28074825,6.4832973,0.81092,-0.10819604,0.0017630799,0.6666667,-0.48365363,-0.47838613,-0.9331557,-0.9914816,1.7643563050453928,LogParabola,0.06225511,0.206467,3FGL J0838.8-2829,,unk,,1RXS J083842.1-282723,,0.0,0.9642502,0
4FGL J0851.9-4620e,266.26007,-1.2322998,6999.5693,-18.461504043511884,1.7815572,0.020546166,-0.01281672,1.0516888,0.9917186,-0.4710782,4.050309E-5,0.6666667,-0.56820893,-0.43300146,-0.41023302,-0.19787234,2.48102586049368,PowerLaw,0.008514093,0.029919153,3FGL J0852.7-4631e,3FHL J0851.9-4620e,SNR,,RX J0852.0-4622,,,,0
4FGL J0852.5-3123,254.77513,8.371002,9166.346,-22.683748608702338,1.7633686,0.4310684,0.16913265,1.1179553,-0.9770147,-0.9999569,0.0012909642,0.6666667,0.9999955,-0.56144994,-0.25951207,-0.2682175,1.9472735865007131,PowerLaw,0.21291097,0.7228481,,3FHL J0852.5-3124,unk,,NVSS J085238-312331,,0.0,0.84441847,0
4FGL J0858.0-3130,255.60423,9.196126,5870.02,-21.80607170272496,1.8104843,0.14447413,0.047732808,0.831776,0.99781835,-0.93807214,4.329169E-4,0.6666667,0.22234987,-0.38825926,-0.48197287,-0.17112976,2.555865705945939,PowerLaw,0.06421295,0.21230616,3FGL J0858.1-3130,3FHL J0858.0-3131,unk,,NVSS J085802-313040,,0.0,0.98605096,0
4FGL J0904.7-4908c,269.78375,-1.4360971,701.959,-21.127563395254878,2.7643707,0.270497,0.58164185,3.7125587,-0.7002094,-0.12683375,0.004839268,0.6666667,-0.87636447,-0.83516103,-0.72825205,-0.9999998,1.270184167799902,LogParabola,0.13987103,0.3369747,3FGL J0905.6-4917,,unk,,1RXS J090505.3-490324,,0.0,0.8047491,49
4FGL J0910.0+4257,178.2341,42.924023,903.70844,-22.14736178073683,2.5162601,0.38856333,0.5278365,2.4584827,0.9996925,-0.6061924,0.008660955,0.6666667,-0.6227254,-0.91758364,-0.99983925,0.9992558,2.3204123003803727,PowerLaw,0.38136956,0.7378901,,,css,,3C 216,,0.0,0.96243405,0
4FGL J0912.1-6449,282.17368,-11.215276,1297.8901,-21.456251015820836,2.3138397,0.17780812,0.2777572,3.0664134,0.96543825,0.7890016,0.0030550077,0.6666667,-0.5045285,-0.6613404,-0.8332424,-0.99809575,1.9964324105327087,LogParabola,0.12216962,0.37743372,3FGL J0912.2-6452,,glc,,NGC 2808,,0.9973071,0.0,0
4FGL J0921.7-6317,281.7689,-9.40067,1760.3008,-21.736767034924224,2.2315495,0.30244607,0.40420043,3.1826384,-0.94050187,0.8844471,0.005580947,0.6666667,-0.5728391,-0.37759072,-0.99927205,-0.9996066,1.1987892142931833,LogParabola,0.21969612,0.7104067,,,lmb,,2S 0921-630,,0.86303204,0.0,256
4FGL J0951.7-5328,278.0827,0.5000744,3596.9739,-21.64481637599231,2.1242259,0.13411555,-0.056346893,0.7269377,-0.9999943,0.9999031,1.409205E-4,0.6666667,-0.6129298,-0.55348194,-0.9169788,0.40233496,1.8036472078006467,PowerLaw,0.05389804,0.1373736,,,spp,,SNR G279.0+01.1,,0.8,0.0,0
4FGL J0955.7+6940,141.42867,40.568253,1306.9602,-20.82369358432159,2.2008681,0.051250767,0.054211184,1.9618894,0.99874336,-0.43108726,4.8534657E-4,0.6666667,-0.55452776,-0.6508882,-0.57353497,-0.71512103,1.8648296744127442,PowerLaw,0.028189376,0.07778383,3FGL J0955.4+6940,3FHL J0955.8+6939,sbg,,M 82,,0.99874455,0.99849063,0
4FGL J1008.1-5706,282.1348,-0.97617835,1065.801,-20.0066076111865,2.7520726,0.12853038,0.16316858,3.325876,0.6621779,-0.27046263,9.6295204E-4,0.6666667,-0.81222725,-0.86843467,-0.7428435,-0.8404949,1.1611195229084164,LogParabola,0.061020095,0.4847074,3FGL J1008.6-5706,,unk,,1RXS J100718.2-570335,,0.0,0.83419794,258
4FGL J1011.1-4420,275.09564,9.692405,3383.213,-22.495034528997394,2.0515158,0.20493838,0.024284966,0.31560186,-0.5326193,-0.7776205,6.32841E-4,0.6666667,-0.64538944,-0.4872341,-0.27368194,-0.54660404,1.6904507550779944,PowerLaw,0.082996905,0.2485454,,,unk,,1RXS J101130.7-442241,,0.0,0.8644327,256
4FGL J1018.9-5856,284.3546,-1.684872,1772.7666,-17.52162111476039,2.4562974,0.02302324,0.23604476,21.22688,-0.18726236,-0.46364504,5.9372507E-4,0.6666667,-0.66892296,-0.7594122,-0.9072475,-0.8428066,1.587528248550461,LogParabola,0.014330084,0.05525957,3FGL J1018.9-5856,3FHL J1018.8-5857,HMB,,1FGL J1018.6-5856,FGES J1036.3-5833 field,1.0,0.0,0
4FGL J1023.3-5747e,284.2092,-0.4104208,19551.87,-19.309823600872598,2.0500348,0.101580665,-0.0060551167,0.20948622,-0.5099584,0.93578976,1.8829726E-4,0.6666667,-0.85819185,-0.558872,-0.6138597,-0.44972405,1.5692690112451286,PowerLaw,0.024684317,0.21016303,3FGL J1023.1-5745,3FHL J1023.3-5747e,SFR,,Westerlund 2,FGES J1036.3-5833 field,,,4
4FGL J1023.7+0038,243.48004,45.78247,534.071,-19.979499167341267,2.381923,0.043824263,0.16053842,6.4023013,-0.30108476,-0.43633813,0.0011825457,0.6666667,-0.70025456,-0.731832,-0.84937334,-0.755062,6.894878724498519,LogParabola,0.027252652,0.08444447,2FGL J1023.6+0040,3FHL J1023.7+0040,LMB,,PSR J1023+0038,,1.0,0.0,0
4FGL J1024.5-5329,282.05533,3.313429,8475.998,-23.055818758672736,1.7436507,0.54778194,0.71053404,3.2382772,0.9990427,-0.9784301,0.001375271,0.6666667,0.998982,-0.32469174,-0.19355282,-0.8262658,2.2906193716279097,LogParabola,0.42333594,0.018988354,,,unk,,1RXS J102441.6-533141,,0.0,0.809698,0
4FGL J1024.5-4543,277.87323,9.875003,4659.9585,-22.14997326132257,1.8894291,0.18710971,0.0718303,0.95827967,0.99981236,-0.33661473,6.649691E-4,0.6666667,-0.6373359,-0.35134572,-0.3362724,-0.65438634,2.0994151191839086,PowerLaw,0.087268144,0.2768172,3FGL J1024.4-4545,3FHL J1024.5-4543,unk,,1RXS J102430.1-454401,,0.0,0.94164234,0
4FGL J1029.3-6657,289.66034,-7.8187947,2421.1992,-22.047679875488445,2.3864923,0.22467226,0.017589143,0.26890948,-0.08345654,-0.7189794,0.0015924104,0.6666667,-0.9107895,-0.16008483,-0.59926194,-0.66364086,2.618687665308777,PowerLaw,0.082882255,0.16262624,,,unk,,PMN J1029-6656,,0.0,0.9064799,0
4FGL J1034.7-4645,279.9387,9.928071,3262.6462,-22.520618039013794,2.125096,0.5033262,0.10830732,0.5195869,-0.77410126,-0.69242674,0.0026185566,0.6666667,-0.54824924,-0.58756196,-0.2186595,-0.7017657,2.294787666824012,PowerLaw,0.2571241,0.7753543,,3FHL J1034.8-4645,unk,,1RXS J103438.7-464412,,0.0,0.9521657,0
4FGL J1045.1-5940,287.60138,-0.6245656,2014.8308,-17.67913393747216,2.2978935,0.017950824,0.12813604,12.477075,0.99990803,-0.30687714,3.0369606E-4,0.6666667,-0.6072522,-0.636686,-0.79471,-0.6387037,3.687537783755209,LogParabola,0.011516484,0.03826733,3FGL J1045.1-5941,3FHL J1045.1-5941,BIN,,Eta Carinae,FGES J1036.3-5833 field,1.0,0.0,4
4FGL J1045.7-6414,289.79263,-4.627209,1571.3943,-21.199793237713887,2.4304419,0.13503169,0.1253698,1.9118865,0.330991,-0.6781618,0.002966998,0.6666667,-0.5716791,-0.68578583,-0.8613857,-0.9985401,2.0892731188661937,PowerLaw,0.0784911,0.39292035,3FGL J1045.3-6414,,unk,,1RXS J104537.2-641438,,0.0,0.958258,0
4FGL J1051.6+3253,193.0703,63.529655,2105.6887,-22.693440052929414,2.1935024,0.15314315,-0.055655,0.7630663,-0.13290206,-0.9874751,0.0011005745,0.6666667,0.5548138,-0.5501928,-0.25789192,-0.99954116,3.1028771231595824,PowerLaw,0.0582245,0.34271568,,,sbg,,NGC 3424,,0.99207217,0.84119767,0
4FGL J1059.5-6021,289.52295,-0.43875116,2659.443,-20.732632583378106,2.5050993,0.20403333,0.22323956,2.4968026,0.89884895,-0.29571664,0.004757831,0.6666667,-0.6853101,-0.68366,-1.0,0.9999978,1.5063199357098047,PowerLaw,0.14099497,0.57478225,,,spp,,SNR G289.7-00.3,,0.8,0.0,16
4FGL J1102.0-6054,290.0243,-0.8094458,1568.7766,-19.31847914279277,2.5503259,0.09016812,0.28434625,6.817263,-0.6205233,-0.22810178,0.00815391,0.6666667,-0.7038772,-0.8378188,-0.8667945,-0.112086535,1.0746326252197924,LogParabola,0.060532514,0.6701683,3FGL J1101.9-6053,,spp,,2MASS J11015838-6056516,FGES J1109.4-6115 field,0.9733658,0.0,528
4FGL J1151.4-6248,296.142,-0.73365104,3153.0242,-20.839525108628568,2.4054732,0.23930866,0.080045745,1.3459866,0.7964288,0.6870723,0.001377602,0.6666667,-0.83171517,-0.6539181,-0.73305786,-0.7018278,2.005571721326245,PowerLaw,0.0803721,0.12988633,,,spp,,SNR G296.1-00.5,,0.8,0.0,16
4FGL J1152.6-6207,296.1239,-0.026665341,1944.9512,-21.225244312053825,2.5623393,2.1205144,0.42462674,2.8873436,-0.6141717,-0.5550127,0.0014219682,0.6666667,-0.7374745,-0.9002507,-0.35535473,-1.0,1.7876453705127608,PowerLaw,1.0009781,0.21879233,,,spp,,SNR G296.1-00.5,,0.8,0.0,8
4FGL J1155.2-6259,296.59695,-0.80959797,6985.353,-21.099195100158656,2.2387471,0.17782712,-0.035031345,0.68571186,-0.5381381,0.90804875,0.0048315213,0.6666667,-0.65953726,-0.6477057,-0.81940037,-0.75058323,1.4687058656036478,PowerLaw,0.04783829,0.9486406,,,spp,,SNR G296.7-00.9,,0.8,0.0,260
4FGL J1155.6-6547,297.24838,-3.5403879,1106.7228,-21.74834683526234,2.6846857,0.30769733,0.29878345,2.600197,0.991633,-0.64396656,0.019738551,0.6666667,-0.82399255,-0.8877828,-0.999831,-0.88734776,0.3183238495819315,PowerLaw,0.15516332,1.3500289,,,unk,,PMN J1154-6542,,0.0,0.8986764,0
4FGL J1158.3-6232,296.84955,-0.29444847,3561.3696,-20.831986942627683,2.3399427,0.18287276,0.14853206,2.1033611,0.9519907,-0.49282143,0.0019944909,0.6666667,-0.5854566,-0.6545139,-0.8262109,-0.7271052,2.927431904443388,PowerLaw,0.09885871,0.3736447,,,spp,,SNR G296.8-00.3,,0.8,0.0,1
4FGL J1159.3-6122,296.7372,0.8614489,2251.0916,-21.300335174392856,2.515913,0.20531122,0.12405409,1.69768,0.85220695,-0.58188796,0.0028910935,0.6666667,-0.6192164,-0.6825904,-0.85436934,-0.99997663,2.533631068819186,PowerLaw,0.09016947,0.34979236,,,unk,,1RXS J115843.7-611934,,0.0,0.80742866,285
4FGL J1208.5-5243e,296.36636,9.593775,3768.7258,-20.660810966449283,1.8621867,0.056466695,0.0022230311,0.09528506,0.99988973,0.014626807,1.0654692E-4,0.6666667,-0.5937532,-0.24116923,-0.5409957,-0.44197026,1.0558150567234181,PowerLaw,0.022644961,0.06759253,3FGL J1209.1-5224,3FHL J1208.5-5243e,SNR,,SNR G296.5+10.0,,,,4
4FGL J1213.3-6240e,298.58282,-0.12688911,2738.0007,-18.601709581930905,2.2630107,0.03856765,0.0879548,5.2691584,0.9306838,-0.26799053,4.7461462E-4,0.6666667,-0.62930053,-0.611491,-0.7113656,-0.63375944,1.8558944003901792,LogParabola,0.019347547,0.076485485,3FGL J1214.0-6236,3FHL J1213.3-6240e,snr,,SNR G298.6-00.0,,,,4
4FGL J1256.1-5652,303.57413,5.9941196,679.615,-21.37692036070391,2.6708608,0.19477421,0.56947947,3.686541,0.99997765,-0.3790823,0.007024405,0.6666667,-0.7698849,-0.8848353,-0.6870464,-0.9963114,1.4148557940946715,LogParabola,0.20093472,0.45234197,3FGL J1256.1-5703,,unk,,1RXS J125554.2-564945,,0.0,0.90431535,0
4FGL J1303.0-6312e,304.23477,-0.3575033,10555.423,-19.86060367836941,1.8191205,0.053378373,-0.031382,1.2688553,0.027099373,-0.6490581,7.905112E-5,0.6666667,-0.65219826,-0.5160149,-0.48166314,-0.15933274,1.1260034272311423,PowerLaw,0.021829495,0.07677413,3FGL J1303.0-6312e,3FHL J1303.0-6312e,PWN,,HESS J1303-631,,,,0
4FGL J1305.4-4928,305.27112,13.334779,1409.9603,-20.759174381327362,2.275475,0.06013635,0.041597955,1.2751092,0.0133807445,-0.3772995,3.5656788E-4,0.6666667,-0.69797254,-0.5447216,-0.70722675,-0.5527705,2.074528560415541,PowerLaw,0.03201434,0.07744711,3FGL J1305.4-4926,3FHL J1305.4-4927,sbg,,NGC 4945,,0.9997731,0.99789065,0
4FGL J1305.5-6241,304.55353,0.13339922,3146.033,-19.554141571898096,2.3462372,0.06691508,0.032365866,1.055323,0.09167104,0.12803252,3.3383217E-4,0.6666667,-0.5502696,-0.64709306,-0.74822825,-0.5230289,1.4648469433818718,PowerLaw,0.032937482,0.09057395,3FGL J1305.7-6241,3FHL J1305.5-6240,snr,,Kes 17,,0.8,0.0,0
4FGL J1326.6-4729,309.07816,14.957956,1690.0305,-19.97715728996472,2.2061112,0.08546054,0.52050567,10.63344,0.9593858,-0.10762653,0.002348793,0.6666667,-0.35097447,-0.65816134,-0.9421072,-0.99999934,1.7898311891713257,LogParabola,0.08188136,0.25342542,3FGL J1326.7-4727,,glc,,Omega Cen,,0.99792176,0.0,0
4FGL J1331.0+3032,56.791004,80.68729,1284.069,-22.513497613845573,2.4111938,0.20571885,0.11289595,1.1937506,0.84160626,-0.79560816,0.0034906508,0.6666667,-0.73277444,-0.36056697,-0.88392067,-0.99997497,1.0718820293535118,PowerLaw,0.11512288,0.43641132,3FGL J1330.5+3023,,css,,3C 286,,0.98512655,0.99724907,0
4FGL J1343.8-6208,309.01355,0.109214574,2929.7808,-20.41937581369586,2.4456034,0.051276114,0.16099727,2.1943939,0.9993017,0.6614761,0.005582016,0.6666667,-0.61114734,-0.7782309,-0.7498355,-0.659815,1.6386666889096555,PowerLaw,0.00534107,0.8691702,,,spp,,SNR G308.8-00.1,,0.8,0.0,26
4FGL J1344.9-6228,309.07404,-0.24557248,1764.1611,-19.522155088790594,2.5508382,0.13879707,0.37481523,6.2396183,0.99307877,-0.4341112,0.0015433838,0.6666667,-0.5205687,-0.78994644,-0.9411647,-0.95633686,1.3531690867031534,LogParabola,0.10427936,0.2049319,3FGL J1345.1-6224,,spp,,SNR G308.8-00.1,,0.8,0.0,18
4FGL J1345.3-6253,309.02722,-0.65269184,2632.242,-20.568868444979312,2.515805,0.3626,0.971557,3.527868,-0.9774122,0.46384728,0.008955217,0.6666667,-0.393027,-0.56811476,-0.99997383,0.99761266,1.7133431021167855,LogParabola,0.22903551,0.5738234,,,spp,,SNR G309.2-00.6,,0.8,0.0,20
4FGL J1355.2-6420e,309.76733,-2.3228676,61491.93,-21.98868823121118,1.3194005,0.1295313,0.051234823,0.77671975,-0.99988526,-0.91414434,1.5614866E-4,0.6666667,0.733432,0.9883475,-0.12451162,-0.067457475,1.5790036574774051,PowerLaw,0.0694158,0.24217628,3FGL J1356.6-6428,,PWN,,HESS J1356-645,,,,0
4FGL J1358.2-6210,310.6401,-0.30418465,1732.6655,-19.46701718463805,2.5273852,0.11706793,0.28338286,5.317889,0.013799803,0.1659255,0.002441434,0.6666667,-0.61515284,-0.75766927,-0.8839616,-0.9960404,1.2879857551788692,LogParabola,0.08482031,0.27680346,,,spp,,SNR G310.6-00.3,,0.8,0.0,1
4FGL J1420.3-6046e,313.57068,0.24041826,23793.871,-19.477509818678705,1.9977322,0.002054993,-0.008990466,0.3309579,-0.93599355,0.98644805,2.500024E-4,0.6666667,-0.62061757,-0.65107656,-0.8005159,-0.0049822703,3.1514433089665785,PowerLaw,0.02641755,0.39558667,3FGL J1420.0-6048,1FHL J1420.1-6047,PWN,,HESS J1420-607,,,,0
4FGL J1433.5-5457,317.3163,5.031497,1004.65027,-21.389362067047514,2.6422753,0.16995482,0.22216052,2.5978894,-0.51363885,-0.64017165,0.00420328,0.6666667,-0.7946666,-0.6665649,-0.99239564,-0.98075074,1.5680650590376553,PowerLaw,0.11351543,0.37078682,,,unk,,1RXS J143329.9-545931,,0.0,0.9276447,0
4FGL J1435.8-6018,315.5187,-0.01864386,1010.3445,-20.14057948579285,2.6914291,0.25545567,0.7263333,5.7237,-0.8925961,0.19737794,0.01122311,0.6666667,-0.66166353,-0.96996695,-0.6323464,-0.9952334,1.545538428605146,LogParabola,0.18661137,1.457132,,,spp,,SNR G315.4-00.3,,0.8,0.0,9
4FGL J1441.6-5951c,316.36096,0.1064657,3203.6638,-20.312990387736665,2.5094075,0.29776126,0.99920505,4.342684,0.97178346,-0.8365671,0.0063287457,0.6666667,-0.32967225,-0.4558113,-0.95946884,-0.99968964,2.516461209348473,LogParabola,,0.4848557,3FGL J1441.5-5955c,,spp,,SNR G316.3-00.0,,0.8,0.0,2096
4FGL J1442.2-6005,316.33533,-0.13442212,1904.3983,-19.415176493114444,2.5027559,0.13414702,0.3139325,5.1901894,-0.828739,0.99543715,0.0021237298,0.6666667,-0.57042617,-0.71353287,-0.9373425,-0.8132322,2.6362600406556487,LogParabola,0.0993784,0.2784467,2FGL J1441.6-5956,,spp,,SNR G316.3-00.0,,0.8,0.0,4
4FGL J1443.0-6227e,315.4419,-2.3204007,26893.717,-21.478629494951097,1.4452621,0.12377796,0.15002629,2.7382033,-0.9999079,-0.9977778,1.2629473E-4,0.6666667,0.9999342,0.96970326,-0.106480576,-0.08996733,2.4959839063552245,PowerLaw,0.069190815,0.14017238,,3FHL J1443.0-6227e,SNR,,RCW 86,,,,0
4FGL J1453.4-5858,318.09995,0.26264417,2716.6973,-20.700404356345146,2.5113757,0.21625845,0.1797059,1.6789157,-0.87059826,0.5815898,0.010046076,0.6666667,-0.65613925,-0.7604938,-0.8500892,-0.52479345,1.540289682145412,PowerLaw,0.18139581,1.4917674,,,spp,,SNR G318.2+00.1,,0.8,0.0,29
4FGL J1459.0+7140,109.99322,42.10191,904.03394,-22.26719198402347,2.446429,0.10994615,0.027050072,0.44097516,0.986928,-0.60490036,0.0010096295,0.6666667,-0.6256087,-0.767218,-0.85722786,-0.0652878,4.516418514936266,PowerLaw,0.061688002,0.14428988,,,css,,3C 309.1,,0.999343,0.9974714,0
4FGL J1459.0-5353,321.13934,4.4041533,1865.6278,-21.654020981015524,2.4928174,0.22447738,0.06998812,0.8401933,-0.81300247,0.9841124,0.0013416008,0.6666667,-0.6990929,-0.89047426,-0.35805655,-0.6249512,2.440615073609784,PowerLaw,0.11668728,0.12838912,,,unk,,AT20G J145935-535047,,0.0,0.8657233,28
4FGL J1503.6-4146,327.78787,14.621769,2174.228,-22.184013571667535,2.2717247,0.14670701,-0.034557857,0.40362686,0.9799734,-0.44514665,2.962665E-4,0.6666667,-0.45907617,-0.716584,-0.64634764,-0.2743118,1.1997161877361509,PowerLaw,0.06876308,0.15910132,1FGL J1501.6-4204,,spp,,SNR G327.6+14.6,,0.8,0.9164554,0
4FGL J1508.9-4110,329.00006,14.637994,868.01276,-21.837649661926683,2.593939,0.30537745,0.6966003,4.293884,0.99801236,-0.35453758,0.006492038,0.6666667,-0.53457856,-0.9387823,-0.9999995,0.9995319,1.1120436716294002,LogParabola,0.277491,0.506832,,,spp,,SNR G330.0+15.0,,0.8,0.0,2
4FGL J1514.2-5909e,320.3458,-1.2088813,11390.72,-19.415350945829527,1.802716,0.037354045,-0.0029276225,0.14191984,-0.4693959,-0.58738655,7.0628834E-5,0.6666667,-0.6750476,-0.32718375,-0.45836535,-0.32642505,2.0299169276561058,PowerLaw,0.018397452,0.05571204,3FGL J1514.0-5915e,3FHL J1514.2-5909e,PWN,,MSH 15-52,,,,516
4FGL J1518.8+0203,3.8860004,46.730453,1510.2316,-21.90606096241988,2.2777874,0.2979084,0.620786,3.2566414,-0.9999698,0.99964726,0.0100162625,0.6666667,-0.19913152,-0.78239876,-0.8410434,-0.9919733,1.752083832615635,LogParabola,0.30670267,1.0255526,,,glc,,NGC 5904,,0.99198514,0.0,0
4FGL J1528.4-6729,317.13382,-9.05881,4469.1606,-22.244758167013238,1.9929659,0.18867199,0.09140568,1.2157878,0.9836491,-0.70973223,5.2698504E-4,0.6666667,-0.600059,-0.4352374,-0.4134986,-0.69016135,1.4081312743111944,PowerLaw,0.084417775,0.20786524,,3FHL J1528.4-6730,unk,,1RXS J152815.0-673003,,0.0,0.92409295,0
4FGL J1533.9-5712e,323.59512,-0.99994844,239424.86,-23.467018874020145,0.96843463,0.36137158,0.011113556,0.08603535,-0.9965687,-0.9905401,2.988199E-4,0.6666667,0.7281735,0.99910915,-0.6981712,-0.04528277,1.1373177107219121,PowerLaw,0.16196422,0.8670508,,,SNR,,HESS J1534-571,,,,1
4FGL J1534.7+2331,36.654972,53.071682,989.4079,-22.253266427228294,2.4161868,0.15959533,0.03564736,0.43037373,-0.04736591,-0.6303398,0.001265992,0.6666667,-0.5853123,-0.71071243,-0.9997804,0.9985236,2.5926875680285084,PowerLaw,0.090752706,0.20866928,,,sbg,,Arp 220,,0.99150884,0.8805369,0
4FGL J1545.0-6642,318.91748,-9.381414,7448.869,-21.851662588352912,1.7383816,0.11646429,0.008946582,0.17763342,0.99823993,-0.5333544,2.0980353E-4,0.6666667,-0.6617335,-0.35463297,-0.17435765,-0.35463685,1.0228999525910767,PowerLaw,0.04884657,0.14976554,3FGL J1545.0-6641,3FHL J1544.9-6641,unk,,1RXS J154458.3-664153,,0.0,0.992007,0
4FGL J1552.4-5612e,326.2077,-1.7477108,5293.2607,-20.242658116722204,2.050145,0.1597766,0.21233557,3.4144566,0.99993646,-0.99934995,5.2825146E-4,0.6666667,0.99601835,-0.39112034,-0.5760128,-0.8338871,1.3810575776565488,LogParabola,0.08723081,0.18450652,1FGL J1552.4-5609,3FHL J1552.7-5611e,PWN,,MSH 15-56,MSH 15-56 SNR field,,,20
4FGL J1552.9-5607e,326.31873,-1.7351333,4079.7063,-18.95805577526424,2.1037648,0.05958439,0.07685879,3.687169,-0.94897646,0.99937016,2.4326259E-4,0.6666667,-0.5525482,-0.51662105,-0.62799937,-0.48118913,0.9314535327708754,LogParabola,0.024635408,0.079741225,3FGL J1552.9-5610,3FHL J1552.7-5611e,SNR,,MSH 15-56,,,,4
4FGL J1556.0-4713,332.36526,4.81771,1313.7384,-21.102806093034626,2.5486093,0.10448299,0.0076156557,0.15883504,0.71532696,-0.6966153,8.0149906E-4,0.6666667,-0.85759073,-0.70537627,-0.63259256,-0.37818936,1.0065685625097898,PowerLaw,0.052004244,0.090889685,,,unk,,1RXS J155608.6-471529,,0.0,0.93405765,6
4FGL J1601.3-5224,329.65732,0.32543454,1119.6877,-19.554794708959346,2.7403295,0.15311971,0.45146906,6.4058084,-0.40746963,-0.37401938,0.008646286,0.6666667,-0.76107144,-0.9064447,-0.91057974,-0.99642396,1.348843940196927,LogParabola,0.114658855,0.57204413,,,spp,,SNR G329.7+00.4,,0.8,0.0,1
4FGL J1615.3-5146e,331.659,-0.6590821,16248.609,-19.7042130037461,1.7312346,0.07453166,0.11050066,3.172725,-0.21122698,-0.99198675,1.5445858E-4,0.6666667,0.9974889,-0.2890118,-0.2739809,-0.29596692,1.3221725088400627,LogParabola,0.036452655,0.1283647,3FGL J1615.3-5146e,3FHL J1615.3-5146e,SNR,,HESS J1614-518,,,,4
4FGL J1616.2-5054e,332.36514,-0.13094062,6764.717,-18.331851725685436,2.0572102,0.03591306,0.006286231,0.39986336,-0.8246578,0.9947798,6.246987E-5,0.6666667,-0.48046133,-0.53414977,-0.6005918,-0.29032144,1.234291937522779,PowerLaw,0.014349093,0.043289617,3FGL J1616.2-5054e,3FHL J1616.2-5054e,PWN,,HESS J1616-508,,,,4
4FGL J1616.9-2257,352.6753,19.48634,1840.5854,-21.10058754469861,2.2852502,0.18829927,0.2965859,3.5414884,0.9984449,-0.5165612,0.002430182,0.6666667,-0.504812,-0.5162258,-0.95163417,-0.9999946,1.1175204276577517,LogParabola,0.12626757,0.33942547,3FGL J1616.8-2300,,glc,,M 80,,0.99498725,0.0,0
4FGL J1618.7-4633c,335.70117,2.6982014,2365.4797,-21.231257297883133,2.459662,0.3129078,0.32357767,2.6078236,-0.94413525,0.9322112,0.005138028,0.6666667,-0.5773206,-0.61090773,-0.9517618,-0.37532863,1.1608113647453513,PowerLaw,0.078803875,0.5734203,2FGL J1619.0-4650,,unk,,1RXS J161906.9-462319,,0.0,0.8017997,32
4FGL J1619.8-6314,324.03253,-9.271943,8389.75,-22.982831495124678,1.7924608,0.36203843,0.27148044,1.2592894,0.9932404,-0.9999912,0.0025984817,0.6666667,0.99788654,0.4026141,-0.39732066,-0.4434097,2.020882321567728,PowerLaw,0.25726223,1.0123453,,,unk,,1RXS J161946.9-631530,,0.0,0.9237677,0
4FGL J1626.9-2431e,353.0572,16.728449,1298.0085,-19.655975738172593,2.3864696,0.059483964,0.060017724,2.2347288,0.74693596,-0.43271944,7.682725E-4,0.6666667,-0.68659127,-0.61737096,-0.68633235,-0.87997335,2.8616581747485834,PowerLaw,0.030647725,0.099242605,3FGL J1626.2-2428c,,SFR,,rho Ophiuchi,,,,4
4FGL J1627.6-3852,342.3443,6.9241686,2415.48,-21.318844287752512,2.328644,0.17460811,0.24503484,2.6230447,0.42398465,0.993433,0.010625384,0.6666667,-0.58452225,-0.63492924,-0.82865554,-0.29797757,2.1722993126768246,PowerLaw,0.063066855,1.5957439,,,glc,,NGC 6139,,0.9942579,0.0,8
4FGL J1628.2-4848c,335.23013,-0.016264195,1769.88,-19.67903787434357,2.570116,0.22275968,0.3938937,4.513112,-0.9999777,0.9993647,0.00481707,0.6666667,-0.4913447,-0.7623344,-0.99888986,0.21912476,1.1595848849614023,LogParabola,0.16164273,0.61919767,3FGL J1628.9-4852,,spp,,SNR G335.2+00.1,,0.8,0.0,296
4FGL J1631.6-4756e,336.24255,0.16598085,48592.242,-20.188644568614265,1.587711,0.08692135,0.01402253,0.3046846,0.9355347,-0.9998572,7.489975E-5,0.6666667,0.97203064,-0.19390151,-0.23666836,-0.22671321,2.0085666121080465,PowerLaw,0.047161285,0.12391595,3FGL J1633.0-4746e,3FHL J1631.6-4756e,pwn,,HESS J1632-478,FGES J1633.0-4746 field,,,0
4FGL J1633.0-4746e,336.52115,0.11664723,2528.9136,-17.26774538861996,2.1865613,0.02447232,0.08059758,5.6972976,0.93273205,0.6279487,4.462709E-4,0.6666667,-0.5422503,-0.6138901,-0.7050828,-0.5367549,2.2652767118499084,LogParabola,0.01539145,0.060310856,3FGL J1633.0-4746e,3FHL J1633.0-4746e,spp,,HESS J1632-478,,,,4
4FGL J1636.3-4731e,337.07684,-0.12287334,3422.5095,-18.22480306355456,2.3725712,0.06181852,0.10731002,4.9115415,0.9322281,-0.51654273,7.6781923E-4,0.6666667,-0.6839687,-0.6497864,-0.71106327,-0.745032,2.0055110747431626,LogParabola,0.028791636,0.11985332,3FGL J1636.2-4734,,SNR,,SNR G337.0-00.1,FGES J1633.0-4746 field,,,0
4FGL J1638.5-4657,337.7602,-0.02507088,2764.118,-18.81118450822677,2.4715602,0.11524939,0.30666882,6.052147,-0.7397667,-0.39721182,0.0018926968,0.6666667,-0.4767186,-0.69352674,-0.8765906,-0.99992514,2.218579959878168,LogParabola,0.08861964,0.29029375,3FGL J1638.6-4654,,spp,,SNR G337.8-00.1,,0.8,0.0,2
4FGL J1640.6-4632,338.2989,-0.020879952,17174.57,-19.94211465049121,1.794797,0.10369071,0.040732425,0.75545245,-0.5223199,-0.9497738,1.1499945E-4,0.6666667,0.99094945,-0.5370867,-0.53834355,-0.009663436,1.9268844031688455,PowerLaw,0.051506653,0.11905906,3FGL J1640.4-4634c,3FHL J1640.6-4633,spp,,SNR G338.3-0.0,,0.8,0.0,0
4FGL J1641.0-4619,338.50653,0.07926371,2852.8071,-18.79693154047,2.4695187,0.07641093,0.14282791,4.4098773,0.92311054,0.799491,0.0054947296,0.6666667,-0.6577002,-0.6715715,-0.81871474,-0.69060636,1.06433942567326,LogParabola,0.04550691,0.8002651,3FGL J1641.1-4619c,3FHL J1641.1-4619,spp,,SNR G338.5+00.1,,0.8,0.0,16
4FGL J1641.3-5945,328.3763,-8.8027725,1929.5178,-21.595660218519708,2.3826997,0.104514524,-0.0071713817,0.12700656,-0.56457895,-0.6780454,8.2943076E-4,0.6666667,-0.6330392,-0.68788,-0.656077,-0.3199357,2.106854331162616,PowerLaw,0.049538337,0.1017252,,,unk,,1RXS J164117.0-594647,,0.0,0.9406603,4
4FGL J1642.1-5428e,332.4843,-5.43029,1428.5155,-20.273631280442423,2.3099124,0.17567565,0.17167994,0.8639812,0.99905396,-0.49403575,1.2779533E-4,0.6666667,-0.64530474,-0.8443892,-0.28406414,-0.24024601,2.216912956649673,PowerLaw,0.14848611,0.07071675,3FGL J1645.9-5420,,spp,,SNR G332.5-05.6,,,,4
4FGL J1645.1-3323,348.83875,7.9452057,2299.2314,-21.84232199787931,2.3652296,0.15887012,0.023646891,0.38441235,-0.988232,0.9985612,0.0014703306,0.6666667,-0.769739,-0.6042225,-0.51631343,-0.7040999,2.752002240647067,PowerLaw,0.0672257,0.15203829,,,unk,,AT20G J164516-331816,,0.0,0.87889004,0
4FGL J1645.8-4533,339.6346,-0.045276653,2056.1814,-19.20920353575709,2.5636814,0.1223811,0.25846973,5.0409017,0.99908143,-0.61338586,0.0024735064,0.6666667,-0.66542363,-0.8010659,-0.8826885,-0.6801464,0.26335528275752984,LogParabola,0.07409894,0.26372856,,,unk,,4U 1642-45,,0.0,0.9613705,4
4FGL J1647.2-0154,15.754073,26.329037,4104.252,-22.22776540238808,1.9905814,0.36592484,0.99996674,3.8436193,0.9998042,0.9177095,0.0024105632,0.6666667,-0.029955251,-0.065045044,-0.94943845,-0.98548365,1.5319578347968779,LogParabola,,0.0019921307,,,glc,,NGC 6218,,0.9933344,0.0,2052
4FGL J1700.1-4013,345.4172,1.3055555,1250.0696,-20.27171695241372,2.5671818,0.2476578,0.56393015,3.8851323,0.98628896,0.8586069,0.006967951,0.6666667,-0.5527591,-0.85849094,-0.8561616,-0.9724705,2.2517285864244903,LogParabola,0.2636966,0.66296357,3FGL J1700.4-4019c,,unk,,NVSS J165941-401121,,0.0,0.98331314,12
4FGL J1701.0-2617,356.63464,9.658588,1566.6879,-21.738205762088867,2.3844154,0.16919406,0.079623885,0.90391743,0.96659046,-0.60648084,0.0031869502,0.6666667,-0.8095795,-0.46774855,-0.6718882,-0.6691432,2.262722412043741,PowerLaw,0.09976652,0.42770687,,,unk,,PKS 1657-261,,0.0,0.8487127,2
4FGL J1701.2-3006,353.5795,7.323166,1243.2102,-19.558559968395368,2.2856126,0.07227133,0.42679995,10.692628,0.9867254,-0.27498335,0.0012414693,0.6666667,-0.42051598,-0.64221984,-0.9659092,-0.9996583,1.6988183722691719,LogParabola,0.05617421,0.13358982,3FGL J1701.2-3006,,glc,,M 62,,0.99724466,0.0,0
4FGL J1705.7-4124,345.13095,-0.26648456,2576.497,-20.17392596076905,2.497633,0.23846081,0.15522934,2.139195,0.9930996,-0.4822574,0.006733366,0.6666667,-0.6815999,-0.65735215,-0.80461013,-0.99976146,1.8858830512912041,PowerLaw,0.115538985,0.9994716,3FGL J1705.5-4128c,,snr,,SNR G344.7-00.1,,1.0,0.86142564,258
4FGL J1708.6-4312,344.01395,-1.7627261,1769.7601,-20.388669649938084,2.4786813,0.2051518,0.33543134,3.2429645,0.9116422,-0.52913207,0.0037183524,0.6666667,-0.5647966,-0.67287457,-0.9564442,-0.99951607,1.9451396921995476,LogParabola,0.1850868,0.50978607,,,unk,,1RXS J170848.0-431418,,0.0,0.91413355,0
4FGL J1711.1-4600c,342.0178,-3.7858176,1219.7877,-20.88160566706802,2.6597319,0.4570514,0.54260516,3.9557815,-0.6500755,-0.21740809,0.010906639,0.6666667,-0.7429838,-0.8599328,-0.99999917,0.9999877,1.8134742976878935,LogParabola,0.36275643,0.78393805,,,unk,,AT20G J171106-455254,,0.0,0.8495225,57
4FGL J1711.6-3407,351.67,3.1419756,1952.1626,-21.406555823014713,2.489648,0.19036603,0.10829921,1.2045184,0.938164,0.9883935,0.0019991235,0.6666667,-0.64768136,-0.7715432,-0.7646569,-0.48716554,2.196038987445964,PowerLaw,0.11113567,0.31605747,,,unk,,NVSS J171151-340701,,0.0,0.86258197,8
4FGL J1712.5-4642,341.59402,-4.3931174,1261.8738,-20.921896172510667,2.5648124,0.24108657,0.43629754,3.3905325,-0.47242382,-0.49760073,0.012294996,0.6666667,-0.70956016,-0.80465394,-0.95574635,-0.91294146,2.2688652819731097,LogParabola,0.20043078,1.0706421,,,spp,,SNR G343.0-06.0,,0.8,0.0,10
4FGL J1713.5-3945e,347.3355,-0.47268543,8922.387,-19.1567858719511,1.7221098,0.05615223,0.073650144,3.2080982,-0.9997661,0.9995921,6.884997E-5,0.6666667,0.13037287,-0.26243165,-0.38346565,-0.30268735,1.4651958967814032,LogParabola,0.02397111,0.05426315,3FGL J1713.5-3945e,3FHL J1713.5-3945e,SNR,,RX J1713.7-3946,,,,0
4FGL J1714.1-3811,348.6703,0.36042526,10624.771,-20.380405362092038,1.959588,0.12250926,0.049195588,0.848202,0.541885,-0.5200169,1.9994596E-4,0.6666667,-0.6996522,-0.35221228,-0.47874892,-0.44947708,2.1867350738355853,PowerLaw,0.059743866,0.14736275,,3FHL J1714.0-3811,snr,,SNR G348.7+00.3,,0.8,0.99554175,0
4FGL J1714.2-2928,355.77844,5.411589,1434.5438,-21.54706209571243,2.4666076,0.24676766,0.321857,2.2562604,-0.9981732,0.9991972,0.006557968,0.6666667,-0.67018044,-0.6446945,-0.9153117,-0.9962745,1.9413519760141904,PowerLaw,0.1250872,0.75458735,,,glc,,NGC 6304,,0.83621186,0.0,8
4FGL J1715.8-4549,342.6496,-4.348496,1108.3165,-21.015922431934925,2.5632517,0.26675442,0.57563245,3.4828932,0.9598087,-0.6610146,0.0063833045,0.6666667,-0.44001538,-0.86893433,-0.7347271,-0.715831,1.706097151192756,LogParabola,0.27852544,0.56591296,,,spp,,SNR G343.0-06.0,,0.8,0.0,0
4FGL J1716.7-2808,357.18124,5.7442875,1532.1827,-20.243851675795028,2.3301034,0.12642853,0.43330792,5.9223137,0.59217596,-0.45576924,0.0028062952,0.6666667,-0.353149,-0.6200243,-0.949912,-0.9999812,2.6501260414883454,LogParabola,0.10529589,0.3325102,3FGL J1716.6-2812,,glc,,NGC 6316,,0.97033656,0.0,0
4FGL J1716.8+4310,68.37585,34.919117,1075.4497,-22.589294477014132,2.5036345,0.36757544,0.43797374,2.130676,-0.7826865,-0.4426037,0.0077983392,0.6666667,-0.68468285,-0.6087305,-0.999974,-0.17945014,2.1828027202691533,PowerLaw,0.24679703,0.87464696,,,glc,,NGC 6341,,0.9968544,0.0,0
4FGL J1718.0-3726,349.72232,0.16228539,4187.4375,-19.07912482315764,2.2524364,0.05433632,0.05980344,1.9954762,-0.22895396,-0.33154887,3.621347E-4,0.6666667,-0.4396258,-0.630109,-0.6142678,-0.62401366,1.1541095505445793,PowerLaw,0.03161362,0.09776779,3FGL J1718.0-3726,3FHL J1718.0-3726,snr,,SNR G349.7+00.2,,0.8,0.9997173,0
4FGL J1718.3-4445,343.77927,-4.0913744,2401.4165,-21.493005938120742,2.4778528,0.26236102,0.13867755,1.4416099,-0.9989446,0.99985087,0.003966482,0.6666667,-0.80347836,-0.60339653,-0.8748442,-0.31837365,1.937507337538727,PowerLaw,0.11948832,0.6019064,,,spp,,SNR G343.0-06.0,,0.8,0.0,16
4FGL J1719.7-4500,343.71436,-4.440839,3294.2288,-21.543198451765935,2.4138606,0.28403142,0.21312052,1.8175156,-0.9926797,0.9985462,0.0042034965,0.6666667,-0.59025484,-0.4632255,-0.8641199,-0.9999054,2.326139720291164,PowerLaw,0.07329081,0.7731353,,,spp,,SNR G343.0-06.0,,0.8,0.0,0
4FGL J1720.2-4757,341.32565,-6.188306,661.98206,-21.974873939081256,2.9078772,0.30372876,0.5250752,2.902652,0.0137138935,-0.62729305,0.027253764,0.6666667,-0.87289554,-0.8847847,-0.8155368,-0.99767625,1.8676715839023412,PowerLaw,0.29626402,1.4436048,,,spp,,SNR G343.0-06.0,,0.8,0.8772328,272
4FGL J1720.6-3706,350.2972,-0.06531291,1379.3645,-19.87294868476194,2.6582716,0.20661558,0.36502305,4.4416013,0.045613594,-0.10814794,0.0046410067,0.6666667,-0.64261013,-0.76177853,-0.9994504,-0.8925892,-0.20735763038838842,LogParabola,0.07139282,0.49083102,1FGL J1720.7-3707c,,unk,,1RXS J172051.9-371033,,0.0,0.89904183,26
4FGL J1720.6-5144,338.19254,-8.362254,3607.5137,-22.091969603125563,2.16391,0.26409218,0.20123419,1.4703794,0.29250237,-0.94983184,0.0018431571,0.6666667,-0.0032831733,-0.27882755,-0.81085664,-0.4997045,1.949377820305607,PowerLaw,0.15669394,0.463566,,,unk,,1RXS J172032.0-514414,,0.0,0.937394,4
4FGL J1721.7-4709,342.12997,-5.932029,1798.5922,-21.621963710338953,2.4907782,0.19118463,0.08770129,1.0564146,0.7995,-0.6074499,0.0021745085,0.6666667,-0.5668492,-0.75566643,-0.2874008,-0.9999949,1.3632863236991963,PowerLaw,0.092963725,0.35116994,,,spp,,SNR G343.0-06.0,,0.8,0.0,0
4FGL J1722.6-4529,343.5959,-5.130568,1485.2229,-20.613792106368056,2.412534,0.13147148,0.26188403,3.9053829,0.98137856,-0.24577534,0.0025131612,0.6666667,-0.5949711,-0.6165801,-0.8966,-0.9999233,2.6823052514376506,LogParabola,0.090001866,0.3101091,3FGL J1722.9-4529,,spp,,SNR G343.0-06.0,,0.8,0.0,0
4FGL J1726.0-2843,357.87427,3.720534,7009.627,-21.75327519103565,1.9974523,0.25723717,0.0412304,0.37375662,0.985189,-0.55901045,0.0016005377,0.6666667,-0.8809913,-0.37229958,-0.22586904,-0.7102754,2.1569348386601397,PowerLaw,0.10527598,0.25996307,3FGL J1725.1-2832,,spp,,SNR G358.0+03.8,,0.8,0.0,0
4FGL J1727.0-3835,349.78973,-1.9392118,1059.1129,-21.024488552550878,2.6535754,0.31261802,0.5325545,3.0307994,-0.8174977,-0.07017284,0.002692896,0.6666667,-0.7136873,-0.94977665,-0.43105823,-0.99570376,1.7816113625280976,LogParabola,0.17388324,2.0483737,,,spp,,SNR G350.0-02.0,,0.8,0.0,8
4FGL J1727.6-3050,356.29498,2.2559824,2060.471,-20.610924465099856,2.3813844,0.21550182,0.48244855,3.4958982,-0.93844855,0.99890757,0.0035865048,0.6666667,0.29601505,-0.59066707,-0.872952,-0.9936748,2.1551483727558427,LogParabola,0.19064276,0.5265112,,,glc,,Terzan 2,,0.8511577,0.9933305,1
4FGL J1728.0-4606,343.61075,-6.260648,1176.8127,-20.355958035151623,2.4026065,0.1141071,0.40913257,6.326233,0.9999996,-0.4207613,0.0027687754,0.6666667,-0.52768433,-0.6901628,-0.9656196,-0.99994785,0.7289615022553828,LogParabola,0.09219135,0.2905234,3FGL J1728.0-4606,,spp,,SNR G343.0-06.0,,0.8,0.0,0
4FGL J1729.2-3641,351.61423,-1.2562553,2564.215,-20.07309857785631,2.4693131,0.1250193,0.10974008,2.2407038,0.99853206,-0.74894863,0.0011273421,0.6666667,-0.49384087,-0.8222858,-0.50215167,-0.83920497,2.416250470826841,PowerLaw,0.06229983,0.17130938,1FGL J1729.1-3641c,,unk,,NVSS J172917-364008,,0.0,0.99746835,4
4FGL J1729.9-2403,2.268316,5.562857,1014.72156,-20.45286705797156,2.6038094,0.18919899,0.66891575,6.192811,0.99164593,-0.3401454,0.00970066,0.6666667,-0.6198026,-0.90880054,-0.9799833,-0.9636416,1.001244228681789,LogParabola,0.20494753,0.7953418,3FGL J1729.7-2408,,unk,,1RXS J173013.1-240234,,0.0,0.8585471,0
4FGL J1730.1-3422,353.6468,-0.14280199,1210.0354,-19.78699172801694,2.625872,0.29283565,0.32081172,3.5173147,0.047847547,0.6123681,0.012045052,0.6666667,-0.75881976,-0.762185,-0.9699997,0.23452206,1.2157632270553032,LogParabola,0.1266945,0.82621634,,,unk,,NVSS J173013-342115,,0.0,0.94461894,26
4FGL J1731.2-3234,355.27698,0.6607439,1886.0487,-19.563707548933486,2.5112712,0.15181106,0.33670902,4.7836733,-0.8724762,0.7063603,0.002315908,0.6666667,-0.41218442,-0.6048883,-0.8903553,-0.999765,0.9306490548273965,LogParabola,0.11050377,0.35469893,2FGL J1731.6-3234c,,spp,,SNR G355.4+00.7,,0.8,0.0,4
4FGL J1732.8-3725,351.39914,-2.2613597,1869.5587,-21.111526263273763,2.461022,0.21480906,0.1620286,1.9996945,-0.98475593,0.99834883,0.0026909132,0.6666667,-0.8195274,-0.56384534,-0.7779643,-0.999379,2.1056212219170622,PowerLaw,0.106318235,0.36219913,,,unk,,1RXS J173250.4-372144,,0.0,0.99843127,1
4FGL J1733.7-4734,342.89697,-7.876223,4764.6826,-21.34549140948064,2.0251992,0.085991755,-0.074534975,2.3319552,0.72339064,-0.64175755,1.5097341E-4,0.6666667,-0.81855696,-0.2968948,-0.3287553,-0.4972135,1.862378082232047,PowerLaw,0.030617746,0.15008968,,3FHL J1733.8-4734,snr,,SNR G343.0-06.0,,0.8,0.0,0
4FGL J1735.7-3026,357.59207,1.0220912,2817.5498,-20.217903133686136,2.3500774,0.21456856,0.9999872,7.1331244,-0.12554105,-0.9828254,0.0017265958,0.6666667,0.999932,-0.4714024,-0.9643652,-0.99939036,1.2999204205770734,LogParabola,,1.356E-4,,,glc,,Terzan 1,,0.8899094,0.9928104,2048
4FGL J1735.9-3342,354.86386,-0.77305466,16726.908,-21.679073894810895,1.8082917,0.22476304,0.002018311,0.0,-0.5533969,0.5226259,5.898241E-4,0.6666667,-0.27969858,-0.7129648,-0.5349442,0.087413184,2.35561238918887,PowerLaw,0.09450761,0.65553564,,,spp,,SNR G354.8-00.8,,0.8,0.0,0
4FGL J1736.2-4443,345.56366,-6.7261524,1177.6366,-19.60227980767936,2.3067732,0.068565786,0.37898326,9.669839,0.9999807,-0.1427939,0.0016005895,0.6666667,-0.41439405,-0.65966564,-0.96327686,-0.99999785,1.590000304112195,LogParabola,0.05306112,0.17445916,3FGL J1736.2-4444,,glc,,NGC 6388,,0.99686146,0.0,0
4FGL J1736.4-4052,348.86017,-4.70785,2394.273,-21.719133430722426,2.28547,0.19953798,0.055629004,0.72156405,0.19067863,-0.74921215,0.0018479346,0.6666667,-0.8282562,-0.119664416,-0.717752,-0.6146126,1.7592977836835575,PowerLaw,0.08809119,0.1889207,,,unk,,1RXS J173638.5-405203,,0.0,0.9264522,4
4FGL J1737.5-0313,21.337915,14.826687,1567.2532,-21.292291363981157,2.334142,0.26595706,0.65362054,4.1206546,-0.99716735,0.9999481,0.0043065865,0.6666667,-0.041952837,-0.7577123,-0.9999947,0.92406654,2.30165654618313,LogParabola,0.25462636,0.45407557,,,glc,,NGC 6402,,0.9886703,0.0,0
4FGL J1740.3-3058c,357.66888,-0.10477674,2628.576,-19.380332078980828,2.4665804,0.23172984,0.27029133,4.060934,0.8872991,0.52981204,0.0051420806,0.6666667,-0.6174362,-0.69546956,-0.8940904,-0.3227416,1.5047768311718024,LogParabola,0.12087629,0.661738,3FGL J1741.1-3053,,snr,,MSH 17-39,,0.8,0.99720895,288
4FGL J1741.1-5341,338.19125,-12.023618,1302.6124,-22.006818834224187,2.5913355,0.20581324,0.17270906,1.6926249,0.03171113,-0.77541894,0.0038789704,0.6666667,-0.5842213,-0.7292926,-0.91184103,-0.99699086,1.9512041262031208,PowerLaw,0.12252958,0.4354882,,,glc,,NGC 6397,,0.9592272,0.0,0
4FGL J1741.4-3046c,357.95563,-0.20296334,2194.3242,-19.493391953669786,2.5401075,0.24044189,0.3762681,5.115214,-0.99806315,0.9822671,0.0065633464,0.6666667,-0.5647803,-0.72226954,-0.8116482,-0.9999988,1.562664641495253,LogParabola,0.13047469,0.8715883,3FGL J1741.1-3053,,unk,,NVSS J174122-304712,,0.0,0.8954852,304
4FGL J1743.9-1824,8.802528,5.801838,1251.7018,-20.712678512152763,2.4987824,0.23502325,0.9997221,6.2230067,0.77418053,-0.6843387,0.012171688,0.6666667,-0.39956677,-0.90058064,-0.9997563,0.047571667,1.077623970696628,LogParabola,,0.01151162,,,unk,,TXS 1740-184,,0.0,0.85997456,2048
4FGL J1744.5-2612,2.2042766,1.6288257,2840.6377,-20.707379095576,2.3246803,0.13774882,0.07414566,1.2590474,-0.9415774,0.9492818,0.0012009697,0.6666667,-0.7041761,-0.6637899,-0.6003496,-0.5584322,2.3577513167040194,PowerLaw,0.06810968,0.12374958,,3FHL J1744.5-2609,unk,,1RXS J174419.9-261230,,0.0,0.8306798,8
4FGL J1745.6-2859,359.9525,-0.038937435,4074.4294,-16.797721079671657,2.3155105,0.028280769,0.19050306,15.75093,0.5276056,-0.19902797,5.146108E-4,0.6666667,-0.509822,-0.6493666,-0.78339505,-0.6684842,1.1680444426067265,LogParabola,0.014767284,0.076420926,3FGL J1745.6-2859c,3FHL J1745.6-2900,spp,,Galactic Centre,,0.9881401,0.9995815,770
4FGL J1745.7-2506,3.2910044,1.9643903,1543.3888,-20.379100789126255,2.6563222,0.3485016,0.8904731,4.196297,-0.6651272,0.024428617,0.011034954,0.6666667,-0.4157065,-0.8644099,-0.86714375,-0.99593955,1.6160525118572273,LogParabola,,1.2775677,,,unk,,1RXS J174535.1-250440,,0.0,0.87264824,2072
4FGL J1746.2-3342c,355.99493,-2.590946,2370.9429,-20.904881458387337,2.439942,0.26424414,0.14614797,1.9195205,0.82642484,-0.3173442,0.0021717874,0.6666667,-0.80162114,-0.6595032,-0.59791017,-0.9999821,2.4952242100085056,PowerLaw,0.13039373,0.28779626,,,spp,,SNR G355.9-02.5,,0.8,0.0,49
4FGL J1746.4-2852,0.15024136,-0.115954146,3237.8147,-17.965619586096025,2.4133744,0.10013875,0.55672574,10.423136,-0.9999802,0.9996865,0.0023037256,0.6666667,-0.18829216,-0.5987484,-0.8571541,-0.8462688,2.0924698028100557,LogParabola,0.101584926,0.35383934,3FGL J1746.3-2851c,3FHL J1746.2-2852,pwn,,PWN G0.13-0.11,,0.0,0.0,274
4FGL J1748.0-2446,3.8451054,1.6919147,1531.6123,-18.189259676442006,2.3585289,0.04507433,0.3562684,15.193113,-0.14363165,-0.28994492,8.6864637E-4,0.6666667,-0.44892073,-0.6448368,-0.91587955,-0.85712045,1.722286562973015,LogParabola,0.034815356,0.10733437,3FGL J1748.0-2447,3FHL J1748.0-2446,glc,,Terzan 5,,0.9958471,0.99580383,0
4FGL J1748.9-2021,7.7388268,3.7930086,1671.5697,-19.970385034870155,2.4529266,0.097355366,0.28235546,5.4087067,-0.50665116,-0.48310232,0.0023530624,0.6666667,-0.5842446,-0.7280789,-0.87333727,-0.6549469,1.853055102988391,LogParabola,0.07572779,0.24792697,3FGL J1748.9-2021,,glc,,NGC 6440,,0.9923778,0.0,0
4FGL J1750.3-3702,353.54715,-5.019157,1322.0155,-20.007616852414397,2.3858237,0.07923963,0.29507446,6.24169,0.9788638,0.5264145,0.0021924386,0.6666667,-0.60746706,-0.723831,-0.8547786,-0.6207629,2.1173569418768863,LogParabola,0.06536095,0.21648283,3FGL J1750.2-3704,,glc,,NGC 6441,,0.9865396,0.99726915,0
4FGL J1750.4-3023,359.29095,-1.6569246,1816.5602,-20.666339336020997,2.445435,0.3115345,0.5786858,3.1637275,0.82514626,-0.4580393,0.005698607,0.6666667,-0.35561976,-0.7671295,-0.8664479,-0.97769713,1.0118450225060074,LogParabola,0.3355208,0.69090134,,,unk,,1RXS J175019.0-302654,,0.0,0.8568813,25
4FGL J1750.8-3106,358.7269,-2.0991044,2588.061,-20.8839190301453,2.379513,0.40314534,0.9795976,3.7570956,-0.020800032,0.9482579,0.012312239,0.6666667,-0.03802239,-0.4894495,-0.94673204,-0.4371906,1.7616839813971166,LogParabola,,0.11182185,,,unk,,1RXS J175042.7-310312,,0.0,0.86158663,2053
4FGL J1753.2-2848,0.9649363,-1.3569818,1986.7164,-20.648769255721493,2.5180585,0.33835632,0.8622663,3.5060828,-0.41369024,0.46321127,0.0055189873,0.6666667,-0.059889283,-0.6756341,-0.999977,0.67952174,0.7939041491028935,LogParabola,0.26281294,0.73449457,,,unk,,1RXS J175328.7-285014,,0.0,0.8463787,26
4FGL J1757.7-2337,5.9550467,0.3742167,4575.3984,-20.214757561812487,2.3073604,0.20849176,0.24720234,2.7927604,0.28120804,-0.33431092,0.004846043,0.6666667,-0.5583587,-0.5404759,-0.8936191,-0.19501515,0.23750854880599961,PowerLaw,0.16269508,0.9687485,,,spp,,SNR G006.1+00.5,,0.8,0.0,4
4FGL J1758.6-2404,5.6631737,-0.03711076,3640.4187,-19.51291160874582,2.3757007,0.12471544,0.100129165,2.4791703,0.25671244,0.24031629,0.0010109228,0.6666667,-0.8331165,-0.64877415,-0.5936492,-0.8979652,2.2899223839255813,PowerLaw,0.050208177,0.19215332,3FGL J1758.8-2402,,unk,,1RXS J175835.5-240203,,0.0,0.8773605,4
4FGL J1759.1-2347c,5.9618254,0.015929269,7113.4604,-20.407625932476638,2.2479072,0.85037696,0.13254525,1.7330537,-0.9540118,-0.8786249,0.0011753658,0.6666667,0.98802,-0.6746972,-0.6924593,-0.6178713,1.9218719328666336,PowerLaw,0.25097203,0.23646334,3FGL J1758.8-2346,,unk,,1RXS J175851.9-234511,,0.0,0.8287774,48
4FGL J1759.7-2141,7.8532906,0.9398861,1911.8527,-19.793446904049954,2.4230487,0.12836482,0.21888097,3.6748598,0.9953568,-0.7602696,0.001349112,0.6666667,-0.4917654,-0.6362459,-0.79364353,-0.99989384,2.024102631854528,LogParabola,0.08424466,0.21453688,3FGL J1759.6-2141,,unk,,NVSS J175946-214231,,0.0,0.8850358,0
4FGL J1800.7-2355,6.0274425,-0.37166527,7423.6157,-19.976886506859802,2.1767375,0.1960378,0.11272782,1.8190264,-0.94264174,0.86123294,3.7405075E-4,0.6666667,0.08964089,-0.75428194,-0.36219305,-0.86481106,1.4685308625785252,PowerLaw,0.09320165,0.20656756,1FGL J1800.5-2359c,3FHL J1800.7-2357,unk,,NVSS J180041-235622,,0.0,0.9542862,0
4FGL J1801.3-2326e,6.526576,-0.25105163,4212.972,-17.286056392847424,2.269846,0.053005923,0.13511743,9.094506,0.1963601,0.9563195,7.5214397E-4,0.6666667,-0.6646472,-0.6407334,-0.772289,-0.60278696,0.41459266506448034,LogParabola,0.019183207,0.1302989,3FGL J1801.3-2326e,3FHL J1801.6-2327,SNR,,W 28,,,,0
4FGL J1804.7-2144e,8.39739,-0.09483671,15405.544,-18.450384378474045,1.9765646,0.055607673,0.015297259,0.7883227,0.8232484,0.45883036,8.1592094E-5,0.6666667,-0.74875224,-0.29181096,-0.5479204,-0.26075307,1.7072886584578426,PowerLaw,0.018384416,0.07492905,3FGL J1805.6-2136e,3FHL J1804.7-2144e,spp,,HESS J1804-216,W 30 field,,,4
4FGL J1804.9-3001,1.1793325,-4.1851454,979.1909,-21.224136412040465,2.6101906,0.26607263,0.4563772,3.2703383,-0.85640484,0.99360067,0.012843823,0.6666667,-0.7296156,-0.8438287,-0.85566807,-0.30369854,0.1610336176690074,LogParabola,0.2343143,0.99558353,,,glc,,NGC 6528,,0.81761473,0.0,17
4FGL J1805.6-2136e,8.603773,-0.21054442,14553.338,-18.893439659519544,2.2111428,0.21905273,0.121422365,2.7180364,0.97851855,-0.76801556,0.0028243484,0.6666667,-0.03689172,-0.6688686,-0.7012973,-0.60637575,1.3465033454901134,PowerLaw,0.045522865,0.4863032,3FGL J1805.6-2136e,,SNR,,W 30,HESS J1804-216 field,,,20
4FGL J1805.8-0803,20.487284,6.333819,1670.085,-21.33709257691975,2.5520782,0.17630944,0.03835828,0.5820723,0.9787199,-0.74604994,0.0017749311,0.6666667,-0.89866185,-0.29196244,-0.6316706,-0.99910676,2.128722568683622,PowerLaw,0.073079385,0.14815551,,,unk,,1RXS J180603.1-080612,,0.0,0.82683295,17
4FGL J1806.9-2455c,5.855644,-2.0902407,1568.2883,-20.564389570339845,2.5434918,0.29435,0.7974953,4.148289,0.19951274,-0.6116438,0.002427847,0.6666667,-0.0647277,-0.7923997,-0.99150735,-0.98570436,2.5147647529485444,LogParabola,0.2880652,0.36172345,3FGL J1806.7-2451,,unk,,1RXS J180700.7-245619,,0.0,0.92130315,32
4FGL J1807.8-4340,349.30652,-11.139058,1128.8866,-21.21298570485345,2.3557823,0.23000748,0.39920944,3.4303145,0.7832882,-0.51188946,0.003040953,0.6666667,-0.29961187,-0.6431884,-0.94968677,0.025050255,1.1208605254615556,LogParabola,0.1702394,0.31671882,3FGL J1807.5-4343,,glc,,NGC 6541,,0.9451898,0.0,0
4FGL J1808.8-1949c,10.525285,0.0018198049,2532.6438,-20.25114633701904,2.5285387,2.232634,0.27266562,2.3141193,0.9353928,0.9729722,0.009572174,0.6666667,-0.7936,-0.80006754,-0.67527235,-0.8332262,1.7540029469905936,PowerLaw,0.6965098,1.0535642,3FGL J1808.5-1952,,glc,,2MS-GC01,,0.8,0.81633115,60
4FGL J1810.3-1925e,11.048331,-0.117804974,1850.0115,-18.78320930523245,2.3405101,0.13481745,0.265558,4.588142,0.9788054,-0.31883076,0.0029817463,0.6666667,-0.40375343,-0.74393356,-0.5877249,-1.0,2.3663469322918265,LogParabola,0.09314181,0.30902964,3FGL J1810.1-1910,3FHL J1811.5-1927,spp,,HESS J1809-193,,,,548
4FGL J1811.5-1844,11.785129,-0.0398929,1344.7413,-19.576555474090686,2.6010683,0.19592908,0.43299076,4.9069734,-0.44899306,0.06728549,0.004997898,0.6666667,-0.7292993,-0.813887,-0.99971527,0.9892497,1.4213143007938744,LogParabola,0.12975053,0.44810247,,,spp,,SNR G012.0-00.1,,0.8,0.0,22
4FGL J1813.1-1737e,12.954411,0.17108494,2053.409,-17.898919683264843,2.3211296,0.05638025,0.16251661,5.9280357,0.31903067,-0.4494659,0.0018074092,0.6666667,-0.52658826,-0.65613705,-0.72939295,-0.59495294,1.3963192740771433,LogParabola,0.03479648,0.19045997,3FGL J1814.1-1734c,,spp,,HESS J1813-178,,,,4
4FGL J1813.7-1536,14.79316,1.0057511,2491.1855,-20.901263007890183,2.4781673,0.1760423,0.03274347,0.5136759,0.9544837,-0.6057726,0.0015923097,0.6666667,-0.83047986,-0.6064534,-0.7025578,-0.6358959,1.822601408332278,PowerLaw,0.07047845,0.16033684,,,unk,,1RXS J181335.6-153600,,0.0,0.94191647,5
4FGL J1814.1-1710,13.451207,0.17997481,2797.521,-20.203792906785605,2.5145798,1.3597693,0.51821375,1.9285914,-0.36756328,0.9182447,0.0021034763,0.6666667,-0.8256,-0.92447823,-0.043019667,-0.85209763,2.4544950724490775,PowerLaw,0.46122807,0.14925396,,,spp,,SNR G013.5+00.2,HESS J1813-178 field,0.8,0.9789612,280
4FGL J1818.5-1656,14.166622,-0.6455891,1823.4526,-19.507584846197467,2.5879836,0.12258136,0.2251858,3.8637831,0.9962745,-0.45621172,0.0021185349,0.6666667,-0.68581104,-0.66391546,-0.85034853,-0.98079884,1.217955236563207,LogParabola,0.08460245,0.25361803,,,glc,,GLIMPSE C02,,0.97056586,0.0,4
4FGL J1820.3-1009,20.34617,2.1845932,1950.6404,-20.507671544194704,2.46978,0.1480474,0.22899172,2.6325376,-0.99981266,0.99932915,0.0028162564,0.6666667,-0.7256179,-0.6991649,-0.81508076,-0.9999337,0.2635731043374198,PowerLaw,0.10460566,0.35432023,,,unk,,FK Ser,,0.0,0.9831077,4
4FGL J1820.4-1609,15.069911,-0.65812624,1771.1146,-19.53100077479448,2.6068604,0.08022371,0.02952577,0.77967995,0.9823422,-0.60589206,5.5535795E-4,0.6666667,-0.6919422,-0.73493105,-0.8602235,-0.23313081,2.339393183192831,PowerLaw,0.03939159,0.07463091,,,unk,,NVSS J182023-161041,,0.0,0.9986807,6
4FGL J1821.1-1422,16.724552,0.0252012,1286.7268,-19.446232998254672,2.7466092,0.08729332,0.055272102,1.4587219,-0.5228903,-0.6924769,0.0019419118,0.6666667,-0.7617748,-0.7816881,-0.82574606,-0.4746251,0.7851726541093992,PowerLaw,0.044261407,0.20191234,1FGL J1821.1-1425c,,spp,,SNR G016.7+00.1,,0.8,0.8943083,0
4FGL J1821.4-1516,15.966827,-0.45636562,1180.4147,-19.77001103322823,2.8231905,0.306581,0.6591033,4.6799164,0.9966554,0.6366901,0.011971229,0.6666667,-0.76850384,-0.8367934,-0.8605149,-0.99998647,1.735377157233675,LogParabola,0.30830455,1.040079,,,spp,,SNR G016.0-00.5,,0.8,0.0,24
4FGL J1824.5-1351e,17.566952,-0.45319903,21837.018,-18.336943950571936,1.7586973,0.04287376,0.0061802813,0.27721056,0.5546727,-0.34935886,5.5795983E-5,0.6666667,-0.36999017,-0.42415142,-0.41658545,-0.16691104,2.165581317711217,PowerLaw,0.017814754,0.06193078,3FGL J1824.5-1351e,,PWN,,HESS J1825-137,,,,4
4FGL J1826.2-1450,16.880955,-1.2905928,1031.0428,-17.71180683155342,2.6027844,0.023166476,0.12398613,8.691549,-0.15219614,-0.6344371,8.2900026E-4,0.6666667,-0.7016949,-0.7654654,-0.89721966,-0.3979129,1.9281670961128052,LogParabola,0.014764562,0.07451137,3FGL J1826.2-1450,3FHL J1826.2-1451,HMB,,LS 5039,,1.0,0.0,512
4FGL J1828.0-1133,19.996693,-0.14374775,1608.496,-19.17239138962088,2.632066,0.1494973,0.46898887,5.7771697,-0.98489136,0.969485,0.004743793,0.6666667,-0.51508754,-0.8425107,-0.9970688,0.62669444,1.8731941590232561,LogParabola,0.1500583,0.48615664,3FGL J1828.4-1121,,spp,,SNR G020.0-00.2,,0.8,0.82485604,6
4FGL J1829.4-1256,18.92004,-1.0873206,2376.8958,-19.893344888204297,2.5789678,0.29047573,0.98548275,4.486926,0.64966756,0.33275884,0.0071855183,0.6666667,-0.108768046,-0.7771043,-0.9997656,0.9935741,1.879891520473377,LogParabola,,0.8015064,3FGL J1829.7-1304,,spp,,SNR G018.9-01.1,,0.8,0.0,2048
4FGL J1829.5+4845,77.24787,23.498205,706.5694,-20.362941700992845,2.43234,0.03508377,0.053189088,2.378592,-0.1771542,-0.61127377,6.2473357E-4,0.6666667,-0.7329549,-0.6139088,-0.827324,-0.46209383,4.202350843856326,PowerLaw,0.021027558,0.05933109,3FGL J1829.6+4844,3FHL J1829.4+4845,css,,3C 380,,0.99849766,0.9982551,0
4FGL J1830.2-1005,21.543468,0.053399626,1396.2646,-19.465344440691805,2.7027261,0.1888981,0.40460998,5.034991,0.44565532,-0.5864415,0.0030538898,0.6666667,-0.75968826,-0.8966168,-0.71861404,-0.9996682,1.39757528204699,LogParabola,0.1341938,0.36258376,1FGL J1829.6-1006c,,spp,,SNR G021.5-00.1,,0.8,0.0,20
4FGL J1832.3-1433,17.824179,-2.4668818,2433.766,-21.446845359911794,2.2939763,0.348921,0.5249931,2.6132326,-0.98969346,-0.81821144,0.005815474,0.6666667,0.97260004,-0.77912384,-0.45552474,-0.99977344,1.4267573663454762,PowerLaw,0.30366874,0.9042334,,,spp,,SNR G017.8-02.6,,0.8,0.0,10
4FGL J1832.9-0913,22.617668,-0.13872088,1875.6998,-19.473390103799126,2.5690086,0.317396,0.5699241,4.8003707,-0.1309413,0.023676775,0.003415938,0.6666667,-0.46203974,-0.76039344,-0.8943026,-0.9758332,2.5426587968443535,LogParabola,0.2866839,0.44685838,,,spp,,SNR G022.7-00.2,,0.8,0.0,282
4FGL J1834.1-0706e,24.634247,0.5853185,5896.6284,-18.829486675672584,2.096681,0.054929182,0.072494075,2.5074527,-0.952341,0.3801468,1.9469597E-4,0.6666667,-0.41392413,-0.49293718,-0.62768024,-0.56613886,1.8550176978360502,PowerLaw,0.03197567,0.071568385,3FGL J1833.9-0711,,SNR,,SNR G024.7+00.6,,,,0
4FGL J1834.5-0846e,23.201801,-0.27995965,5869.1826,-18.48825291764544,2.108636,0.04828826,0.040332522,1.5617392,-0.24140675,-0.48265028,1.0612266E-4,0.6666667,-0.47995746,-0.4716181,-0.67177415,-0.34818137,1.1581121392408729,PowerLaw,0.025065983,0.054993976,3FGL J1834.5-0841,3FHL J1834.5-0846e,spp,,W 41,,,,4
4FGL J1835.7-3258,1.551928,-11.368054,1353.2633,-20.99826195808082,2.3110623,0.14242405,0.40065324,5.1562657,0.99971724,-0.26428878,0.0035140114,0.6666667,-0.5984373,-0.59127814,-0.9348685,-0.999827,2.062031442660291,LogParabola,0.115268186,0.3577329,3FGL J1835.7-3258,,glc,,NGC 6652,,0.9859434,0.9946739,0
4FGL J1836.1+1143,41.723255,8.680411,2566.8486,-22.009970314985942,2.269788,0.22303991,0.19563892,1.934935,-0.8043958,0.9992293,0.0033259692,0.6666667,-0.34206694,-0.75126934,-0.38058326,-0.9998162,1.566954788062862,PowerLaw,0.13257277,0.50510716,,,unk,,87GB 183342.2+114143,,0.0,0.85562813,0
4FGL J1836.5-0651e,25.13044,0.15830411,5554.75,-17.745869855949913,2.043117,0.027287005,0.028019024,2.099843,-0.5387433,0.7417679,7.554054E-5,0.6666667,-0.52228826,-0.5596157,-0.5449711,-0.4607611,2.2143931682468594,PowerLaw,0.011981775,0.035218675,3FGL J1836.5-0655e,3FHL J1836.5-0651e,pwn,,HESS J1837-069,,,,0
4FGL J1836.8-0727,24.645378,-0.17679332,1559.5079,-19.22498152135125,2.5332487,0.1962777,0.5522293,5.7616568,-0.6286054,0.8416255,0.006970278,0.6666667,-0.5521686,-0.8596684,-0.8364845,-0.99985605,1.711224889040191,LogParabola,0.1084292,0.7574584,0FGL J1836.1-0727,,unk,,NVSS J183652-072453,,0.0,0.9848152,18
4FGL J1837.6-2904,5.3210583,-10.067819,1004.8054,-21.527804506460228,2.5208619,0.18391003,0.38173035,2.8993058,-0.6566605,-0.48382014,0.008115632,0.6666667,-0.67342395,-0.7926745,-0.60482603,-0.9999901,3.1719160196340663,PowerLaw,0.18849948,0.59597975,,,NOV,,V5668 Sgr,,1.0,0.0,0
4FGL J1838.3-2148,11.986076,-7.029828,2396.726,-21.889147352015804,2.2605777,0.42555377,0.6645512,2.1102123,0.30229315,0.9989661,0.0043921354,0.6666667,-0.7557115,-0.26764655,-0.74746513,-0.99936056,0.901441996476843,PowerLaw,0.39998212,0.78811187,,,unk,,1RXS J183818.2-214857,,0.0,0.9040122,0
4FGL J1838.9-0704e,25.226177,-0.46483928,11721.83,-19.0381957566506,1.833393,0.055665515,0.038128026,1.5913136,-0.892772,0.96677554,1.2545534E-4,0.6666667,-0.22046019,-0.4605614,-0.45126057,-0.2746111,2.7900448317857536,PowerLaw,0.024937488,0.09245148,3FGL J1838.9-0646,3FHL J1838.9-0704e,pwn,,HESS J1837-069,,,,4
4FGL J1839.4-0553,26.32505,-0.026368028,2730.1157,-17.95436811042522,2.4299421,0.06091749,0.31229904,11.871568,-0.8454336,0.91770536,0.002421146,0.6666667,-0.5916272,-0.68802565,-0.8696373,-0.99991935,2.7782777463992128,LogParabola,0.04427921,0.32814872,3FGL J1839.3-0552,3FHL J1839.4-0553,unk,,NVSS J183922-055321,HESS J1841-055 field,0.0,0.8220161,0
4FGL J1840.0-0341,28.347155,0.8545046,1721.9669,-19.902220775754405,2.5856245,0.249,0.73749864,5.342411,-0.998821,0.9990065,0.008714972,0.6666667,-0.39788783,-0.67581844,-0.9991953,-0.9871639,1.0987907687824738,LogParabola,0.2480755,1.174045,2FGL J1839.7-0334c,,spp,,SNR G028.8+01.5,,0.8,0.0,0
4FGL J1840.0-0411,27.901451,0.61558646,3111.607,-19.766922073784762,2.3531704,0.1513206,0.35685864,3.5967634,-0.68915856,0.98744285,0.0024762517,0.6666667,-0.23195247,-0.61699045,-0.89844704,-0.5802455,1.1976813825222385,LogParabola,0.08813652,0.41406,3FGL J1840.1-0412,,spp,,SNR G027.8+00.6,,0.8,0.0,0
4FGL J1840.8-0453e,27.373135,0.12153206,2336.398,-18.461926943408436,2.3664339,0.08623647,0.26988924,5.6575603,0.68965244,-0.25555003,0.0036680147,0.6666667,-0.5190672,-0.77445716,-0.7697265,-0.64078647,1.9420096534433664,LogParabola,0.07601955,0.38718772,2FGL J1841.2-0459c,,spp,,Kes 73,,,,4
4FGL J1840.9-0532e,26.795483,-0.19833581,8609.031,-18.258643684587675,1.961215,0.038116623,0.012290759,0.71750176,0.93098795,-0.39149058,6.5821565E-5,0.6666667,-0.38083228,-0.4779942,-0.6294102,-0.3252425,1.749530103297506,PowerLaw,0.015932506,0.04842581,3FGL J1840.9-0532e,3FHL J1840.9-0532e,PWN,,HESS J1841-055,,,,4
4FGL J1842.2-0751,24.902767,-1.5523806,3014.0312,-21.04549589015831,2.366197,0.24011016,0.26193756,1.0749577,-0.98475474,0.95597017,0.0012428514,0.6666667,-0.10357858,-0.7300404,-0.88327366,0.02105992,1.036308292366955,PowerLaw,0.114657916,0.13990879,,,spp,,SNR G025.1-02.3,,0.8,0.0,9
4FGL J1842.5-0359c,28.36988,0.15543346,1371.996,-19.313203021269224,2.5759287,0.1630138,0.4422847,5.6852655,-0.39067805,-0.5653781,0.0048518134,0.6666667,-0.6663473,-0.8143883,-0.99999404,0.9995903,1.8407235805732622,LogParabola,0.1181776,0.43719107,3FGL J1843.0-0359c,,unk,,NVSS J184240-035858,,0.0,0.8185485,54
4FGL J1844.4-0306,29.365255,0.12646636,1591.6158,-19.038387893225128,2.6041164,0.1219259,0.3102139,6.5230923,6.2992156E-4,-0.48888838,0.0027605325,0.6666667,-0.68795514,-0.80272126,-0.9249118,-0.9967867,1.7436464348586431,LogParabola,0.07199631,0.24466985,1FGL J1844.3-0309c,,unk,,NVSS J184431-030716,,0.0,0.94472617,6
4FGL J1845.8-0831,24.70631,-2.6309984,1486.3143,-20.357353936679345,2.4219985,0.1483403,0.3776232,4.2362566,-0.40122148,-0.6157008,0.002655408,0.6666667,-0.46351013,-0.71948767,-0.8916897,-0.9998196,2.5435643954894376,LogParabola,0.1346479,0.3362007,1FGL J1846.0-0831,,spp,,SNR G025.1-02.3,,0.8,0.0,4
4FGL J1846.9-0227,30.234589,-0.11349406,2589.8274,-19.20471066652864,2.4712024,0.15582068,0.2809123,5.2379255,0.9747353,-0.24490513,0.003366188,0.6666667,-0.4475248,-0.7282429,-0.82489324,-0.9587123,1.9302740295790566,LogParabola,0.09568776,0.4420143,1FGL J1846.8-0233c,,unk,,TXS 1844-025,,0.0,0.97200656,262
4FGL J1848.6-0202,30.791918,-0.31746978,1838.034,-19.615642758640405,2.507097,0.23331939,0.38574982,4.354284,-0.825923,0.9187938,0.006768293,0.6666667,-0.3273867,-0.793979,-0.8442651,-0.9999986,2.3116065670404433,LogParabola,0.07742375,0.73632556,,,unk,,NVSS J184840-020408,,0.0,0.83795184,282
4FGL J1848.7-0129,31.296158,-0.09566215,2318.5198,-18.66933778051346,2.4463496,0.11872341,0.55526894,9.579384,-0.24635632,-0.5201313,0.0017963806,0.6666667,-0.27721736,-0.6147342,-0.991339,-0.9990859,1.8271841577380135,LogParabola,0.122947715,0.2744764,0FGL J1848.6-0138,,glc,,GLIMPSE C01,,0.9994186,0.8609442,4
4FGL J1849.4-0056,31.86309,0.01805251,2933.066,-18.74875621227899,2.3325887,0.06300458,0.16096832,5.614046,-0.99782634,0.9998163,7.432153E-4,0.6666667,-0.44320136,-0.62568086,-0.7264019,-0.7915775,2.5747167898313967,LogParabola,0.038763974,0.13487832,3FGL J1849.4-0057,3FHL J1849.4-0056,snr,,3C 391,,0.8,0.9606555,0
4FGL J1850.3-0031,32.346855,-0.0046124286,1896.9113,-19.601242528211223,2.5132918,0.17935053,0.36653978,4.66255,-0.7140275,-0.5243398,0.0039363955,0.6666667,-0.6164201,-0.76544523,-0.9688104,-0.9985388,1.9611126020162457,LogParabola,0.13080472,0.46251604,3FGL J1850.5-0024,,spp,,SNR G032.4+00.1,,0.8,0.0,22
4FGL J1852.4+0037e,33.60228,0.07321873,2061.4868,-18.426241971080263,2.2951386,0.1101127,0.2250498,5.0085287,0.58544904,-0.4006534,0.0040012514,0.6666667,-0.52210367,-0.8045932,-0.74318373,-0.6353609,2.6836224189985023,LogParabola,0.07297023,0.37590504,2FGL J1852.7+0047c,,spp,,Kes 79,,,,5
4FGL J1855.1-2243,12.85787,-10.909232,1907.1969,-21.575631594713307,2.324014,0.19128834,0.31380624,2.7906685,0.31780416,0.46605667,0.0032181789,0.6666667,-0.54286134,-0.515617,-0.8407008,-0.9662636,1.8744123485816013,PowerLaw,0.15908493,0.4241323,3FGL J1855.1-2243,,glc,,NGC 6717,,0.9929961,0.0,0
4FGL J1855.9+0121e,34.65336,-0.38800415,2448.2063,-16.449404979682207,2.3412254,0.022632916,0.23925859,28.918505,0.91766196,-0.10877712,4.9649284E-4,0.6666667,-0.57844347,-0.6842616,-0.86465746,-0.7938796,1.634577954031419,LogParabola,0.010943414,0.05784219,3FGL J1855.9+0121e,1FHL J1855.9+0121e,SNR,,W 44,,,,0
4FGL J1856.2+0749,40.45647,2.4952362,1032.3549,-20.24547991566722,2.5792994,0.23040049,0.34919915,5.0798407,0.9819766,-0.42528582,0.0094923,0.6666667,-0.81226486,-0.62912035,-0.934021,-0.999761,2.1843909988389663,LogParabola,0.10661951,0.58322847,3FGL J1855.6+0753,,unk,,NVSS J185612+075340,,0.0,0.9798518,2
4FGL J1857.6+0212,35.603165,-0.38292584,1649.4978,-18.873524120814086,2.517188,0.11425688,0.46450043,9.143361,-0.31730685,-0.6422936,0.0013536271,0.6666667,-0.43377024,-0.83644146,-0.9995336,-0.9961729,1.550992545642234,LogParabola,0.087793715,0.1602292,2FGL J1857.6+0211,,spp,,SNR G035.6-00.4,HESS J1857+026 field,0.8,0.0,16
4FGL J1857.7+0246e,36.125298,-0.14840907,4677.2114,-18.446304322601414,2.2083545,0.07269097,0.022517512,1.1374176,0.7014059,0.9869604,9.770892E-5,0.6666667,-0.71879673,-0.6691324,-0.57028615,-0.3430539,1.4397481817129822,PowerLaw,0.023315798,0.049257066,,3FHL J1857.7+0246e,PWN,,HESS J1857+026,,,,4
4FGL J1858.3+0209,35.630997,-0.54554856,9991.8,-20.681746321098114,2.1015391,0.1971208,0.07145917,0.9805729,-0.99861777,0.9886567,2.477876E-4,0.6666667,0.9161342,-0.26471823,-0.6726607,-0.9840259,1.5955468829193855,PowerLaw,0.09316136,0.16712743,,,spp,,SNR G035.6-00.4,,0.8,0.0,16
4FGL J1903.8+0531,39.264397,-0.24464566,2247.2751,-19.444999257848803,2.4386773,0.15592921,0.2588987,4.722778,0.996002,-0.3252738,0.011143285,0.6666667,-0.7256963,-0.7618304,-0.70195115,-0.83844614,2.2916296671676246,LogParabola,0.08408697,1.0053058,,,spp,,SNR G039.2-00.3,,0.8,0.82073134,1
4FGL J1906.2+0631,40.425236,-0.30215716,1039.6826,-20.01080685066724,2.4826512,0.29268947,0.7426504,5.308404,-0.64452255,-0.3864388,0.0048530786,0.6666667,-0.73411626,-0.9248598,-0.9998207,-0.943432,1.8139454469571614,LogParabola,0.1418925,0.37094504,,,spp,,SNR G040.5-00.5,,0.8,0.0,283
4FGL J1908.6+0915e,43.12494,0.43006942,4524.8975,-19.86050903468641,2.2256184,1.5774627,0.2739201,2.7536771,0.9999204,-0.5602434,0.004169684,0.6666667,-0.5896498,-0.71565026,-0.76007867,-0.0074527357,1.4380434139175038,PowerLaw,0.45272958,0.53303176,,,spp,,SNR G042.8+00.6,,,,20
4FGL J1910.8+2856,60.97564,8.901663,5479.14,-21.819615582851792,1.8322247,0.1501008,0.08775271,1.3896129,0.99996483,-0.5021345,5.5658875E-4,0.6666667,-0.2652216,-0.34443226,-0.3757896,-0.35532004,2.9537611766410774,PowerLaw,0.069771305,0.23266846,3FGL J1910.8+2855,3FHL J1910.8+2856,unk,,NVSS J191052+285621,,0.0,0.98634267,0
4FGL J1910.8-6001,336.45322,-25.635866,1255.0675,-21.105953185707378,2.244721,0.17131959,0.6757729,6.58362,0.93496597,-0.21105684,0.0040273736,0.6666667,-0.30851907,-0.70346737,-0.999997,0.97023565,0.9963504881647578,LogParabola,0.16663776,0.38983995,3FGL J1910.7-6000,,glc,,NGC 6752,,0.9970464,1.0,0
4FGL J1911.0+0905,43.251503,-0.17611393,3474.5215,-17.79837162637162,2.2313695,0.02768309,0.11380754,9.105523,0.9999484,0.38494897,2.4459467E-4,0.6666667,-0.5394276,-0.5993516,-0.7087577,-0.6071375,2.0661630851856154,LogParabola,0.014403493,0.048043057,3FGL J1910.9+0906,3FHL J1911.0+0905,snr,,W 49B,,0.8,0.0,258
4FGL J1911.7+1014,44.345943,0.20756179,1764.347,-20.102623132807086,2.3311677,0.34189925,0.44612455,4.3202753,0.9494161,-0.6873128,0.010513217,0.6666667,-0.7487012,-0.7546894,-0.9998456,0.98284847,1.819879522009446,LogParabola,0.14984536,0.90682334,,,unk,,NVSS J191157+100720,,0.0,0.8306856,29
4FGL J1914.5+1107,45.44852,0.0044516693,1724.5374,-20.0619539160793,2.4534798,0.24517363,0.3631717,4.738274,0.99172664,-0.68394697,0.0068368525,0.6666667,-0.7105002,-0.64037323,-0.9910402,-0.99999934,1.5641907683583065,LogParabola,0.11563252,0.7016756,,,unk,,IRAS 19117+1107,,0.0,0.99004805,2
4FGL J1916.3+1108,45.667995,-0.37323213,2247.929,-19.76102055670241,2.417008,0.18688045,0.25159338,4.5570464,0.9985612,-0.15815559,0.006480446,0.6666667,-0.6353116,-0.8318021,-0.891069,-0.5210554,2.8801311871311763,LogParabola,0.08376511,0.71962816,3FGL J1915.9+1112,,spp,,SNR G045.7-00.4,,0.8,0.0,258
4FGL J1918.0+0331,39.113323,-4.294759,9022.076,-21.964592923684076,1.788553,0.2640848,0.136627,1.3816961,0.9519353,-0.69526577,5.157481E-4,0.6666667,-0.31561923,-0.35864726,-0.35082194,-0.34643117,2.6704192829218094,PowerLaw,0.12991436,0.30059302,,3FHL J1917.9+0331,unk,,NVSS J191803+033032,,0.0,0.85367954,0
4FGL J1918.1+1215,46.870567,-0.25388977,1157.1752,-20.02667039984792,2.5711217,0.24517001,0.5847157,5.99998,-0.61587894,-0.58210844,0.00977312,0.6666667,-0.52211076,-0.9433113,-0.9994403,-0.29916936,1.558584416147974,LogParabola,0.12090543,0.8762077,,,spp,,SNR G046.8-00.3,,0.8,0.9396809,5
4FGL J1920.8+0418,40.1409,-4.561067,1931.936,-21.33110658283314,2.316384,0.18585725,0.22825618,2.577175,0.988232,-0.55750835,0.0025600323,0.6666667,-0.34653255,-0.6444578,-0.8517843,-0.9993049,1.9096430241694093,PowerLaw,0.10995019,0.41302142,,,unk,,TXS 1918+042,,0.0,0.832346,0
4FGL J1920.9+1408,48.85414,0.03690764,1815.9208,-19.584293714792974,2.5270927,0.1797039,0.258127,4.751167,-0.6740828,0.99277383,0.007418134,0.6666667,-0.7897947,-0.7545855,-0.8950955,-0.7651447,0.7341831185622903,LogParabola,0.08112527,0.65154624,,,unk,,2MASS J19210164+141003,,0.0,0.86768186,4
4FGL J1923.2+1408e,49.1158,-0.4616019,2529.512,-17.112067504560347,2.1920109,0.019389449,0.10724068,11.351094,0.9895504,-0.18286297,1.7857319E-4,0.6666667,-0.53073025,-0.5660771,-0.69100887,-0.644018,2.179043375247094,LogParabola,0.010484682,0.033562176,3FGL J1923.2+1408e,1FHL J1923.2+1408e,SNR,,W 51C,,,,4
4FGL J1925.1+1707,51.95362,0.54765576,3842.6907,-20.76029912867143,2.4699264,0.6023804,0.23597634,1.9288653,-0.5708466,0.9968787,0.005810352,0.6666667,-0.49862096,-0.7967877,-0.83771574,-0.5925933,1.256830484593922,PowerLaw,0.15976647,0.527691,,,unk,,MG2 J192501+1727,,0.0,0.8977321,24
4FGL J1926.7+3027,63.926758,6.505592,774.2212,-22.027460044854735,2.6274843,0.33189452,0.57126427,3.7278397,0.99998534,-0.5638876,0.010381298,0.6666667,-0.727938,-0.87285215,-1.0,0.9999949,1.241765365806176,LogParabola,0.279346,0.72170955,,,spp,,SNR G065.3+05.7,,0.8,0.0,1
4FGL J1927.5+0154,38.771572,-7.138582,5769.7793,-22.01980342240011,1.887057,0.44200778,0.18063094,1.163012,-0.63565606,-0.31836525,0.0010777273,0.6666667,-0.84350616,-0.016429689,-0.43327433,-0.39575428,2.823232586041574,PowerLaw,0.21459147,0.4859276,,3FHL J1927.5+0153,unk,,NVSS J192729+015353,,0.0,0.8648723,0
4FGL J1928.4+1801c,53.11527,0.28535038,3174.7363,-20.610288932687663,2.459726,0.25800332,0.16409235,2.442816,-0.7472729,0.9990947,0.0030969568,0.6666667,-0.84513724,-0.6202967,-0.89577687,-0.39102623,1.8426698695558525,PowerLaw,0.10671539,0.43431538,,,unk,,MG2 J192830+1759,,0.0,0.80843014,34
4FGL J1928.8+3126,65.00256,6.565396,1562.729,-21.902493505078937,2.3805456,0.16265848,0.0759344,1.0959365,0.9999751,-0.48658395,0.0017526614,0.6666667,-0.8519902,-0.37417364,-0.74340886,-0.99964714,1.738463848008358,PowerLaw,0.07726372,0.24772142,,,spp,,SNR G065.3+05.7,,0.8,0.0,0
4FGL J1929.8+1832,53.73694,0.25377843,2635.3872,-20.553751608618047,2.420925,0.22904886,0.14675519,1.8061401,-0.874209,0.9960264,0.007568674,0.6666667,-0.17205627,-0.72305006,-0.7533022,-0.42360774,1.0164261143789413,PowerLaw,0.10577335,0.8172027,,,unk,,1RXS J193012.1+183201,,0.0,0.8155635,264
4FGL J1934.3+1859,54.645687,-0.4679889,1104.5325,-20.32229246717326,2.6338723,0.21451198,0.53342026,5.3754926,0.113166496,-0.5057368,0.013968871,0.6666667,-0.74985176,-0.9661414,-0.19637062,-0.99903005,2.2095741706412677,LogParabola,0.1450718,0.921095,,,spp,,SNR G054.4-00.3,,0.8,0.0,16
4FGL J1946.1+2436,60.872936,-0.085609876,1444.0848,-20.51320438286424,2.5245864,0.25470817,0.44643208,3.8744059,-0.4029877,0.8260623,0.004376156,0.6666667,-0.5756594,-0.61995345,-0.9999979,0.89068407,2.522539895604787,LogParabola,0.22127543,0.53819793,,,unk,,NVGRC J194625.5+243638,,0.0,0.93556297,4
4FGL J1947.7+2744,63.75641,1.1839017,1535.0724,-20.566067118584296,2.443495,0.23191871,0.4815777,3.829324,0.184003,-0.7147041,0.005994859,0.6666667,-0.23699108,-0.7399404,-0.7467552,-0.99997437,2.294508032223575,LogParabola,0.22613294,0.6949804,,,pwn,,PWN G63.7+1.1,,0.9851254,0.0,0
4FGL J1952.8+2924,65.76632,1.0594352,1554.6698,-20.2950602475088,2.5337815,0.2413325,0.9579387,5.0378814,-0.6666944,-0.6571354,0.00951498,0.6666667,-0.3655509,-0.8513736,-0.89690393,-0.9995905,1.941845308830742,LogParabola,0.20316082,0.3223914,3FGL J1951.6+2926,,spp,,SNR G065.7+01.2,,0.8,0.8276641,6
4FGL J1953.6+1846,56.73263,-4.54099,1070.654,-21.533593384228134,2.5430965,0.20796987,0.31079695,3.076102,0.9998264,-0.51216793,0.0054688687,0.6666667,-0.73085856,-0.7283261,-1.0,0.999954,1.3603593721156375,LogParabola,0.14265531,0.48755673,,,glc,,NGC 6838,,0.99736136,0.0,1
4FGL J1955.1+3321,69.409225,2.6677854,2242.84,-20.89366387438044,2.3801663,0.24473013,0.379154,3.0969934,-0.38940862,-0.6890148,0.003644124,0.6666667,-0.5170878,-0.5835588,-0.7972444,-0.9999777,2.585920684638228,LogParabola,0.18730986,0.6192251,,,spp,,SNR G069.0+02.7,,0.8,0.0,0
4FGL J1958.5+3512,71.35443,3.0365767,3884.7385,-21.252959517754917,2.1461954,0.110325396,-0.025017275,0.51786834,0.99990624,0.37009385,2.2254583E-4,0.6666667,-0.622263,-0.5351345,-0.6193357,-0.41278553,2.4847397428544418,PowerLaw,0.04515999,0.13394558,,,hmb,,Cyg X-1,,0.0,0.99959564,0
4FGL J2002.3+3246,69.71298,1.0811435,1863.8302,-21.10393589782329,2.522837,0.13747345,-0.0117366845,0.2023467,0.99940664,-0.30194306,0.0010079289,0.6666667,-0.750271,-0.81643105,-0.41011107,-0.5931411,0.17877659280343802,PowerLaw,0.056434274,0.12473103,,,spp,,SNR G069.7+01.0,,0.8,0.0,12
4FGL J2004.1+2517,63.57272,-3.2281532,1803.3983,-21.09076369834009,2.4059284,0.293676,0.5389852,3.323241,0.99376833,0.17019317,0.0088513335,0.6666667,-0.5171321,-0.79089695,-0.9871045,-0.9979812,1.674735419236639,LogParabola,0.1818538,0.8987604,,,unk,,B2 2002+25,,0.0,0.80020267,8
4FGL J2004.3+3339,70.67629,1.1960956,2119.195,-19.40112191477984,2.3214884,0.06100503,0.12774944,3.9967206,0.99927026,-0.53359085,7.8348705E-4,0.6666667,-0.49440524,-0.618081,-0.80287206,-0.6040517,2.059965948542918,LogParabola,0.03903345,0.12622397,3FGL J2004.4+3338,3FHL J2004.2+3339,unk,,B2 2002+33,,0.0,0.9954084,0
4FGL J2013.5+3613,73.85344,1.01671,2479.0405,-20.2062994838258,2.5432599,0.1616796,0.4016244,3.274073,-0.6874246,-0.5688629,0.00912275,0.6666667,-0.44771886,-0.7537401,-0.8264812,-0.5838938,0.10234152971835268,LogParabola,0.22580747,1.0639132,3FGL J2014.4+3606,,spp,,SNR G073.9+00.9,,0.8,0.8858051,4
4FGL J2016.2+3712,74.974365,1.1166664,15868.729,-20.754178768120106,2.0605412,0.23674197,-0.056763705,1.3699902,-0.5712999,0.97820985,3.3259712E-4,0.6666667,-0.91563404,-0.4509415,-0.67445153,-0.34146312,1.5963994259898897,PowerLaw,0.052980974,0.46843427,,3FHL J2015.9+3712,snr,,VER J2016+372,,0.9257332,0.9634353,1
4FGL J2016.3+4953,85.58895,8.115764,10489.321,-22.324610918573562,1.7934048,0.3668525,0.50723857,1.6023674,-0.9999738,0.9999946,8.4123836E-4,0.6666667,-0.19508837,-0.60126567,0.052487258,-0.6311185,2.3680065054992325,PowerLaw,0.2559578,0.46519104,,3FHL J2016.3+4953,unk,,NVSS J201619+495324,,0.0,0.98552954,0
4FGL J2021.0+4031e,78.240814,2.196722,7887.9854,-18.45709591287545,1.9518069,0.048887327,0.06383509,2.758535,-0.3025638,-0.8353942,8.757569E-5,0.6666667,-0.6653845,-0.35016418,-0.4580611,-0.5023088,0.9561684024870777,LogParabola,0.022209719,0.05876465,3FGL J2021.0+4031e,3FHL J2021.0+4031e,SNR,,gamma Cygni,Cygnus Cocoon field,,,4
4FGL J2024.0+3202,71.62645,-3.1348505,4088.7234,-21.473103949507653,2.2196589,0.23711476,0.16044484,1.6732229,0.9120296,0.6725077,0.0019623076,0.6666667,-0.08474693,-0.7056903,-0.4017926,-0.99995583,2.6734448532571586,PowerLaw,0.11646575,0.49415424,,,unk,,MG2 J202410+3203,,0.0,0.9313613,16
4FGL J2027.0+3343,73.36234,-2.6871195,21708.32,-22.123537350462232,1.7656738,0.21427177,-0.072092265,1.041612,-0.80297947,0.9798866,1.9552856E-4,0.6666667,-0.8726199,-0.6361186,-0.2673582,-0.71240294,1.0850075510941342,PowerLaw,0.06349908,0.26182666,,3FHL J2027.0+3343,unk,,1RXS J202658.5+334253,,0.0,0.97261465,0
4FGL J2028.6+4110e,79.60072,1.3962686,1421.9742,-15.963399157841815,2.0859213,0.010711878,0.032390237,5.2142787,0.023373887,-0.249233,3.894509E-5,0.6666667,-0.56346005,-0.5604698,-0.55865496,-0.47939628,0.9368691620560295,LogParabola,0.0036388405,0.011663074,3FGL J2028.6+4110e,3FHL J2028.6+4110e,SFR,,Cygnus X,,,,516
4FGL J2032.6+4053,79.81435,0.6346877,1080.1504,-20.090391462374942,2.6822784,0.2501988,0.3359013,3.8016214,-0.369688,-0.73777854,0.0063211243,0.6666667,-0.85545534,-0.72878695,-0.9937905,-0.841755,4.211311088953036,LogParabola,0.12856439,0.35576734,2FGL J2032.1+4049,,HMB,,Cyg X-3,Cygnus Cocoon field,1.0,0.99724114,18
4FGL J2043.1+4256,82.63397,0.31810704,677.32983,-21.023937503862506,2.8025692,0.34015125,0.65257597,3.680818,-0.65296596,-0.3638656,0.010585527,0.6666667,-0.8740123,-0.9470746,-1.0,0.9999951,1.305877201607126,LogParabola,0.212162,0.59643924,2FGL J2042.0+4252c,,unk,,NVSS J204232+425813,,0.0,0.9561852,258
4FGL J2045.2+5026e,88.75287,4.6704307,942.29944,-18.373609372030046,2.3972979,0.035914566,0.21024492,11.500728,0.55785346,-0.37065288,0.0011089619,0.6666667,-0.6838591,-0.7321149,-0.97843325,-0.73097426,2.3488523790109506,LogParabola,0.02569184,0.081550546,3FGL J2045.2+5026e,,SNR,,HB 21,,,,4
4FGL J2051.0+3049e,74.110405,-8.462324,837.38464,-18.390620120980948,2.2134352,0.02673193,0.1952092,13.115547,0.39837664,-0.30756783,8.242645E-4,0.6666667,-0.60255516,-0.68228877,-0.7688845,-0.9126208,2.1172313711987374,LogParabola,0.019482518,0.06588216,3FGL J2051.0+3040e,,SNR,,Cygnus Loop,,,,4
4FGL J2056.4+4351c,84.86855,-0.97714764,1284.6561,-20.472389454179524,2.6445582,0.17446353,0.32776317,3.546149,0.9999995,-0.3895582,0.0108536,0.6666667,-0.66128385,-0.86924714,-0.7603318,-0.9999649,1.0184642209233863,LogParabola,0.16791114,0.8842615,,,unk,,1RXS J205549.4+435216,,0.0,0.8856482,290
4FGL J2058.7+4454,85.934044,-0.5907318,1045.7596,-21.422031763959737,2.7209039,0.26538327,0.21526124,1.6689974,0.99996513,-0.2357337,0.0041349493,0.6666667,-0.75937194,-0.7355881,-0.9999751,-0.933955,2.848515900926637,PowerLaw,0.18516226,0.3912685,,,spp,,SNR G085.9-00.6,,0.8,0.84436876,8
4FGL J2123.9+5158,93.94231,1.1892294,1842.137,-20.82448410700629,2.5835133,0.33031374,0.8186526,3.9840784,-0.85777104,-0.5317406,0.01299997,0.6666667,-0.26190388,-0.7704683,-0.9984345,-0.95160574,2.5234615959040205,LogParabola,0.26593414,1.5817554,,,spp,,SNR G094.0+01.0,,0.8,0.0,8
4FGL J2129.9+1208,64.98512,-27.319296,689.7745,-22.194174348383804,2.5871694,0.2830095,0.374409,2.421715,-0.43439528,-0.40727592,0.007420721,0.6666667,-0.7023831,-0.90031546,-0.66058093,-0.99991107,2.565437812836036,PowerLaw,0.25299048,0.504951,,,glc,,NGC 7078,,0.99680185,0.0,1
4FGL J2217.5+6346,106.893265,5.804108,5130.2354,-21.10917161570348,2.0674677,0.15281689,0.15114044,2.1359792,-0.7363899,0.9880512,9.370802E-4,0.6666667,-0.6139018,-0.4761006,-0.37706572,-0.8528445,2.4179956265503058,PowerLaw,0.089020275,0.3067392,3FGL J2217.2+6346,3FHL J2217.4+6346,unk,,1RXS J221728.9+634714,,0.0,0.94249046,0
4FGL J2254.9+5802,108.008026,-1.4076622,1914.9048,-21.413433431720474,2.3745046,0.1642897,0.09191747,1.2230917,0.92225254,0.99345654,0.0016858161,0.6666667,-0.7223613,-0.5990619,-0.781922,-0.82117295,0.7976207196420773,PowerLaw,0.08683281,0.29592875,,,unk,,7C 2252+5740,,0.0,0.92789274,4
4FGL J2301.9+5855e,109.20284,-1.0028013,3357.913,-20.09150123066693,2.033656,0.0532704,0.040773038,1.6172898,-0.9999769,0.9999803,1.7672227E-4,0.6666667,-0.4687078,-0.5626353,-0.5894749,-0.40686673,1.6920128644784207,PowerLaw,0.025177289,0.06690002,3FGL J2301.2+5853,3FHL J2301.9+5855e,SNR,,CTB 109,,,,4
4FGL J2315.9+5955,111.22532,-0.7596822,1288.5011,-20.976372784012238,2.5717616,0.14095826,0.18631944,2.6493583,0.99965787,-0.65104127,0.0038815874,0.6666667,-0.70687723,-0.77483475,-0.8781049,-0.99711293,2.083639138421958,PowerLaw,0.09400601,0.36912933,,,unk,,1RXS J231543.9+595510,,0.0,0.9356947,1
4FGL J2323.4+5849,111.74103,-2.1293523,2261.7983,-18.82754576297615,1.9739397,0.02915817,0.08240272,5.586601,0.9999663,0.14454249,1.20643715E-4,0.6666667,-0.36235878,-0.46896452,-0.6083897,-0.47195807,1.4507572709070982,LogParabola,0.012920557,0.036079552,3FGL J2323.4+5849,3FHL J2323.4+5848,snr,,Cas A,,0.8,0.9999165,0
4FGL J2357.8+6231,116.80121,0.30029768,772.3289,-21.629245205558693,2.8051066,0.18422514,0.20346855,2.4362054,0.9864513,-0.64897215,0.0050841654,0.6666667,-0.8590148,-0.72630304,-0.99997765,0.38575763,0.8117447461182247,PowerLaw,0.109465234,0.3452027,3FGL J0001.0+6314,,spp,,SNR G116.9+00.2,,0.9365481,0.0,18
