spec_ind,signif_curv,var,hr45,class,source_name,pro_agn,pro_psr
0.0,1.0,2.0,3.0,4,5,6.0,7.0
2.4333627,0.8235445422359445,3.867632923682284,-0.932233611675554,PSR,3FGL J1151.8-6108,0.7998330419067325,0.2001669580932674
2.368808,0.3841058138343895,4.006981414277414,-0.9639237828129406,PSR,3FGL J1417.5-4402,0.9430195474949767,0.05698045250502319
2.2550774,-0.6673139504284745,4.029878927317152,-0.8019788167563282,PSR,3FGL J1553.1+5437,0.9764937835181651,0.023506216481834936
2.6649535,-0.8153665672857328,3.6816623987078168,-0.7955605752366117,PSR,3FGL J1719.2-2433,0.9781812012709308,0.02181879872906909
2.086256,1.9800005543256032,3.871690682665771,-0.9999771816775467,PSR,3FGL J0002.6+6218,0.10767748272447164,0.8923225172755282
2.0204341,1.8251888616763319,3.515441808264368,-0.999988362289768,PSR,3FGL J0359.5+5413,0.10767748272447164,0.8923225172755282
2.2817585,1.4368438339407559,4.0732542161718985,0.99282432214382,PSR,3FGL J0514.6-4406,0.9487765184477872,0.05122348155221266
2.5418246,2.220550836837008,3.575437566399782,-0.9999547563714714,PSR,3FGL J1056.7-5853,0.10767748272447164,0.8923225172755282
2.5581317,2.150100474515493,3.7633902736851685,-0.9841617898796063,PSR,3FGL J1104.9-6036,0.10767748272447164,0.8923225172755282
2.3879848,1.7572167292764778,4.1657371964182675,-0.9266376299454638,PSR,3FGL J1208.4-6239,0.5145797507459513,0.4854202492540487
2.1646054,1.8208090317967216,4.064596407721215,-0.9999935569892606,PSR,3FGL J1350.4-6224,0.10767748272447164,0.8923225172755282
2.284116,1.8431790939689239,4.230030746198678,-0.9999732615184538,PSR,3FGL J1528.3-5836,0.10767748272447164,0.8923225172755282
2.1264415,2.0157864968288015,3.995425993338665,-0.7500811057255069,PSR,3FGL J1622.9-5004,0.10767748272447164,0.8923225172755282
2.0572636,1.9904773956408415,3.9278058583637927,-0.9592020022608071,PSR,3FGL J1624.2-4041,0.10767748272447164,0.8923225172755282
2.4938385,1.937004367185144,4.00835375518284,-0.8783023622113785,PSR,3FGL J1650.3-4600,0.10767748272447164,0.8923225172755282
2.4792907,1.3827083892011565,3.688897453951938,-0.928155068987998,PSR,3FGL J1827.3-1446,0.3737073442310359,0.6262926557689641
2.2825232,1.7458009895531237,3.801825923528608,-0.8892539053494454,PSR,3FGL J1844.3-0344,0.14918993266629454,0.8508100673337053
1.8963063,1.9256608954650285,3.6809872675779696,-0.9059312038438698,PSR,3FGL J1946.4-5403,0.10767748272447164,0.8923225172755282
2.614499,2.5318159191992655,3.6853580111050794,-0.9814898107795468,PSR,3FGL J2017.9+3627,0.10767748272447164,0.8923225172755282
1.8367444,1.677781559887395,4.078730342288933,-0.999935775431332,PSR,3FGL J2310.1-0557,0.14456935051658715,0.8554306494834127
2.410956,1.2227793474596678,3.707542142711125,-0.3411646902546724,AGN,3FGL J0000.1+6545,0.9007215061940206,0.09927849380597953
1.8667319,0.40310004688774054,3.803219190636362,-0.6481892737318573,AGN,3FGL J0000.2-3738,0.9831144865736356,0.016885513426364337
1.9460614,0.3138621879170869,3.8313551023606913,-0.49795186771472183,AGN,3FGL J0002.0-6722,0.9844502707110894,0.015549729288910581
2.0504425,-0.23529942296034895,3.8140060375761227,-0.8706377580490783,AGN,3FGL J0004.2+0843,0.9814986800506129,0.01850131994938694
2.1869004,-1.7786281042231946,3.8191673986930605,-0.3951725265506454,AGN,3FGL J0006.2+0135,0.9821481503915275,0.017851849608472498
2.2756045,-0.020848936486780684,3.793004914905388,-0.5895593077013017,AGN,3FGL J0007.9+4006,0.9759289064918548,0.024071093508145215
2.2695491,0.4497952458916993,3.5392097654663734,-0.6761528719520202,AGN,3FGL J0008.3+1456,0.9738805249451721,0.02611947505482793
2.504053,0.061235917290220446,3.9960422270490206,-0.7306166513081951,AGN,3FGL J0014.3-0455,0.9776559466506018,0.02234405334939818
1.6399021,0.43271269786526106,3.9966331434162568,-0.47608342748093824,AGN,3FGL J0020.9+0323,0.9831144865736356,0.016885513426364337
2.784271,-1.6638638980526095,3.641846414047368,-0.9999917679566133,AGN,3FGL J0022.7+4651,0.9309161930721268,0.06908380692787305
2.1874866,-0.39339708056426326,3.942383311622283,-0.5462664480616305,AGN,3FGL J0026.2-4812,0.9821481503915275,0.017851849608472498
2.1391132,0.5911794584191239,3.5117344358953235,-0.9991398106993409,AGN,3FGL J0031.2-2320,0.9382210996432436,0.06177890035675637
2.2745852,0.31779642423059534,6.235901809578529,-0.6243560767805013,AGN,3FGL J0032.3-5522,0.9816306950351432,0.018369304964856642
1.7653672,-0.4755638587112215,3.572518094896527,-0.2857654268078691,AGN,3FGL J0049.0+4224,0.9844478955304732,0.015552104469526876
2.0650234,-0.7310816812392441,3.7314903755498383,-0.29987821906091255,AGN,3FGL J0102.1+0943,0.9844478955304732,0.015552104469526876
2.1721509,-3.0862578836884484,3.678476783470549,-0.4059362319461393,AGN,3FGL J0112.9-7506,0.9844478955304732,0.015552104469526876
2.759096,0.6454817186757151,3.9244713028722398,-0.9997503281674898,AGN,3FGL J0116.8+6913,0.9753726098707027,0.024627390129297322
2.5585058,0.34558154913681804,3.789087732261582,-0.2902053765254937,AGN,3FGL J0158.6+0102,0.9776559466506018,0.02234405334939818
1.8781707,-0.6872598648626577,3.846288548110567,-0.6231220575817921,AGN,3FGL J0200.3-4108,0.9844478955304732,0.015552104469526876
2.0137677,-0.839875302520031,3.6270176141336483,-0.6005503627197641,AGN,3FGL J0216.0+0300,0.9844478955304732,0.015552104469526876
2.24003,0.1510124177730103,3.9011666276383896,-0.3864808989040241,AGN,3FGL J0216.4+0507,0.9821508704304465,0.01784912956955348
1.9356745,-0.18511253595540253,3.638525455292259,-0.6485734538972411,AGN,3FGL J0221.2+2518,0.9844502707110894,0.015549729288910581
2.4037545,0.39726672636221605,3.8699100947006593,-0.6857798507879597,AGN,3FGL J0223.6+3927,0.9738805249451721,0.02611947505482793
2.4003537,-0.21116971220478373,3.7207829568519437,-0.7621781041342908,AGN,3FGL J0224.1-1846,0.9759289064918548,0.024071093508145215
2.261836,-1.0051141314036514,3.9618117565579025,-0.4252539113965246,AGN,3FGL J0224.4+1615,0.9773819504534706,0.02261804954652919
2.771561,0.10939130111626182,3.7231011545365384,-0.6271608779045807,AGN,3FGL J0228.5+8213,0.9776559466506018,0.02234405334939818
2.665958,0.8489591083218612,4.006103957314026,-0.8134135739200044,AGN,3FGL J0232.6+0646,0.9209404872410951,0.0790595127589048
1.8133874,-0.19301100592775539,3.562483287965839,-0.23066909142580183,AGN,3FGL J0234.2-0629,0.9844502707110894,0.015549729288910581
1.9952142,-0.9615283724844393,3.932947650086181,-0.5966145737305769,AGN,3FGL J0239.4+1326,0.9844478955304732,0.015552104469526876
2.0670924,-0.2641414727670336,3.4976885002473406,-0.5336930001024264,AGN,3FGL J0248.4+5130,0.9844502707110894,0.015549729288910581
2.0957446,0.4017659412859103,3.9792314591215523,-0.3874332086890424,AGN,3FGL J0307.3+4916,0.9831144865736356,0.016885513426364337
2.5369458,0.26585209797538195,3.262073427395963,-0.9999154605817256,AGN,3FGL J0308.4-2852,0.9620621189200236,0.03793788107997628
1.6247706,0.8343165233866486,3.578460331920012,-0.35570969583009127,AGN,3FGL J0312.7-2222,0.9672489001004698,0.03275109989953007
2.1997874,0.6638696972445209,3.897573248723105,-0.799123868971469,AGN,3FGL J0322.5-3721,0.9765471040741083,0.023452895925891615
2.6469278,-3.181135052441008,3.6905785099008357,-0.9999531391918498,AGN,3FGL J0324.5-1315,0.9698073925342607,0.030192607465739298
2.2363307,0.8758898153547805,4.1216347737390135,-0.9999925061218958,AGN,3FGL J0330.6+0437,0.914053113149093,0.08594688685090707
2.071027,-1.0506444625259295,3.646266951340054,-0.7781829409411907,AGN,3FGL J0333.6+0233,0.9831054837963611,0.016894516203638764
2.0884702,0.12538579463586885,3.366244518931928,-0.5606198978321724,AGN,3FGL J0340.4-2423,0.9844502707110894,0.015549729288910581
1.8813975,-0.296966856297168,3.671178716299576,-0.010361715318134509,AGN,3FGL J0348.4+6039,0.9844502707110894,0.015549729288910581
2.0426261,-0.6883369682036273,3.64908445809181,-0.22998269799277604,AGN,3FGL J0351.0-2816,0.9844478955304732,0.015552104469526876
2.166003,-0.4524117575954811,3.992703380517825,-0.76681166829007,AGN,3FGL J0359.7+7649,0.9844478955304732,0.015552104469526876
2.772858,0.02318298587226278,3.920145925007697,-0.999799446509744,AGN,3FGL J0402.7+2616,0.9753726098707027,0.024627390129297322
2.398651,-0.01677440698699582,4.084009909860215,-0.2175048211115445,AGN,3FGL J0412.0+0229,0.9787530338272286,0.02124696617277145
2.4036627,-0.702608497999665,3.981569888755527,-0.9999683912855907,AGN,3FGL J0414.9-0840,0.9463721065701496,0.05362789342985033
2.4831734,0.42928813947031547,3.6663037804763103,-0.07509973173809711,AGN,3FGL J0415.7-4351,0.9757508796043701,0.024249120395629903
1.8452863,-2.805610434880471,3.700267513316448,-0.31903834158775124,AGN,3FGL J0420.4-6013,0.9844478955304732,0.015552104469526876
2.3351693,0.29861036553801684,3.987075003277932,-0.5661491520362788,AGN,3FGL J0420.6-3742,0.9759289064918548,0.024071093508145215
2.3310003,0.6241063257789569,3.85175800643967,-0.8933933252966542,AGN,3FGL J0421.6+1950,0.9561173917624572,0.043882608237542725
1.9710824,0.7459867538418614,3.787122737252871,-0.9218972291928482,AGN,3FGL J0430.1-3103,0.9482991961144367,0.051700803885563335
2.501354,-0.5871267426986833,3.655724864771727,-0.7512389777437518,AGN,3FGL J0447.1-2540,0.9790069809279351,0.020993019072064738
2.6509671,0.6875164577521543,3.7312047181581613,-0.8303447294875226,AGN,3FGL J0451.6+7231,0.9724392367454642,0.027560763254535776
2.486627,0.44252547657586566,3.3436605315183385,-0.5026742847368146,AGN,3FGL J0451.7+5722,0.9757508796043701,0.024249120395629903
2.1675987,1.1215789899658377,3.3065798419273054,-0.946843995712991,AGN,3FGL J0506.3-0357,0.33256804437865456,0.6674319556213455
1.8043303,-1.5887274620399159,3.5001334949686442,-0.4554918847971878,AGN,3FGL J0506.9+0321,0.9844478955304732,0.015552104469526876
2.34381,2.869588233781981E-4,3.7907020863360272,-0.38635146226509015,AGN,3FGL J0507.5-0906,0.9759289064918548,0.024071093508145215
2.1241972,-1.100133705435884,3.97483696536452,-0.5303566716462821,AGN,3FGL J0524.4+2839,0.9844478955304732,0.015552104469526876
1.6333857,0.3574575676089194,3.5951323520668366,0.22072467717817493,AGN,3FGL J0524.5-6937,0.9831144865736356,0.016885513426364337
2.4045255,0.459068305946744,4.03815456167154,-0.1917968550819415,AGN,3FGL J0526.4+2247,0.9769392987171792,0.023060701282820638
2.3432455,-1.541852350743209,4.050848544296966,-0.15184503624003623,AGN,3FGL J0533.8-3754,0.980039087052865,0.019960912947134972
2.2926352,0.9946460967852343,5.302264566095964,-0.291382477240103,AGN,3FGL J0536.4-3347,0.9795111033849488,0.020488896615051197
1.890715,0.7709893149009096,3.8141281081176506,-0.5864841278580718,AGN,3FGL J0538.9+1646,0.9831144865736356,0.016885513426364337
2.1070893,-1.498020516763739,3.879204398190888,-0.2988629311006355,AGN,3FGL J0540.0+1208,0.9844478955304732,0.015552104469526876
3.0930102,7.585122568305369E-4,3.964124633026361,-0.7575235031343602,AGN,3FGL J0556.2+3933,0.9776559466506018,0.02234405334939818
2.1480634,-1.0557090470459043,3.4983060039050233,-0.172757044340822,AGN,3FGL J0557.7-0720,0.9844478955304732,0.015552104469526876
1.7110547,0.7005455450438457,3.6634472806158014,-0.4839796808641839,AGN,3FGL J0559.8+3042,0.9831144865736356,0.016885513426364337
2.484669,0.43426673055754395,3.8241905277912625,-0.7343855511864937,AGN,3FGL J0601.5+2309,0.9757508796043701,0.024249120395629903
2.008549,0.22786255926090063,3.9488381351766995,-0.38921242324820665,AGN,3FGL J0605.0-0000,0.9844502707110894,0.015549729288910581
2.2983522,0.7211961056463689,4.123885322229688,-0.70970651561715,AGN,3FGL J0609.7-1841,0.9749109282520818,0.025089071747918204
2.0148985,-0.07975617789378135,3.9451949423330257,-0.6340091643975292,AGN,3FGL J0619.4+2242,0.9844502707110894,0.015549729288910581
2.2900796,-0.6139750116953873,3.4577963427412914,-0.7686549406792701,AGN,3FGL J0623.1-4143,0.9559919975916455,0.04400800240835441
2.2764657,0.05741646942962959,4.0990945133217185,-0.4628879915814917,AGN,3FGL J0644.6+6035,0.9787530338272286,0.02124696617277145
2.4574044,0.8962084254714199,3.897697077597684,-0.5730556333847211,AGN,3FGL J0647.6+0032,0.9549570453951384,0.04504295460486156
2.5400684,-2.607273978276101,3.8531117150208445,-0.8838774144739625,AGN,3FGL J0650.9+6524,0.9784066998274961,0.021593300172503896
2.2582495,-2.7436328201526177,3.644137808622017,-0.4621490012325013,AGN,3FGL J0716.0-4525,0.9773819504534706,0.02261804954652919
2.0026686,-2.0920608310362137,3.7010887168068693,-0.39029433826530663,AGN,3FGL J0721.5-0221,0.9844478955304732,0.015552104469526876
2.3585443,0.25735450578657554,3.5723751318050567,-0.11480575887986005,AGN,3FGL J0725.8-3532,0.9759289064918548,0.024071093508145215
2.1847017,0.15809324056800944,3.9949911529037854,-0.48597544911925555,AGN,3FGL J0725.8+0212,0.9821508704304465,0.01784912956955348
1.6692368,-0.3528871979428958,3.4720673791341223,0.18706682342479275,AGN,3FGL J0731.8-3010,0.9844478955304732,0.015552104469526876
2.7803707,0.0989008166545055,4.309908661926486,-0.7515844524722357,AGN,3FGL J0733.3+5904,0.9829160204123513,0.017083979587648603
1.9193196,-1.7630221693757604,3.7326305147287444,-0.1673561579639341,AGN,3FGL J0737.8-8245,0.9844478955304732,0.015552104469526876
2.2611725,0.9019951147239068,3.450664586429139,-0.7266921592924106,AGN,3FGL J0744.3+1715,0.9486435371808379,0.051356462819161994
2.0025747,-0.18097773213091403,4.0911573216963175,-0.32624270438842307,AGN,3FGL J0746.4-0225,0.9851786297382894,0.014821370261710466
2.2734842,-0.25375096565730076,3.6801520811428365,-0.4633834789453144,AGN,3FGL J0747.5-4927,0.9759289064918548,0.024071093508145215
2.3717525,-0.6878817672111003,4.323988407441023,-0.8519277459530681,AGN,3FGL J0749.0+4459,0.9807454152690165,0.01925458473098348
2.2493107,0.8047628816897905,3.841011526494816,-0.7625267821196859,AGN,3FGL J0749.5+1320,0.9806214468454644,0.019378553154535683
2.199274,0.4536061727691951,3.7395610902266982,-0.7317179594463101,AGN,3FGL J0752.6-1629,0.9806214468454644,0.019378553154535683
2.2820556,-1.044854711121978,3.5802761864142645,-0.49755286248127495,AGN,3FGL J0802.3-0941,0.9773819504534706,0.02261804954652919
1.6670097,0.6881355935098146,3.469690261507449,-0.34821232385333634,AGN,3FGL J0813.5-0356,0.9831144865736356,0.016885513426364337
2.1803546,-0.05007130447933068,4.032933802313408,-0.761874344597262,AGN,3FGL J0818.0+3237,0.9844502707110894,0.015549729288910581
2.6124713,1.3285160316425304,4.498429607370188,-0.9086073680690313,AGN,3FGL J0823.6-4838,0.9848099105241872,0.015190089475812723
2.34202,-1.447216432169963,3.565351658250661,-0.28814059135789155,AGN,3FGL J0826.3-6400,0.9773819504534706,0.02261804954652919
1.9515342,-0.6238670996549011,3.886005403927531,-0.7586318803024017,AGN,3FGL J0830.5-4452,0.9844478955304732,0.015552104469526876
2.5567951,-0.28993260299693585,4.028596136111275,-0.9999852619696054,AGN,3FGL J0830.8+2629,0.9753993703467783,0.02460062965322167
2.0133777,-2.3840516346716316,3.998992443205006,-0.6070125313030804,AGN,3FGL J0848.5+7018,0.9844478955304732,0.015552104469526876
2.5718791,0.2044346664636327,4.343619560426675,-0.9999896920244272,AGN,3FGL J0855.4+7142,0.9811752224623764,0.018824777537623433
2.23863,0.26019930725329776,3.8325972573958644,-0.9999509340319873,AGN,3FGL J0900.0+6754,0.9524515751803295,0.04754842481967049
1.9771367,-0.6231016632990074,4.068887650546247,-0.6323449515971559,AGN,3FGL J0921.6+2339,0.9851763641373634,0.014823635862636412
2.166111,0.07907824272670663,3.7843540749425495,-0.538020331778664,AGN,3FGL J0931.8+6739,0.9844502707110894,0.015549729288910581
1.748642,0.3866197784563455,3.5099536053719604,-0.453939302351075,AGN,3FGL J0935.1-1736,0.9831144865736356,0.016885513426364337
1.8428967,-1.0129562972987205,3.8475298165963836,-0.43797270566742486,AGN,3FGL J0936.3-2114,0.9844478955304732,0.015552104469526876
2.5450487,0.19190944573536384,3.8035821949740836,-0.4120250524414972,AGN,3FGL J0937.8-6407,0.9776559466506018,0.02234405334939818
1.889783,0.6019432087326994,3.9268556557649115,-0.7715195934629063,AGN,3FGL J0937.9-1435,0.9816591232244503,0.018340876775549596
2.2964528,0.4097891459672409,3.968008118998233,-0.7684074763155938,AGN,3FGL J0941.0+6151,0.9493508602304475,0.05064913976955252
2.7351112,0.6467729781033181,3.9768854116092935,-0.9985059059315889,AGN,3FGL J0946.2+5209,0.9753726098707027,0.024627390129297322
1.69938,0.32247740708444916,3.676919467755201,-0.42956698665530235,AGN,3FGL J0952.8+0711,0.9844502707110894,0.015549729288910581
2.2513545,-0.503352450946157,3.774973385378911,-0.45028903739418297,AGN,3FGL J1013.4-4008,0.9773819504534706,0.02261804954652919
2.605058,0.6553817599545887,3.784264017515369,-0.9999873568522542,AGN,3FGL J1016.9-2653,0.9753993703467783,0.02460062965322167
2.0730712,0.30831670647552906,3.7327617850241137,-0.42559603097813836,AGN,3FGL J1027.8+8253,0.9844502707110894,0.015549729288910581
2.0194092,-0.3643682761591756,3.84081976430168,-0.5318664184143456,AGN,3FGL J1033.4-5035,0.9844478955304732,0.015552104469526876
2.3966603,-1.2783363937623566,4.078931674903652,-0.3792961505345106,AGN,3FGL J1038.0-2425,0.980039087052865,0.019960912947134972
2.0938542,-1.493813783318058,4.133422428634811,-0.6187810629488244,AGN,3FGL J1039.5+7324,0.9851763641373634,0.014823635862636412
1.8951391,-0.3572142321856451,3.839878157392413,-0.731583104628477,AGN,3FGL J1047.8-3737,0.9844478955304732,0.015552104469526876
2.1529865,0.099895740939133,4.0671557400245835,-0.9144903859236798,AGN,3FGL J1049.7+1548,0.9546096656832239,0.04539033431677615
2.4701045,1.0092038592242103,5.9169331430119145,-0.7784791081600314,AGN,3FGL J1050.4+0435,0.9786959079739912,0.021304092026008803
2.618117,-0.12271038010430213,4.177052023974992,-0.999825413107533,AGN,3FGL J1103.3+5239,0.9811752224623764,0.018824777537623433
2.108555,-2.8687856631005006,4.464618206615873,-0.5829628447923153,AGN,3FGL J1115.0-0701,0.9871747512025046,0.012825248797495397
2.0026665,0.24704912256146377,4.207270190121903,-0.5739548659024465,AGN,3FGL J1117.2-5338,0.9871767153513431,0.012823284648656806
2.1532753,0.3725095915587261,4.014583131653117,-0.49989355218574094,AGN,3FGL J1117.7+0217,0.9831144865736356,0.016885513426364337
2.2875624,-0.05405103029023926,3.8026634821652667,-0.7959546534391646,AGN,3FGL J1123.3-2529,0.9749851416716546,0.02501485832834542
2.2883708,0.9441451698904385,3.8011106624132984,-0.889376990688213,AGN,3FGL J1129.0+3758,0.8417480160860473,0.1582519839139528
1.7402625,0.8561008430476389,3.8425270645658705,-0.29646512997111557,AGN,3FGL J1130.7-7800,0.9759344029276997,0.024065597072300222
2.1137707,-0.6223347441524084,3.4617446357799047,-0.6938106231472982,AGN,3FGL J1132.0-4736,0.9844478955304732,0.015552104469526876
2.6594715,-0.4169224939985156,3.983079165537082,-0.7695047841933398,AGN,3FGL J1142.1-6941,0.9781812012709308,0.02181879872906909
2.3295882,-0.14104638241520512,3.4969865982252,-0.09979915355201616,AGN,3FGL J1150.7-4816,0.9759289064918548,0.024071093508145215
2.2214894,-1.4173463215675182,3.7625705715386544,-0.7503094784859478,AGN,3FGL J1151.5+0957,0.9821481503915275,0.017851849608472498
2.0355177,0.4849797994825499,4.0216213487960175,-0.741719554706702,AGN,3FGL J1200.4+0202,0.9831144865736356,0.016885513426364337
2.2530088,0.1520834588833411,3.9961779968298696,-0.5730966860935209,AGN,3FGL J1200.9-1432,0.9759289064918548,0.024071093508145215
2.714465,0.6484088814869031,3.749401129455094,-0.31235360769648135,AGN,3FGL J1205.9+3315,0.9736208008390683,0.026379199160931524
2.3979633,-0.3000802127475254,3.720046670900897,-0.9138750190994968,AGN,3FGL J1209.9+7607,0.9261849896082972,0.07381501039170282
2.483003,0.2279159054950114,4.001938752315986,-0.9997312704544301,AGN,3FGL J1216.6-0557,0.9753726098707027,0.024627390129297322
2.046814,-0.23646336751262084,3.73676397021269,-0.2294161173973815,AGN,3FGL J1220.1-3715,0.9844502707110894,0.015549729288910581
2.517096,0.10989915045517264,3.902867763807746,0.5717278106249435,AGN,3FGL J1220.3+6055,0.9776559466506018,0.02234405334939818
1.7372625,-0.7525014458709989,3.846224490832103,-0.11265417819313175,AGN,3FGL J1222.7+7952,0.9844478955304732,0.015552104469526876
2.2131422,0.5906881736736298,3.670978178103249,-0.8254535059284659,AGN,3FGL J1223.2+1215,0.9753520987366515,0.024647901263348454
1.7596995,-1.2934448426246103,3.5240798670691835,0.1073890500507265,AGN,3FGL J1225.4-3448,0.9844478955304732,0.015552104469526876
2.5151477,-0.1035537710265413,3.7928471402348887,-0.4262578447968693,AGN,3FGL J1231.6+4825,0.9776559466506018,0.02234405334939818
1.8371742,0.08329133286428873,3.71637138884595,-0.4331976771206965,AGN,3FGL J1232.3+1701,0.9844502707110894,0.015549729288910581
1.9247106,-0.2177023067718091,4.034229841633936,-0.3205922789653524,AGN,3FGL J1232.5-3720,0.9844502707110894,0.015549729288910581
1.6491082,0.3921482307913032,3.8643974608259994,0.7612817751224916,AGN,3FGL J1234.7-0437,0.9831144865736356,0.016885513426364337
2.066672,-0.7370601137799365,3.9087166053067044,-0.4775119825876991,AGN,3FGL J1249.1-2808,0.9844478955304732,0.015552104469526876
2.4129112,-0.5079839983438383,3.962599763164614,-0.7702511747344162,AGN,3FGL J1249.5-0546,0.971571973475859,0.028428026524140962
2.0301764,0.5385347358023365,3.5907141021821363,-0.8009944782877477,AGN,3FGL J1251.0-4943,0.9795533765277873,0.020446623472212676
2.7141607,-3.2994759795531223,4.120455518081439,-0.9998826042462824,AGN,3FGL J1259.5-3231,0.9795621845767364,0.020437815423263644
2.3971708,0.9986343719098166,4.142459959104744,-0.9999715974318741,AGN,3FGL J1301.5+3333,0.8819794274599627,0.11802057254003731
2.0191858,-1.6368272491686553,4.283317284229351,-0.17226304010572935,AGN,3FGL J1315.7-0732,0.9871747512025046,0.012825248797495397
2.3515882,-0.3367460361008698,3.9245367805220894,-0.7329938942184726,AGN,3FGL J1329.1-0536,0.9773819504534706,0.02261804954652919
2.995564,-0.04749409942431284,3.9138246614707737,-0.6290822801223918,AGN,3FGL J1330.4+5641,0.9776559466506018,0.02234405334939818
2.4004219,-0.21856032038139975,3.9710060924279302,-0.3433699094010542,AGN,3FGL J1351.8-1524,0.9759289064918548,0.024071093508145215
2.0416825,0.2500930493679242,3.6688146454512256,-0.10105241170988785,AGN,3FGL J1404.7-5844,0.9844502707110894,0.015549729288910581
1.8979145,-0.7097723357715995,3.6178127372668984,-0.2684072919400158,AGN,3FGL J1411.4-0724,0.9844478955304732,0.015552104469526876
2.7009985,0.2524332688120121,3.719567472919338,-0.8375098196193806,AGN,3FGL J1420.9-4615,0.9745977009547648,0.02540229904523509
2.1435895,1.0374153781257163,3.773818585484953,-0.8139243357408523,AGN,3FGL J1421.8-7920,0.563747369972968,0.43625263002703196
2.1735172,-0.41297450820818554,3.8991454849325606,-0.5517548105410358,AGN,3FGL J1424.3-1753,0.9844478955304732,0.015552104469526876
3.010405,-2.0731638476988916,3.9039988982144926,-0.9999322615024727,AGN,3FGL J1427.2+1610,0.9768934785405445,0.023106521459455333
2.3211524,0.6261027489163471,3.521083478408564,-0.29153927991815376,AGN,3FGL J1438.6-4209,0.9715909349019058,0.028409065098094204
2.583319,-3.24726526857601,4.631929831524865,-0.876991005980703,AGN,3FGL J1502.2+5553,0.9834572407023636,0.016542759297636413
2.4624138,0.00432901627317082,4.336443584711431,-0.5745433650416522,AGN,3FGL J1512.8-5639,0.9829160204123513,0.017083979587648603
1.6849688,0.017591360717903685,3.384110461493022,-0.5095005808981353,AGN,3FGL J1513.3-3719,0.9844502707110894,0.015549729288910581
2.0013506,-1.2843221312245652,3.346216031592321,-0.6347046381642358,AGN,3FGL J1517.0+2637,0.9844478955304732,0.015552104469526876
1.6438884,0.05156326794141095,3.753785321833989,-0.4300782209417441,AGN,3FGL J1525.8-0834,0.9844502707110894,0.015549729288910581
1.696769,-0.85095866630127,3.6984328002384994,-0.7531884805400388,AGN,3FGL J1528.1-2904,0.9844478955304732,0.015552104469526876
2.2368367,-0.8447377136945552,3.903962264774406,-0.5261181614417743,AGN,3FGL J1529.5+6733,0.9821481503915275,0.017851849608472498
2.8494124,0.8977430623889089,4.198903281527124,-0.9999663840625416,AGN,3FGL J1538.4-4656,0.9808714949444117,0.01912850505558822
1.9751117,-0.49521111716166183,3.642485454348234,-0.4809814980203785,AGN,3FGL J1541.6+1414,0.9844478955304732,0.015552104469526876
1.6718508,0.2661451080621068,3.997942594968034,-0.08344065600541965,AGN,3FGL J1545.0-6641,0.9844502707110894,0.015549729288910581
2.112147,0.4405648416771421,4.211069853478878,-0.45828137280557546,AGN,3FGL J1548.4+1455,0.9860718300692555,0.013928169930744506
1.4396122,0.8084099764115747,3.562710180179864,-0.03470682114359084,AGN,3FGL J1549.9-3044,0.9831144865736356,0.016885513426364337
2.3129683,-0.6996816034753554,3.80302445792802,-0.6443905864495583,AGN,3FGL J1602.8-1924,0.9773819504534706,0.02261804954652919
2.4347908,-1.740798748136873,3.798590823565559,-0.6799300773863992,AGN,3FGL J1613.4-4222,0.972640897391486,0.027359102608514027
2.3261952,0.42886127091447435,3.5537114086177546,-0.9999311379873712,AGN,3FGL J1618.8+5520,0.9261849896082972,0.07381501039170282
1.7126698,0.5860566136705879,3.890168179011092,0.14415738272288117,AGN,3FGL J1619.1+7538,0.9831144865736356,0.016885513426364337
2.540924,0.298360924997279,3.6753641322248405,-0.7194516805825364,AGN,3FGL J1625.6-2058,0.9776559466506018,0.02234405334939818
2.1165962,0.11050308992678565,3.6064033046878854,-0.30937400153115635,AGN,3FGL J1628.1-3344,0.9844502707110894,0.015549729288910581
2.1223505,0.7056731026197325,4.028617726429366,-0.36536851750321797,AGN,3FGL J1628.1+0254,0.9831144865736356,0.016885513426364337
2.7532167,0.4757298282304188,3.746084494644622,-0.8178986678977966,AGN,3FGL J1644.4+2632,0.9724392367454642,0.027560763254535776
1.8505279,-1.2311372393538431,3.7367153535938042,-0.34208007827853365,AGN,3FGL J1646.9-1332,0.9844478955304732,0.015552104469526876
2.4801893,-0.31816299838539164,3.935766484807233,-0.9970377876340754,AGN,3FGL J1648.0+4230,0.9753726098707027,0.024627390129297322
2.165772,-0.3432617331785148,4.33970364443129,-0.3455992768311987,AGN,3FGL J1650.0+0356,0.9871747512025046,0.012825248797495397
2.583273,-0.7397824980799402,3.850183239372902,-0.5631072292368456,AGN,3FGL J1704.1+1234,0.9790069809279351,0.020993019072064738
2.1847432,-1.0174791295990155,3.7296295260478245,-0.6867092657008667,AGN,3FGL J1704.4-0528,0.9821481503915275,0.017851849608472498
2.8066092,0.5664811955710058,3.827209284549625,-0.9998406702825234,AGN,3FGL J1705.5+0948,0.9753726098707027,0.024627390129297322
2.1041749,0.31296765554185446,4.092017941070286,-0.5528022239876162,AGN,3FGL J1715.4-4028,0.9851786297382894,0.014821370261710466
2.9134417,0.02498105879064422,3.9186017181654993,-0.9996805542950638,AGN,3FGL J1728.0-6446,0.9753726098707027,0.024627390129297322
2.901923,0.45026713976240246,3.671585725896735,-0.9998719785504135,AGN,3FGL J1731.9+5428,0.9620621189200236,0.03793788107997628
2.230005,0.4728496380180336,3.9596241582417484,-0.4634018306889289,AGN,3FGL J1733.5-3941,0.9806214468454644,0.019378553154535683
2.5818665,-2.4183805302334966,4.036623372406396,-0.08625908364565732,AGN,3FGL J1733.8-6056,0.9814413763121668,0.018558623687833287
2.5581224,-3.8708125903529225,4.166952624358695,-0.04717670524832458,AGN,3FGL J1745.4+4721,0.9839542240777153,0.01604577592228478
2.2776077,-1.2649270721363084,3.7297879248950117,-0.13863312333229885,AGN,3FGL J1748.0+2701,0.9773819504534706,0.02261804954652919
2.7548573,-0.8488562440364771,4.487467822077655,-0.6035075261097425,AGN,3FGL J1801.5-7825,0.9839542240777153,0.01604577592228478
2.5622666,-2.1915098376113384,4.207039490199726,0.03307207611788921,AGN,3FGL J1806.8+5346,0.9839542240777153,0.01604577592228478
2.4414024,0.06681043837802911,3.6375857649894656,-0.520155106837117,AGN,3FGL J1809.0+3517,0.9708923462186589,0.029107653781340934
1.780261,0.9109114896584103,3.722495790119495,-0.5721768898924362,AGN,3FGL J1810.7+5335,0.9672489001004698,0.03275109989953007
2.1812253,0.9356069663907388,3.913479004946223,-0.9182420674388485,AGN,3FGL J1814.0-1757c,0.8525430508526584,0.14745694914734175
2.6200266,1.0495047441388592,4.038603619765341,-0.9997499855472229,AGN,3FGL J1829.2+2731,0.6301065931807119,0.36989340681928806
1.9216511,0.3019767647674895,3.91519417196031,-0.6731791965549628,AGN,3FGL J1838.9-0646,0.9844502707110894,0.015549729288910581
2.5529265,-0.03049143480812687,3.6996480144824506,-0.9867515364472588,AGN,3FGL J1839.9+7646,0.9677698971117425,0.03223010288825749
2.7322369,-0.7804163362261889,3.9630217194311554,-0.8787372901896983,AGN,3FGL J1840.5+6116,0.978352949467735,0.021647050532265004
2.6442003,-0.41841327498483855,3.610745411280233,-0.2782794354941009,AGN,3FGL J1857.9+7319,0.9790069809279351,0.020993019072064738
2.3222234,-1.5815084465491591,3.9692499558083014,-0.6259736807926937,AGN,3FGL J1911.7+0307,0.9773819504534706,0.02261804954652919
1.6248366,0.4587370237330445,3.7756818863594668,-0.10162973615261252,AGN,3FGL J1922.2+2313,0.9831144865736356,0.016885513426364337
2.2185771,0.4289021034727599,3.9284148618685815,-0.5837977158453239,AGN,3FGL J1923.2-7452,0.9806214468454644,0.019378553154535683
2.383179,0.024512889124003685,3.5886330059590814,-0.46851819090873165,AGN,3FGL J1925.4+1605,0.9759289064918548,0.024071093508145215
2.1403484,-0.1447232397830773,3.5744531346268813,-0.6341944761847423,AGN,3FGL J1934.2+6002,0.9844502707110894,0.015549729288910581
2.184457,-0.15268108021794655,4.012760792722524,-0.7009736482055426,AGN,3FGL J1944.1+3919,0.9821508704304465,0.01784912956955348
2.5431397,1.0140952890401105,3.624147314233466,-0.9999510661318541,AGN,3FGL J1945.3+7329,0.7591719938125114,0.2408280061874885
2.104774,0.7639886090787231,3.6073907264572536,-0.4292692918337492,AGN,3FGL J1951.8-1102,0.9831144865736356,0.016885513426364337
2.3555236,-0.2530319166056908,3.9649377565439465,-0.4541015807654339,AGN,3FGL J1953.4+7653,0.9759289064918548,0.024071093508145215
2.3787937,-0.2614963961741477,3.70480432753338,-0.7526301219606749,AGN,3FGL J1957.9-0712,0.9759289064918548,0.024071093508145215
1.6788126,-2.7322408906770157,3.8560537430907362,-0.4268182533526548,AGN,3FGL J1958.1+2436,0.9844478955304732,0.015552104469526876
2.6373606,0.4128421639305429,4.1966013914241564,-0.8802578437693045,AGN,3FGL J1958.6+3844,0.982056437954185,0.01794356204581505
1.7703412,0.20924923074837048,3.4974853862702484,-0.031631867298362995,AGN,3FGL J2015.3-1431,0.9844502707110894,0.015549729288910581
1.9494183,1.1050800607968907,3.655284226205994,-0.9022061770594291,AGN,3FGL J2022.2-7220,0.4107446197922975,0.5892553802077025
1.9138244,0.85648526945503,3.9475304869079975,-0.8953361684690835,AGN,3FGL J2024.6+0309,0.8784861346851762,0.12151386531482378
1.8650038,-0.37279570221242014,3.6761229345937485,-0.3805177523611025,AGN,3FGL J2030.5-1439,0.9844478955304732,0.015552104469526876
1.948012,0.6915566663625694,3.739207672965863,-0.7992758145761564,AGN,3FGL J2034.6-4202,0.9795533765277873,0.020446623472212676
2.0974948,-1.3602256031691202,3.618419086738563,-0.9248484365478333,AGN,3FGL J2039.7+1237,0.9425113879999072,0.05748861200009282
2.5529985,-0.6779782723773324,3.88019657506025,-0.9994173750491646,AGN,3FGL J2042.3-5416,0.9768683048061544,0.023131695193845454
1.6896613,0.8565799199062922,3.728957251788399,-0.623326736823027,AGN,3FGL J2043.6+0001,0.9672489001004698,0.03275109989953007
2.2908466,0.7770499976464283,4.069326145313266,-0.9999977419858895,AGN,3FGL J2044.0+1035,0.964155973611714,0.035844026388285946
2.0109036,0.3475358089771926,3.736108877150794,-0.7616750560521431,AGN,3FGL J2046.7-4259,0.9844502707110894,0.015549729288910581
2.5207422,0.828796241840573,3.790424700880603,-0.44992716310393466,AGN,3FGL J2047.9-3119,0.9367706893125027,0.06322931068749732
1.5435793,1.2406340525337842,3.8280584004929934,-0.40172896866829805,AGN,3FGL J2053.9+2922,0.9382861955713786,0.06171380442862143
2.3455164,-1.5785203250215247,3.9141256732719105,-0.8304936947798128,AGN,3FGL J2054.8-4908,0.9747758989977204,0.025224101002279536
2.0710716,0.7870825976290581,3.817398804286649,-0.5834133506093995,AGN,3FGL J2102.8+4704,0.9831144865736356,0.016885513426364337
2.7324688,-2.92204764957089,4.621523833168643,-0.6979686621132788,AGN,3FGL J2109.4+1437,0.9839542240777153,0.01604577592228478
2.0631783,-0.5359983824413803,3.96272809685825,-0.41674249326585744,AGN,3FGL J2110.0+0442,0.9844478955304732,0.015552104469526876
2.4833553,-0.3234336101589305,3.981104193015116,-0.7863729244538477,AGN,3FGL J2118.3+5751,0.9781812012709308,0.02181879872906909
2.5725129,0.6538658215677423,4.19542503153515,-0.9988123347064427,AGN,3FGL J2120.4-1256,0.9811752224623764,0.018824777537623433
2.1337929,-1.6215005746892228,3.8307193230600847,-0.29550168388357384,AGN,3FGL J2134.5-2131,0.9844478955304732,0.015552104469526876
2.417561,0.5914415332818042,3.930230184202332,-0.9992496617159171,AGN,3FGL J2138.2-4939,0.9315798870068233,0.06842011299317674
2.6892817,1.0403718661384154,3.7713751507485394,-0.6013868372836191,AGN,3FGL J2139.5+3919,0.9203925196361431,0.0796074803638569
2.0091686,-0.5754859300968553,3.6278613955364083,-0.720516219415316,AGN,3FGL J2142.7+1957,0.9844478955304732,0.015552104469526876
1.5526955,0.39017345106953877,3.643436826935231,-0.10520227424808215,AGN,3FGL J2145.5+1007,0.9831144865736356,0.016885513426364337
2.6587038,-0.12222442654732713,4.09008394868489,-0.7824401635003122,AGN,3FGL J2150.5-1754,0.9794725286218793,0.020527471378120617
1.8487629,0.7260253220633719,3.519704007315994,-0.26578326946475545,AGN,3FGL J2151.6+4154,0.9831144865736356,0.016885513426364337
1.2660482,0.7444239648112043,3.8204917564621215,0.0897156754313772,AGN,3FGL J2209.8-0450,0.9643049712836045,0.03569502871639557
1.808709,0.22471623400024526,3.7275020797947107,-0.4828738555429591,AGN,3FGL J2223.3+0103,0.9844502707110894,0.015549729288910581
1.5956316,-0.19977453380165763,3.535379087787009,0.16138268603204653,AGN,3FGL J2224.4+0351,0.9844502707110894,0.015549729288910581
2.5065176,0.6097353537730353,3.9045021142950183,-0.4174764584722308,AGN,3FGL J2228.5-1636,0.9736208008390683,0.026379199160931524
2.107771,0.2185347068883771,3.879527292683879,-0.5054167572462976,AGN,3FGL J2247.2-0004,0.9844502707110894,0.015549729288910581
2.174028,-2.113400143258694,3.6927868104449173,0.1898142441607048,AGN,3FGL J2249.3-5943,0.9844478955304732,0.015552104469526876
2.7852352,-0.36924446759894125,4.466542170474801,0.5381730387986011,AGN,3FGL J2250.3+1747,0.9839542240777153,0.01604577592228478
2.4423332,0.952285555127376,3.8309711153679884,-0.9923211691224909,AGN,3FGL J2253.1-1237,0.8995893638716121,0.10041063612838783
1.9558733,-0.07269424885466284,3.5245239568045346,0.7709853780392774,AGN,3FGL J2258.2-3645,0.9844502707110894,0.015549729288910581
2.1121497,0.7327718025156982,3.769009727184281,-0.7523396152980577,AGN,3FGL J2259.9-1553,0.9831144865736356,0.016885513426364337
1.5139174,-2.4962210569704046,3.5903905525223716,0.7918359301817173,AGN,3FGL J2300.0+4053,0.9844478955304732,0.015552104469526876
2.1846757,-0.6890957188259517,3.9093130367778275,-0.5787843137956016,AGN,3FGL J2300.1-3547,0.9821481503915275,0.017851849608472498
2.793174,-0.940200301123001,4.071988960859102,-0.3224093971829115,AGN,3FGL J2313.1+3935,0.9814413763121668,0.018558623687833287
1.5327803,-4.1362553124705295E-4,3.6604005011252667,-0.5654646046420642,AGN,3FGL J2321.6-1619,0.9844502707110894,0.015549729288910581
2.0607789,-0.7191279775036226,3.638294750721742,-0.5839371702110295,AGN,3FGL J2329.8+6102,0.9844478955304732,0.015552104469526876
2.1659245,0.914721901903706,4.036890045724557,-0.9986283215289068,AGN,3FGL J2331.9-1609,0.8525430508526584,0.14745694914734175
2.1409557,-0.12051431219864735,3.283005337373144,0.2458475502870086,AGN,3FGL J2337.2-8425,0.9844502707110894,0.015549729288910581
2.5788372,0.5668396897562941,3.9820835147869063,-0.9431293347970215,AGN,3FGL J2338.7+0251,0.9753726098707027,0.024627390129297322
1.9188373,0.06594521877435874,3.713592798196726,-0.4415637347893105,AGN,3FGL J2340.7+3847,0.9844502707110894,0.015549729288910581
1.6905777,-0.4311069685917945,3.5756668020748132,-0.446319418879295,AGN,3FGL J2351.9-7601,0.9844478955304732,0.015552104469526876
2.154808,0.13656640730451897,3.7012454293039894,-0.7985304297497653,AGN,3FGL J2354.0+2722,0.9811654769322671,0.018834523067732832
2.0776443,-0.3837281763151341,3.9572046476589615,-0.38774144897382146,AGN,3FGL J2358.5+3827,0.9844478955304732,0.015552104469526876
1.8166555,0.6478934010049077,3.887784553191347,-0.5902044633803685,AGN,3FGL J2358.6-1809,0.9831144865736356,0.016885513426364337
2.802667,2.216706673965101,3.732227790742912,-0.9999803842891143,AGN,3FGL J0223.6+6204,0.5576673269532233,0.4423326730467767
2.7587955,2.351031293252769,3.758177878914719,-0.8570079800270578,AGN,3FGL J0634.1+0424,0.12918564935494048,0.8708143506450594
2.743385,1.439590785402479,3.713511406327919,-0.8440255511628894,AGN,3FGL J0704.1-1043,0.3403954563075756,0.6596045436924245
2.3481908,1.6614504980696656,3.8699230696887414,-0.2418606405133271,AGN,3FGL J0915.8-5110,0.7864622048350067,0.21353779516499335
2.4994967,1.6034205644543515,4.211767533062928,-0.9641783157555847,AGN,3FGL J1503.5-5801,0.5053644310413883,0.4946355689586117
2.5917633,1.8549550577851888,3.9242959833816515,-0.9010441821955665,AGN,3FGL J1857.9+0210,0.10767748272447164,0.8923225172755282
2.5399656,2.175794473084238,3.890889783683675,-0.3849501637082114,AGN,3FGL J2023.5+4126,0.8103659339276537,0.18963406607234623
2.4568858,1.891449965664901,3.6329543441479006,-0.9077888698603714,AGN,3FGL J2353.3+6639,0.10767748272447164,0.8923225172755282
