spec_ind,signif_curv,var,hr45,class_4fgl,source_name,pro_agn,pro_psr
0.0,1.0,2.0,3.0,4,5,6.0,7.0
2.4333627,0.8235445422359445,3.867632923682284,-0.932233611675554,PSR,3FGL J1151.8-6108,0.5972928178810021,0.4027071821189979
2.368808,0.3841058138343895,4.006981414277414,-0.9639237828129406,PSR,3FGL J1417.5-4402,0.9221376522218947,0.07786234777810536
2.2550774,-0.6673139504284745,4.029878927317152,-0.8019788167563282,PSR,3FGL J1553.1+5437,0.9999725339930421,2.746600695788526E-5
2.6649535,-0.8153665672857328,3.6816623987078168,-0.7955605752366117,PSR,3FGL J1719.2-2433,0.9937499999068669,0.006250000093133146
2.086256,1.9800005543256032,3.871690682665771,-0.9999771816775467,PSR,3FGL J0002.6+6218,0.26770743501909916,0.7322925649809008
2.0204341,1.8251888616763319,3.515441808264368,-0.999988362289768,PSR,3FGL J0359.5+5413,0.19035952863057143,0.8096404713694285
2.2817585,1.4368438339407559,4.0732542161718985,0.99282432214382,PSR,3FGL J0514.6-4406,0.9025081620930488,0.09749183790695126
2.5418246,2.220550836837008,3.575437566399782,-0.9999547563714714,PSR,3FGL J1056.7-5853,0.32865752816785543,0.6713424718321446
2.5581317,2.150100474515493,3.7633902736851685,-0.9841617898796063,PSR,3FGL J1104.9-6036,0.37035943289093964,0.6296405671090604
2.3879848,1.7572167292764778,4.1657371964182675,-0.9266376299454638,PSR,3FGL J1208.4-6239,0.31428468688488687,0.685715313115113
2.1646054,1.8208090317967216,4.064596407721215,-0.9999935569892606,PSR,3FGL J1350.4-6224,0.3833806338458504,0.6166193661541497
2.284116,1.8431790939689239,4.230030746198678,-0.9999732615184538,PSR,3FGL J1528.3-5836,0.37772478526104764,0.6222752147389523
2.1264415,2.0157864968288015,3.995425993338665,-0.7500811057255069,PSR,3FGL J1622.9-5004,0.49142656910014326,0.5085734308998567
2.0572636,1.9904773956408415,3.9278058583637927,-0.9592020022608071,PSR,3FGL J1624.2-4041,0.08695860966036366,0.9130413903396364
2.4938385,1.937004367185144,4.00835375518284,-0.8783023622113785,PSR,3FGL J1650.3-4600,0.1613521039916906,0.8386478960083095
2.4792907,1.3827083892011565,3.688897453951938,-0.928155068987998,PSR,3FGL J1827.3-1446,0.18213155933770092,0.8178684406622991
2.2825232,1.7458009895531237,3.801825923528608,-0.8892539053494454,PSR,3FGL J1844.3-0344,0.14604607244944115,0.8539539275505589
1.8963063,1.9256608954650285,3.6809872675779696,-0.9059312038438698,PSR,3FGL J1946.4-5403,0.012514280720741103,0.9874857192792589
2.614499,2.5318159191992655,3.6853580111050794,-0.9814898107795468,PSR,3FGL J2017.9+3627,0.2707090845048997,0.7292909154951002
1.8367444,1.677781559887395,4.078730342288933,-0.999935775431332,PSR,3FGL J2310.1-0557,0.02514915746304838,0.9748508425369515
2.410956,1.2227793474596678,3.707542142711125,-0.3411646902546724,AGN,3FGL J0000.1+6545,0.8471311158426089,0.15286888415739103
1.8667319,0.40310004688774054,3.803219190636362,-0.6481892737318573,AGN,3FGL J0000.2-3738,1.0,0.0
1.9460614,0.3138621879170869,3.8313551023606913,-0.49795186771472183,AGN,3FGL J0002.0-6722,1.0,0.0
2.0504425,-0.23529942296034895,3.8140060375761227,-0.8706377580490783,AGN,3FGL J0004.2+0843,0.985526996009404,0.014473003990596029
2.1869004,-1.7786281042231946,3.8191673986930605,-0.3951725265506454,AGN,3FGL J0006.2+0135,1.0,0.0
2.2756045,-0.020848936486780684,3.793004914905388,-0.5895593077013017,AGN,3FGL J0007.9+4006,0.9965811823230877,0.003418817676912326
2.2695491,0.4497952458916993,3.5392097654663734,-0.6761528719520202,AGN,3FGL J0008.3+1456,0.8522588925167138,0.14774110748328617
2.504053,0.061235917290220446,3.9960422270490206,-0.7306166513081951,AGN,3FGL J0014.3-0455,1.0,0.0
1.6399021,0.43271269786526106,3.9966331434162568,-0.47608342748093824,AGN,3FGL J0020.9+0323,1.0,0.0
2.784271,-1.6638638980526095,3.641846414047368,-0.9999917679566133,AGN,3FGL J0022.7+4651,0.9749999045386968,0.025000095461303246
2.1874866,-0.39339708056426326,3.942383311622283,-0.5462664480616305,AGN,3FGL J0026.2-4812,1.0,0.0
2.1391132,0.5911794584191239,3.5117344358953235,-0.9991398106993409,AGN,3FGL J0031.2-2320,0.9131622385971963,0.08683776140280376
2.2745852,0.31779642423059534,6.235901809578529,-0.6243560767805013,AGN,3FGL J0032.3-5522,1.0,0.0
1.7653672,-0.4755638587112215,3.572518094896527,-0.2857654268078691,AGN,3FGL J0049.0+4224,1.0,0.0
2.0650234,-0.7310816812392441,3.7314903755498383,-0.29987821906091255,AGN,3FGL J0102.1+0943,1.0,0.0
2.1721509,-3.0862578836884484,3.678476783470549,-0.4059362319461393,AGN,3FGL J0112.9-7506,1.0,0.0
2.759096,0.6454817186757151,3.9244713028722398,-0.9997503281674898,AGN,3FGL J0116.8+6913,0.9874938964814646,0.012506103518535384
2.5585058,0.34558154913681804,3.789087732261582,-0.2902053765254937,AGN,3FGL J0158.6+0102,0.9894772239840974,0.010522776015902508
1.8781707,-0.6872598648626577,3.846288548110567,-0.6231220575817921,AGN,3FGL J0200.3-4108,1.0,0.0
2.0137677,-0.839875302520031,3.6270176141336483,-0.6005503627197641,AGN,3FGL J0216.0+0300,1.0,0.0
2.24003,0.1510124177730103,3.9011666276383896,-0.3864808989040241,AGN,3FGL J0216.4+0507,1.0,0.0
1.9356745,-0.18511253595540253,3.638525455292259,-0.6485734538972411,AGN,3FGL J0221.2+2518,1.0,1.5777218104420237E-31
2.4037545,0.39726672636221605,3.8699100947006593,-0.6857798507879597,AGN,3FGL J0223.6+3927,0.9545222762737183,0.045477723726281644
2.4003537,-0.21116971220478373,3.7207829568519437,-0.7621781041342908,AGN,3FGL J0224.1-1846,0.9999998376591618,1.6234083819436257E-7
2.261836,-1.0051141314036514,3.9618117565579025,-0.4252539113965246,AGN,3FGL J0224.4+1615,0.9999965667724495,3.433227550442286E-6
2.771561,0.10939130111626182,3.7231011545365384,-0.6271608779045807,AGN,3FGL J0228.5+8213,1.0,0.0
2.665958,0.8489591083218612,4.006103957314026,-0.8134135739200044,AGN,3FGL J0232.6+0646,0.9206871719636303,0.07931282803636973
1.8133874,-0.19301100592775539,3.562483287965839,-0.23066909142580183,AGN,3FGL J0234.2-0629,1.0,0.0
1.9952142,-0.9615283724844393,3.932947650086181,-0.5966145737305769,AGN,3FGL J0239.4+1326,1.0,0.0
2.0670924,-0.2641414727670336,3.4976885002473406,-0.5336930001024264,AGN,3FGL J0248.4+5130,1.0,0.0
2.0957446,0.4017659412859103,3.9792314591215523,-0.3874332086890424,AGN,3FGL J0307.3+4916,1.0,0.0
2.5369458,0.26585209797538195,3.262073427395963,-0.9999154605817256,AGN,3FGL J0308.4-2852,0.9937481935537997,0.006251806446200227
1.6247706,0.8343165233866486,3.578460331920012,-0.35570969583009127,AGN,3FGL J0312.7-2222,0.9998779296875,1.220703125E-4
2.1997874,0.6638696972445209,3.897573248723105,-0.799123868971469,AGN,3FGL J0322.5-3721,0.9886814454547788,0.011318554545221172
2.6469278,-3.181135052441008,3.6905785099008357,-0.9999531391918498,AGN,3FGL J0324.5-1315,0.9968749999534332,0.0031250000465668504
2.2363307,0.8758898153547805,4.1216347737390135,-0.9999925061218958,AGN,3FGL J0330.6+0437,0.866641353959261,0.13335864604073897
2.071027,-1.0506444625259295,3.646266951340054,-0.7781829409411907,AGN,3FGL J0333.6+0233,1.0,0.0
2.0884702,0.12538579463586885,3.366244518931928,-0.5606198978321724,AGN,3FGL J0340.4-2423,1.0,0.0
1.8813975,-0.296966856297168,3.671178716299576,-0.010361715318134509,AGN,3FGL J0348.4+6039,1.0,0.0
2.0426261,-0.6883369682036273,3.64908445809181,-0.22998269799277604,AGN,3FGL J0351.0-2816,1.0,0.0
2.166003,-0.4524117575954811,3.992703380517825,-0.76681166829007,AGN,3FGL J0359.7+7649,1.0,0.0
2.772858,0.02318298587226278,3.920145925007697,-0.999799446509744,AGN,3FGL J0402.7+2616,0.9874999522697039,0.01250004773029616
2.398651,-0.01677440698699582,4.084009909860215,-0.2175048211115445,AGN,3FGL J0412.0+0229,0.9622985836089322,0.03770141639106779
2.4036627,-0.702608497999665,3.981569888755527,-0.9999683912855907,AGN,3FGL J0414.9-0840,0.9873485236131136,0.012651476386886351
2.4831734,0.42928813947031547,3.6663037804763103,-0.07509973173809711,AGN,3FGL J0415.7-4351,0.9636991814259616,0.03630081857403841
1.8452863,-2.805610434880471,3.700267513316448,-0.31903834158775124,AGN,3FGL J0420.4-6013,1.0,0.0
2.3351693,0.29861036553801684,3.987075003277932,-0.5661491520362788,AGN,3FGL J0420.6-3742,0.9749999999562108,0.025000000043789158
2.3310003,0.6241063257789569,3.85175800643967,-0.8933933252966542,AGN,3FGL J0421.6+1950,0.8172058393489183,0.18279416065108167
1.9710824,0.7459867538418614,3.787122737252871,-0.9218972291928482,AGN,3FGL J0430.1-3103,0.9620694368475224,0.037930563152477545
2.501354,-0.5871267426986833,3.655724864771727,-0.7512389777437518,AGN,3FGL J0447.1-2540,0.999999999627471,3.7252904094842696E-10
2.6509671,0.6875164577521543,3.7312047181581613,-0.8303447294875226,AGN,3FGL J0451.6+7231,0.9862548551909458,0.013745144809054241
2.486627,0.44252547657586566,3.3436605315183385,-0.5026742847368146,AGN,3FGL J0451.7+5722,0.7775853781430879,0.22241462185691208
2.1675987,1.1215789899658377,3.3065798419273054,-0.946843995712991,AGN,3FGL J0506.3-0357,0.42988073576275304,0.5701192642372469
1.8043303,-1.5887274620399159,3.5001334949686442,-0.4554918847971878,AGN,3FGL J0506.9+0321,1.0,0.0
2.34381,2.869588233781981E-4,3.7907020863360272,-0.38635146226509015,AGN,3FGL J0507.5-0906,0.9993692693824128,6.307306175871547E-4
2.1241972,-1.100133705435884,3.97483696536452,-0.5303566716462821,AGN,3FGL J0524.4+2839,1.0,0.0
1.6333857,0.3574575676089194,3.5951323520668366,0.22072467717817493,AGN,3FGL J0524.5-6937,0.9999999999970879,2.9121594025127708E-12
2.4045255,0.459068305946744,4.03815456167154,-0.1917968550819415,AGN,3FGL J0526.4+2247,0.8954447898545286,0.10455521014547133
2.3432455,-1.541852350743209,4.050848544296966,-0.15184503624003623,AGN,3FGL J0533.8-3754,0.9551540000692638,0.044845999930736194
2.2926352,0.9946460967852343,5.302264566095964,-0.291382477240103,AGN,3FGL J0536.4-3347,0.9999999999941338,5.8662416937972085E-12
1.890715,0.7709893149009096,3.8141281081176506,-0.5864841278580718,AGN,3FGL J0538.9+1646,0.99921875,7.8125E-4
2.1070893,-1.498020516763739,3.879204398190888,-0.2988629311006355,AGN,3FGL J0540.0+1208,1.0,0.0
3.0930102,7.585122568305369E-4,3.964124633026361,-0.7575235031343602,AGN,3FGL J0556.2+3933,1.0,2.117582368135751E-23
2.1480634,-1.0557090470459043,3.4983060039050233,-0.172757044340822,AGN,3FGL J0557.7-0720,1.0,0.0
1.7110547,0.7005455450438457,3.6634472806158014,-0.4839796808641839,AGN,3FGL J0559.8+3042,0.999609375,3.90625E-4
2.484669,0.43426673055754395,3.8241905277912625,-0.7343855511864937,AGN,3FGL J0601.5+2309,0.952383505154174,0.04761649484582589
2.008549,0.22786255926090063,3.9488381351766995,-0.38921242324820665,AGN,3FGL J0605.0-0000,1.0,0.0
2.2983522,0.7211961056463689,4.123885322229688,-0.70970651561715,AGN,3FGL J0609.7-1841,0.973605185546866,0.02639481445313399
2.0148985,-0.07975617789378135,3.9451949423330257,-0.6340091643975292,AGN,3FGL J0619.4+2242,1.0,0.0
2.2900796,-0.6139750116953873,3.4577963427412914,-0.7686549406792701,AGN,3FGL J0623.1-4143,0.9997802253574147,2.1977464258524722E-4
2.2764657,0.05741646942962959,4.0990945133217185,-0.4628879915814917,AGN,3FGL J0644.6+6035,0.9999999999999994,5.330101951357337E-16
2.4574044,0.8962084254714199,3.897697077597684,-0.5730556333847211,AGN,3FGL J0647.6+0032,0.9241502326430449,0.07584976735695509
2.5400684,-2.607273978276101,3.8531117150208445,-0.8838774144739625,AGN,3FGL J0650.9+6524,1.0,0.0
2.2582495,-2.7436328201526177,3.644137808622017,-0.4621490012325013,AGN,3FGL J0716.0-4525,0.9749958035977955,0.025004196402204575
2.0026686,-2.0920608310362137,3.7010887168068693,-0.39029433826530663,AGN,3FGL J0721.5-0221,1.0,0.0
2.3585443,0.25735450578657554,3.5723751318050567,-0.11480575887986005,AGN,3FGL J0725.8-3532,0.9575807093519326,0.042419290648067376
2.1847017,0.15809324056800944,3.9949911529037854,-0.48597544911925555,AGN,3FGL J0725.8+0212,0.999008020711038,9.91979288961975E-4
1.6692368,-0.3528871979428958,3.4720673791341223,0.18706682342479275,AGN,3FGL J0731.8-3010,1.0,0.0
2.7803707,0.0989008166545055,4.309908661926486,-0.7515844524722357,AGN,3FGL J0733.3+5904,0.9999999999984993,1.5006773601608727E-12
1.9193196,-1.7630221693757604,3.7326305147287444,-0.1673561579639341,AGN,3FGL J0737.8-8245,1.0,0.0
2.2611725,0.9019951147239068,3.450664586429139,-0.7266921592924106,AGN,3FGL J0744.3+1715,0.8856774767399528,0.11432252326004722
2.0025747,-0.18097773213091403,4.0911573216963175,-0.32624270438842307,AGN,3FGL J0746.4-0225,1.0,0.0
2.2734842,-0.25375096565730076,3.6801520811428365,-0.4633834789453144,AGN,3FGL J0747.5-4927,0.9998046579372333,1.953420627667917E-4
2.3717525,-0.6878817672111003,4.323988407441023,-0.8519277459530681,AGN,3FGL J0749.0+4459,1.0,0.0
2.2493107,0.8047628816897905,3.841011526494816,-0.7625267821196859,AGN,3FGL J0749.5+1320,0.9520692015026455,0.047930798497354495
2.199274,0.4536061727691951,3.7395610902266982,-0.7317179594463101,AGN,3FGL J0752.6-1629,0.9697341843394842,0.030265815660515734
2.2820556,-1.044854711121978,3.5802761864142645,-0.49755286248127495,AGN,3FGL J0802.3-0941,1.0,2.524354896707238E-30
1.6670097,0.6881355935098146,3.469690261507449,-0.34821232385333634,AGN,3FGL J0813.5-0356,0.974969482421875,0.025030517578125012
2.1803546,-0.05007130447933068,4.032933802313408,-0.761874344597262,AGN,3FGL J0818.0+3237,1.0,0.0
2.6124713,1.3285160316425304,4.498429607370188,-0.9086073680690313,AGN,3FGL J0823.6-4838,0.999875592416322,1.244075836780212E-4
2.34202,-1.447216432169963,3.565351658250661,-0.28814059135789155,AGN,3FGL J0826.3-6400,0.9983146595649479,0.001685340435052067
1.9515342,-0.6238670996549011,3.886005403927531,-0.7586318803024017,AGN,3FGL J0830.5-4452,1.0,0.0
2.5567951,-0.28993260299693585,4.028596136111275,-0.9999852619696054,AGN,3FGL J0830.8+2629,0.9748752513479,0.025124748652100015
2.0133777,-2.3840516346716316,3.998992443205006,-0.6070125313030804,AGN,3FGL J0848.5+7018,1.0,0.0
2.5718791,0.2044346664636327,4.343619560426675,-0.9999896920244272,AGN,3FGL J0855.4+7142,1.0,0.0
2.23863,0.26019930725329776,3.8325972573958644,-0.9999509340319873,AGN,3FGL J0900.0+6754,0.977908231939691,0.022091768060308915
1.9771367,-0.6231016632990074,4.068887650546247,-0.6323449515971559,AGN,3FGL J0921.6+2339,1.0,0.0
2.166111,0.07907824272670663,3.7843540749425495,-0.538020331778664,AGN,3FGL J0931.8+6739,1.0,0.0
1.748642,0.3866197784563455,3.5099536053719604,-0.453939302351075,AGN,3FGL J0935.1-1736,1.0,1.1275702593849246E-17
1.8428967,-1.0129562972987205,3.8475298165963836,-0.43797270566742486,AGN,3FGL J0936.3-2114,1.0,3.4694469519536144E-19
2.5450487,0.19190944573536384,3.8035821949740836,-0.4120250524414972,AGN,3FGL J0937.8-6407,0.99998779296875,1.220703125E-5
1.889783,0.6019432087326994,3.9268556557649115,-0.7715195934629063,AGN,3FGL J0937.9-1435,0.9999969480202706,3.051979729451655E-6
2.2964528,0.4097891459672409,3.968008118998233,-0.7684074763155938,AGN,3FGL J0941.0+6151,0.9699374670490742,0.030062532950925737
2.7351112,0.6467729781033181,3.9768854116092935,-0.9985059059315889,AGN,3FGL J0946.2+5209,0.9872953414513128,0.012704658548687147
1.69938,0.32247740708444916,3.676919467755201,-0.42956698665530235,AGN,3FGL J0952.8+0711,1.0,0.0
2.2513545,-0.503352450946157,3.774973385378911,-0.45028903739418297,AGN,3FGL J1013.4-4008,0.9756537261690452,0.024346273830954838
2.605058,0.6553817599545887,3.784264017515369,-0.9999873568522542,AGN,3FGL J1016.9-2653,0.987499511240355,0.012500488759645026
2.0730712,0.30831670647552906,3.7327617850241137,-0.42559603097813836,AGN,3FGL J1027.8+8253,1.0,0.0
2.0194092,-0.3643682761591756,3.84081976430168,-0.5318664184143456,AGN,3FGL J1033.4-5035,1.0,0.0
2.3966603,-1.2783363937623566,4.078931674903652,-0.3792961505345106,AGN,3FGL J1038.0-2425,1.0,6.776263578034403E-22
2.0938542,-1.493813783318058,4.133422428634811,-0.6187810629488244,AGN,3FGL J1039.5+7324,1.0,0.0
1.8951391,-0.3572142321856451,3.839878157392413,-0.731583104628477,AGN,3FGL J1047.8-3737,1.0,1.3236505387982337E-24
2.1529865,0.099895740939133,4.0671557400245835,-0.9144903859236798,AGN,3FGL J1049.7+1548,0.9864897695449786,0.01351023045502138
2.4701045,1.0092038592242103,5.9169331430119145,-0.7784791081600314,AGN,3FGL J1050.4+0435,1.0,0.0
2.618117,-0.12271038010430213,4.177052023974992,-0.999825413107533,AGN,3FGL J1103.3+5239,1.0,0.0
2.108555,-2.8687856631005006,4.464618206615873,-0.5829628447923153,AGN,3FGL J1115.0-0701,1.0,0.0
2.0026665,0.24704912256146377,4.207270190121903,-0.5739548659024465,AGN,3FGL J1117.2-5338,1.0,0.0
2.1532753,0.3725095915587261,4.014583131653117,-0.49989355218574094,AGN,3FGL J1117.7+0217,0.9984374999999972,0.0015625000000028422
2.2875624,-0.05405103029023926,3.8026634821652667,-0.7959546534391646,AGN,3FGL J1123.3-2529,0.9995889252742631,4.110747257368662E-4
2.2883708,0.9441451698904385,3.8011106624132984,-0.889376990688213,AGN,3FGL J1129.0+3758,0.8466981185335212,0.15330188146647886
1.7402625,0.8561008430476389,3.8425270645658705,-0.29646512997111557,AGN,3FGL J1130.7-7800,0.9999992370605468,7.629394531250217E-7
2.1137707,-0.6223347441524084,3.4617446357799047,-0.6938106231472982,AGN,3FGL J1132.0-4736,1.0,0.0
2.6594715,-0.4169224939985156,3.983079165537082,-0.7695047841933398,AGN,3FGL J1142.1-6941,0.9718749999963618,0.02812500000363817
2.3295882,-0.14104638241520512,3.4969865982252,-0.09979915355201616,AGN,3FGL J1150.7-4816,0.9517008405404866,0.048299159459513394
2.2214894,-1.4173463215675182,3.7625705715386544,-0.7503094784859478,AGN,3FGL J1151.5+0957,0.9999999999985448,1.4551915228366853E-12
2.0355177,0.4849797994825499,4.0216213487960175,-0.741719554706702,AGN,3FGL J1200.4+0202,0.9984374999999972,0.0015625000000028424
2.2530088,0.1520834588833411,3.9961779968298696,-0.5730966860935209,AGN,3FGL J1200.9-1432,0.9867084381636126,0.013291561836387323
2.714465,0.6484088814869031,3.749401129455094,-0.31235360769648135,AGN,3FGL J1205.9+3315,0.9697681742802344,0.030231825719765595
2.3979633,-0.3000802127475254,3.720046670900897,-0.9138750190994968,AGN,3FGL J1209.9+7607,0.9033999329820774,0.09660006701792262
2.483003,0.2279159054950114,4.001938752315986,-0.9997312704544301,AGN,3FGL J1216.6-0557,0.9613212583334296,0.03867874166657036
2.046814,-0.23646336751262084,3.73676397021269,-0.2294161173973815,AGN,3FGL J1220.1-3715,1.0,0.0
2.517096,0.10989915045517264,3.902867763807746,0.5717278106249435,AGN,3FGL J1220.3+6055,1.0,1.3877787807814458E-18
1.7372625,-0.7525014458709989,3.846224490832103,-0.11265417819313175,AGN,3FGL J1222.7+7952,1.0,0.0
2.2131422,0.5906881736736298,3.670978178103249,-0.8254535059284659,AGN,3FGL J1223.2+1215,0.9567967668008294,0.043203233199170646
1.7596995,-1.2934448426246103,3.5240798670691835,0.1073890500507265,AGN,3FGL J1225.4-3448,1.0,0.0
2.5151477,-0.1035537710265413,3.7928471402348887,-0.4262578447968693,AGN,3FGL J1231.6+4825,1.0,0.0
1.8371742,0.08329133286428873,3.71637138884595,-0.4331976771206965,AGN,3FGL J1232.3+1701,1.0,0.0
1.9247106,-0.2177023067718091,4.034229841633936,-0.3205922789653524,AGN,3FGL J1232.5-3720,1.0,0.0
1.6491082,0.3921482307913032,3.8643974608259994,0.7612817751224916,AGN,3FGL J1234.7-0437,1.0,0.0
2.066672,-0.7370601137799365,3.9087166053067044,-0.4775119825876991,AGN,3FGL J1249.1-2808,1.0,0.0
2.4129112,-0.5079839983438383,3.962599763164614,-0.7702511747344162,AGN,3FGL J1249.5-0546,0.9578124489485949,0.04218755105140508
2.0301764,0.5385347358023365,3.5907141021821363,-0.8009944782877477,AGN,3FGL J1251.0-4943,0.9998005628585702,1.9943714142982573E-4
2.7141607,-3.2994759795531223,4.120455518081439,-0.9998826042462824,AGN,3FGL J1259.5-3231,1.0,3.1554436208840474E-31
2.3971708,0.9986343719098166,4.142459959104744,-0.9999715974318741,AGN,3FGL J1301.5+3333,0.8645701635910852,0.13542983640891482
2.0191858,-1.6368272491686553,4.283317284229351,-0.17226304010572935,AGN,3FGL J1315.7-0732,1.0,0.0
2.3515882,-0.3367460361008698,3.9245367805220894,-0.7329938942184726,AGN,3FGL J1329.1-0536,0.9998045251731188,1.9547482688119712E-4
2.995564,-0.04749409942431284,3.9138246614707737,-0.6290822801223918,AGN,3FGL J1330.4+5641,0.9999999999999772,2.2737367544344532E-14
2.4004219,-0.21856032038139975,3.9710060924279302,-0.3433699094010542,AGN,3FGL J1351.8-1524,0.9935485839804638,0.006451416019536272
2.0416825,0.2500930493679242,3.6688146454512256,-0.10105241170988785,AGN,3FGL J1404.7-5844,1.0,0.0
1.8979145,-0.7097723357715995,3.6178127372668984,-0.2684072919400158,AGN,3FGL J1411.4-0724,1.0,0.0
2.7009985,0.2524332688120121,3.719567472919338,-0.8375098196193806,AGN,3FGL J1420.9-4615,0.9921627043687735,0.007837295631226504
2.1435895,1.0374153781257163,3.773818585484953,-0.8139243357408523,AGN,3FGL J1421.8-7920,0.5985700520666748,0.4014299479333252
2.1735172,-0.41297450820818554,3.8991454849325606,-0.5517548105410358,AGN,3FGL J1424.3-1753,1.0,0.0
3.010405,-2.0731638476988916,3.9039988982144926,-0.9999322615024727,AGN,3FGL J1427.2+1610,0.9968749999068678,0.0031250000931322577
2.3211524,0.6261027489163471,3.521083478408564,-0.29153927991815376,AGN,3FGL J1438.6-4209,0.7677557996656528,0.23224420033434728
2.583319,-3.24726526857601,4.631929831524865,-0.876991005980703,AGN,3FGL J1502.2+5553,0.9999999940395355,5.960464477539063E-9
2.4624138,0.00432901627317082,4.336443584711431,-0.5745433650416522,AGN,3FGL J1512.8-5639,1.0,0.0
1.6849688,0.017591360717903685,3.384110461493022,-0.5095005808981353,AGN,3FGL J1513.3-3719,1.0,0.0
2.0013506,-1.2843221312245652,3.346216031592321,-0.6347046381642358,AGN,3FGL J1517.0+2637,0.9999999999999034,9.663522491635625E-14
1.6438884,0.05156326794141095,3.753785321833989,-0.4300782209417441,AGN,3FGL J1525.8-0834,1.0,0.0
1.696769,-0.85095866630127,3.6984328002384994,-0.7531884805400388,AGN,3FGL J1528.1-2904,0.9821770586998173,0.01782294130018264
2.2368367,-0.8447377136945552,3.903962264774406,-0.5261181614417743,AGN,3FGL J1529.5+6733,1.0,0.0
2.8494124,0.8977430623889089,4.198903281527124,-0.9999663840625416,AGN,3FGL J1538.4-4656,0.9734375,0.026562500000000003
1.9751117,-0.49521111716166183,3.642485454348234,-0.4809814980203785,AGN,3FGL J1541.6+1414,1.0,0.0
1.6718508,0.2661451080621068,3.997942594968034,-0.08344065600541965,AGN,3FGL J1545.0-6641,1.0,0.0
2.112147,0.4405648416771421,4.211069853478878,-0.45828137280557546,AGN,3FGL J1548.4+1455,1.0,0.0
1.4396122,0.8084099764115747,3.562710180179864,-0.03470682114359084,AGN,3FGL J1549.9-3044,1.0,0.0
2.3129683,-0.6996816034753554,3.80302445792802,-0.6443905864495583,AGN,3FGL J1602.8-1924,0.9999999880790711,1.1920928966527311E-8
2.4347908,-1.740798748136873,3.798590823565559,-0.6799300773863992,AGN,3FGL J1613.4-4222,0.9999999759718776,2.4028122425080703E-8
2.3261952,0.42886127091447435,3.5537114086177546,-0.9999311379873712,AGN,3FGL J1618.8+5520,0.8088746580125159,0.1911253419874841
1.7126698,0.5860566136705879,3.890168179011092,0.14415738272288117,AGN,3FGL J1619.1+7538,0.9999740600585938,2.5939941406261102E-5
2.540924,0.298360924997279,3.6753641322248405,-0.7194516805825364,AGN,3FGL J1625.6-2058,0.9997924802808017,2.075197191983236E-4
2.1165962,0.11050308992678565,3.6064033046878854,-0.30937400153115635,AGN,3FGL J1628.1-3344,1.0,0.0
2.1223505,0.7056731026197325,4.028617726429366,-0.36536851750321797,AGN,3FGL J1628.1+0254,0.9968749402083631,0.0031250597916369235
2.7532167,0.4757298282304188,3.746084494644622,-0.8178986678977966,AGN,3FGL J1644.4+2632,0.9984122730653318,0.0015877269346682326
1.8505279,-1.2311372393538431,3.7367153535938042,-0.34208007827853365,AGN,3FGL J1646.9-1332,1.0,0.0
2.4801893,-0.31816299838539164,3.935766484807233,-0.9970377876340754,AGN,3FGL J1648.0+4230,0.9746629304349432,0.025337069565056755
2.165772,-0.3432617331785148,4.33970364443129,-0.3455992768311987,AGN,3FGL J1650.0+0356,1.0,0.0
2.583273,-0.7397824980799402,3.850183239372902,-0.5631072292368456,AGN,3FGL J1704.1+1234,1.0,0.0
2.1847432,-1.0174791295990155,3.7296295260478245,-0.6867092657008667,AGN,3FGL J1704.4-0528,0.9991056769618566,8.9432303814343E-4
2.8066092,0.5664811955710058,3.827209284549625,-0.9998406702825234,AGN,3FGL J1705.5+0948,0.9999999761581421,2.384185791163077E-8
2.1041749,0.31296765554185446,4.092017941070286,-0.5528022239876162,AGN,3FGL J1715.4-4028,1.0,0.0
2.9134417,0.02498105879064422,3.9186017181654993,-0.9996805542950638,AGN,3FGL J1728.0-6446,0.987481641722465,0.012518358277534959
2.901923,0.45026713976240246,3.671585725896735,-0.9998719785504135,AGN,3FGL J1731.9+5428,0.9962829410025446,0.0037170589974554586
2.230005,0.4728496380180336,3.9596241582417484,-0.4634018306889289,AGN,3FGL J1733.5-3941,0.9927713906862469,0.007228609313753137
2.5818665,-2.4183805302334966,4.036623372406396,-0.08625908364565732,AGN,3FGL J1733.8-6056,0.9999999821186061,1.788139396553686E-8
2.5581224,-3.8708125903529225,4.166952624358695,-0.04717670524832458,AGN,3FGL J1745.4+4721,1.0,0.0
2.2776077,-1.2649270721363084,3.7297879248950117,-0.13863312333229885,AGN,3FGL J1748.0+2701,0.9434919175281617,0.05650808247183824
2.7548573,-0.8488562440364771,4.487467822077655,-0.6035075261097425,AGN,3FGL J1801.5-7825,1.0,0.0
2.5622666,-2.1915098376113384,4.207039490199726,0.03307207611788921,AGN,3FGL J1806.8+5346,0.9999996185302734,3.814697265625E-7
2.4414024,0.06681043837802911,3.6375857649894656,-0.520155106837117,AGN,3FGL J1809.0+3517,0.9474912489073155,0.05250875109268442
1.780261,0.9109114896584103,3.722495790119495,-0.5721768898924362,AGN,3FGL J1810.7+5335,1.0,0.0
2.1812253,0.9356069663907388,3.913479004946223,-0.9182420674388485,AGN,3FGL J1814.0-1757c,0.936955068672287,0.06304493132771297
2.6200266,1.0495047441388592,4.038603619765341,-0.9997499855472229,AGN,3FGL J1829.2+2731,0.6540892750686245,0.34591072493137554
1.9216511,0.3019767647674895,3.91519417196031,-0.6731791965549628,AGN,3FGL J1838.9-0646,1.0,0.0
2.5529265,-0.03049143480812687,3.6996480144824506,-0.9867515364472588,AGN,3FGL J1839.9+7646,0.9999072495250513,9.275047494871295E-5
2.7322369,-0.7804163362261889,3.9630217194311554,-0.8787372901896983,AGN,3FGL J1840.5+6116,0.9999999761581421,2.3841857915707388E-8
2.6442003,-0.41841327498483855,3.610745411280233,-0.2782794354941009,AGN,3FGL J1857.9+7319,0.9999999999999999,8.886392589765811E-17
2.3222234,-1.5815084465491591,3.9692499558083014,-0.6259736807926937,AGN,3FGL J1911.7+0307,1.0,6.776263578034403E-22
1.6248366,0.4587370237330445,3.7756818863594668,-0.10162973615261252,AGN,3FGL J1922.2+2313,1.0,0.0
2.2185771,0.4289021034727599,3.9284148618685815,-0.5837977158453239,AGN,3FGL J1923.2-7452,0.9950598063589053,0.004940193641094601
2.383179,0.024512889124003685,3.5886330059590814,-0.46851819090873165,AGN,3FGL J1925.4+1605,0.9999938487987088,6.151201291157211E-6
2.1403484,-0.1447232397830773,3.5744531346268813,-0.6341944761847423,AGN,3FGL J1934.2+6002,1.0,0.0
2.184457,-0.15268108021794655,4.012760792722524,-0.7009736482055426,AGN,3FGL J1944.1+3919,0.9985842778788053,0.0014157221211946536
2.5431397,1.0140952890401105,3.624147314233466,-0.9999510661318541,AGN,3FGL J1945.3+7329,0.7259090144067775,0.27409098559322254
2.104774,0.7639886090787231,3.6073907264572536,-0.4292692918337492,AGN,3FGL J1951.8-1102,1.0,0.0
2.3555236,-0.2530319166056908,3.9649377565439465,-0.4541015807654339,AGN,3FGL J1953.4+7653,0.999804687499909,1.9531250009094948E-4
2.3787937,-0.2614963961741477,3.70480432753338,-0.7526301219606749,AGN,3FGL J1957.9-0712,0.9999997419144717,2.580855282372829E-7
1.6788126,-2.7322408906770157,3.8560537430907362,-0.4268182533526548,AGN,3FGL J1958.1+2436,0.9999999999996362,3.637978862255147E-13
2.6373606,0.4128421639305429,4.1966013914241564,-0.8802578437693045,AGN,3FGL J1958.6+3844,0.9999999999969958,3.0041746867937045E-12
1.7703412,0.20924923074837048,3.4974853862702484,-0.031631867298362995,AGN,3FGL J2015.3-1431,1.0,0.0
1.9494183,1.1050800607968907,3.655284226205994,-0.9022061770594291,AGN,3FGL J2022.2-7220,0.34530120729228886,0.654698792707711
1.9138244,0.85648526945503,3.9475304869079975,-0.8953361684690835,AGN,3FGL J2024.6+0309,0.8987024265023723,0.10129757349762769
1.8650038,-0.37279570221242014,3.6761229345937485,-0.3805177523611025,AGN,3FGL J2030.5-1439,1.0,0.0
1.948012,0.6915566663625694,3.739207672965863,-0.7992758145761564,AGN,3FGL J2034.6-4202,0.9999966587871248,3.3412128751857133E-6
2.0974948,-1.3602256031691202,3.618419086738563,-0.9248484365478333,AGN,3FGL J2039.7+1237,0.8474496565293195,0.1525503434706805
2.5529985,-0.6779782723773324,3.88019657506025,-0.9994173750491646,AGN,3FGL J2042.3-5416,0.9998046875,1.953125E-4
1.6896613,0.8565799199062922,3.728957251788399,-0.623326736823027,AGN,3FGL J2043.6+0001,0.9999997854232788,2.145767211917532E-7
2.2908466,0.7770499976464283,4.069326145313266,-0.9999977419858895,AGN,3FGL J2044.0+1035,0.9260341425429386,0.07396585745706136
2.0109036,0.3475358089771926,3.736108877150794,-0.7616750560521431,AGN,3FGL J2046.7-4259,0.9999999940395355,5.9604644775390736E-9
2.5207422,0.828796241840573,3.790424700880603,-0.44992716310393466,AGN,3FGL J2047.9-3119,0.9640981819518909,0.03590181804810906
1.5435793,1.2406340525337842,3.8280584004929934,-0.40172896866829805,AGN,3FGL J2053.9+2922,0.9618589254849208,0.038141074515079205
2.3455164,-1.5785203250215247,3.9141256732719105,-0.8304936947798128,AGN,3FGL J2054.8-4908,0.9952861756086342,0.004713824391365762
2.0710716,0.7870825976290581,3.817398804286649,-0.5834133506093995,AGN,3FGL J2102.8+4704,1.0,0.0
2.7324688,-2.92204764957089,4.621523833168643,-0.6979686621132788,AGN,3FGL J2109.4+1437,1.0,0.0
2.0631783,-0.5359983824413803,3.96272809685825,-0.41674249326585744,AGN,3FGL J2110.0+0442,1.0,0.0
2.4833553,-0.3234336101589305,3.981104193015116,-0.7863729244538477,AGN,3FGL J2118.3+5751,0.9999999999998181,1.8189911450737235E-13
2.5725129,0.6538658215677423,4.19542503153515,-0.9988123347064427,AGN,3FGL J2120.4-1256,0.9999999880325049,1.19674950838089E-8
2.1337929,-1.6215005746892228,3.8307193230600847,-0.29550168388357384,AGN,3FGL J2134.5-2131,1.0,0.0
2.417561,0.5914415332818042,3.930230184202332,-0.9992496617159171,AGN,3FGL J2138.2-4939,0.754621534550928,0.24537846544907208
2.6892817,1.0403718661384154,3.7713751507485394,-0.6013868372836191,AGN,3FGL J2139.5+3919,0.962982570700453,0.03701742929954699
2.0091686,-0.5754859300968553,3.6278613955364083,-0.720516219415316,AGN,3FGL J2142.7+1957,1.0,0.0
1.5526955,0.39017345106953877,3.643436826935231,-0.10520227424808215,AGN,3FGL J2145.5+1007,1.0,0.0
2.6587038,-0.12222442654732713,4.09008394868489,-0.7824401635003122,AGN,3FGL J2150.5-1754,0.9968734739344655,0.0031265260655345744
1.8487629,0.7260253220633719,3.519704007315994,-0.26578326946475545,AGN,3FGL J2151.6+4154,1.0,6.776263590656178E-22
1.2660482,0.7444239648112043,3.8204917564621215,0.0897156754313772,AGN,3FGL J2209.8-0450,1.0,0.0
1.808709,0.22471623400024526,3.7275020797947107,-0.4828738555429591,AGN,3FGL J2223.3+0103,0.99375,0.00625
1.5956316,-0.19977453380165763,3.535379087787009,0.16138268603204653,AGN,3FGL J2224.4+0351,1.0,0.0
2.5065176,0.6097353537730353,3.9045021142950183,-0.4174764584722308,AGN,3FGL J2228.5-1636,0.8962381696739237,0.10376183032607626
2.107771,0.2185347068883771,3.879527292683879,-0.5054167572462976,AGN,3FGL J2247.2-0004,1.0,0.0
2.174028,-2.113400143258694,3.6927868104449173,0.1898142441607048,AGN,3FGL J2249.3-5943,1.0,0.0
2.7852352,-0.36924446759894125,4.466542170474801,0.5381730387986011,AGN,3FGL J2250.3+1747,1.0,0.0
2.4423332,0.952285555127376,3.8309711153679884,-0.9923211691224909,AGN,3FGL J2253.1-1237,0.8857353810034976,0.1142646189965025
1.9558733,-0.07269424885466284,3.5245239568045346,0.7709853780392774,AGN,3FGL J2258.2-3645,1.0,0.0
2.1121497,0.7327718025156982,3.769009727184281,-0.7523396152980577,AGN,3FGL J2259.9-1553,0.9998532597221345,1.4674027786555285E-4
1.5139174,-2.4962210569704046,3.5903905525223716,0.7918359301817173,AGN,3FGL J2300.0+4053,1.0,0.0
2.1846757,-0.6890957188259517,3.9093130367778275,-0.5787843137956016,AGN,3FGL J2300.1-3547,0.9992033332118566,7.966667881434298E-4
2.793174,-0.940200301123001,4.071988960859102,-0.3224093971829115,AGN,3FGL J2313.1+3935,1.0,0.0
1.5327803,-4.1362553124705295E-4,3.6604005011252667,-0.5654646046420642,AGN,3FGL J2321.6-1619,1.0,0.0
2.0607789,-0.7191279775036226,3.638294750721742,-0.5839371702110295,AGN,3FGL J2329.8+6102,1.0,0.0
2.1659245,0.914721901903706,4.036890045724557,-0.9986283215289068,AGN,3FGL J2331.9-1609,0.8780393947478886,0.12196060525211128
2.1409557,-0.12051431219864735,3.283005337373144,0.2458475502870086,AGN,3FGL J2337.2-8425,0.9999999999985448,1.4551915228366853E-12
2.5788372,0.5668396897562941,3.9820835147869063,-0.9431293347970215,AGN,3FGL J2338.7+0251,0.9816244123919069,0.01837558760809311
1.9188373,0.06594521877435874,3.713592798196726,-0.4415637347893105,AGN,3FGL J2340.7+3847,1.0,0.0
1.6905777,-0.4311069685917945,3.5756668020748132,-0.446319418879295,AGN,3FGL J2351.9-7601,1.0,0.0
2.154808,0.13656640730451897,3.7012454293039894,-0.7985304297497653,AGN,3FGL J2354.0+2722,0.9998045921325683,1.9540786743164063E-4
2.0776443,-0.3837281763151341,3.9572046476589615,-0.38774144897382146,AGN,3FGL J2358.5+3827,1.0,0.0
1.8166555,0.6478934010049077,3.887784553191347,-0.5902044633803685,AGN,3FGL J2358.6-1809,1.0,0.0
2.802667,2.216706673965101,3.732227790742912,-0.9999803842891143,AGN,3FGL J0223.6+6204,0.698851843631999,0.30114815636800085
2.7587955,2.351031293252769,3.758177878914719,-0.8570079800270578,AGN,3FGL J0634.1+0424,0.5554421965786032,0.44455780342139684
2.743385,1.439590785402479,3.713511406327919,-0.8440255511628894,AGN,3FGL J0704.1-1043,0.41733552415165265,0.5826644758483475
2.3481908,1.6614504980696656,3.8699230696887414,-0.2418606405133271,AGN,3FGL J0915.8-5110,0.7430024957549148,0.25699750424508516
2.4994967,1.6034205644543515,4.211767533062928,-0.9641783157555847,AGN,3FGL J1503.5-5801,0.4360603486682795,0.5639396513317205
2.5917633,1.8549550577851888,3.9242959833816515,-0.9010441821955665,AGN,3FGL J1857.9+0210,0.18069544202605545,0.8193045579739445
2.5399656,2.175794473084238,3.890889783683675,-0.3849501637082114,AGN,3FGL J2023.5+4126,0.7615840059980168,0.23841599400198316
2.4568858,1.891449965664901,3.6329543441479006,-0.9077888698603714,AGN,3FGL J2353.3+6639,0.1697070477298952,0.8302929522701048
