Source_Name_4FGL,GLON_4FGL,GLAT_4FGL,ln(Energy_Flux100)_4FGL,ln(Unc_Energy_Flux100)_4FGL,ln(Pivot_Energy)_4FGL,LP_Index_4FGL,Unc_LP_Index_4FGL,LP_beta_4FGL,LP_SigCurv_4FGL,ln(Variability_Index)_4FGL,HR12_4FGL,HR23_4FGL,HR34_4FGL,HR45_4FGL,HR56_4FGL,HR67_4FGL,Category_4FGL,Class_4FGL,ASSOC_FGL,ASSOC_FHL,ASSOC1_4FGL,AGN_BDT_4FGL,AGN_BDT_STD_4FGL,PSR_BDT_4FGL,PSR_BDT_STD_4FGL,AGN_NN_4FGL,AGN_NN_STD_4FGL,PSR_NN_4FGL,PSR_NN_STD_4FGL,AGN_RF_4FGL,AGN_RF_STD_4FGL,PSR_RF_4FGL,PSR_RF_STD_4FGL,AGN_LR_4FGL,AGN_LR_STD_4FGL,PSR_LR_4FGL,PSR_LR_STD_4FGL,AGN_BDT_O_4FGL,AGN_BDT_STD_O_4FGL,PSR_BDT_O_4FGL,PSR_BDT_STD_O_4FGL,AGN_NN_O_4FGL,AGN_NN_STD_O_4FGL,PSR_NN_O_4FGL,PSR_NN_STD_O_4FGL,AGN_RF_O_4FGL,AGN_RF_STD_O_4FGL,PSR_RF_O_4FGL,PSR_RF_STD_O_4FGL,AGN_LR_O_4FGL,AGN_LR_STD_O_4FGL,PSR_LR_O_4FGL,PSR_LR_STD_O_4FGL,Flags_4FGL,Category_Prob_4FGL,Source_Name_3FGL_1,GLON_3FGL,GLAT_3FGL,ln(Energy_Flux100)_3FGL,ln(Unc_Energy_Flux100)_3FGL,ln(Signif_Curve)_3FGL,ln(Variability_Index)_3FGL,500MeV_Index_3FGL,HR12_3FGL,HR23_3FGL,HR34_3FGL,HR45_3FGL,Category_3FGL,CLASS_3FGL,Pivot_Energy,Spectrum_Type,ASSOC1_3FGL,Flags_3FGL,AGN_BDT_3FGL,AGN_BDT_STD_3FGL,PSR_BDT_3FGL,PSR_BDT_STD_3FGL,AGN_NN_3FGL,AGN_NN_STD_3FGL,PSR_NN_3FGL,PSR_NN_STD_3FGL,AGN_RF_3FGL,AGN_RF_STD_3FGL,PSR_RF_3FGL,PSR_RF_STD_3FGL,AGN_LR_3FGL,AGN_LR_STD_3FGL,PSR_LR_3FGL,PSR_LR_STD_3FGL,AGN_BDT_O_3FGL,AGN_BDT_STD_O_3FGL,PSR_BDT_O_3FGL,PSR_BDT_STD_O_3FGL,AGN_NN_O_3FGL,AGN_NN_STD_O_3FGL,PSR_NN_O_3FGL,PSR_NN_STD_O_3FGL,AGN_RF_O_3FGL,AGN_RF_STD_O_3FGL,PSR_RF_O_3FGL,PSR_RF_STD_O_3FGL,AGN_LR_O_3FGL,AGN_LR_STD_O_3FGL,PSR_LR_O_3FGL,PSR_LR_STD_O_3FGL,Category_Prob_3FGL,RAJ2000_Parkes,DEJ2000_Parkes,Tint,DMmax,Separation_Parkes
4FGL J0039.1+6257,121.53531,0.12189149,-25.3465959,-27.8729979,7.35878673,1.9055059,0.12032628,0.5618268,8.308322,2.11219038,-0.5410787,-0.4203886,-0.1946725,-0.64955246,-0.97542274,-0.92584616,UNAS,None,3FGL J0039.3+6256,,,0.0176204664,0.0658741615,0.982379534,0.0658741615,0.0953371366,0.0869802401,0.904662863,0.0869802401,0.0522597903,0.027053241,0.94774021,0.027053241,0.0767605263,0.0233125539,0.923239474,0.0233125539,0.0218469463,0.118189891,0.978153054,0.118189891,0.0139375734,0.0205544204,0.986062427,0.0205544204,0.0134226807,0.00629353625,0.986577319,0.00629353625,0.00266995133,0.00135985473,0.997330049,0.00135985473,0,PSR,3FGL J0039.3+6256,121.55667,0.10212196,-25.4217227,-27.4970938,2.00448402,4.05773314,-0.134029609,0.999717808,0.00630345429,-0.559091426,-0.999998267,UNAS,None,1836.4304,LogParabola,none,0,0.419049756,0.382801262,0.580950244,0.382801262,0.0836501049,0.138687756,0.916349895,0.138687756,0.0830365919,0.0426917027,0.916963408,0.0426917027,0.138086187,0.0511673041,0.861913813,0.0511673041,0.256560739,0.361254098,0.743439261,0.361254098,0.0343422369,0.078401565,0.965657763,0.078401565,0.0841506488,0.0582695243,0.915849351,0.0582695243,0.0275124981,0.0188187289,0.972487502,0.0188187289,PSR,,,,,
4FGL J0237.8+5238,138.82658,-6.920497,-25.7728786,-28.3388854,7.33484355,1.8067142,0.1203319,0.61116403,8.227161,2.04105575,-0.049695376,-0.23532008,-0.21625245,-0.6150306,-0.9945319,-0.99549204,UNAS,None,3FGL J0238.0+5237,,,0.0341390355,0.0859045962,0.965860964,0.0859045962,0.134494248,0.120519984,0.865505752,0.120519984,0.0716102664,0.0358815532,0.928389734,0.0358815532,0.0754421142,0.0224059487,0.924557886,0.0224059487,0.0229694176,0.116189138,0.977030582,0.116189138,0.0312163223,0.0454448992,0.968783678,0.0454448992,0.0142814395,0.00568281194,0.98571856,0.00568281194,0.00350096737,0.00175137191,0.996499033,0.00175137191,0,PSR,3FGL J0238.0+5237,138.84839,-6.9210315,-25.1797428,-27.4406257,1.51279256,3.59950795,1.82695322,-0.576075129,-0.527433506,-0.629746476,-0.999989055,UNAS,None,941.9881,LogParabola,none,0,0.258985196,0.201933161,0.741014804,0.201933161,0.0630697793,0.134203275,0.936930221,0.134203275,0.482280042,0.0761557766,0.517719958,0.0761557766,0.12950591,0.0241914106,0.87049409,0.0241914106,0.0265898545,0.0399616316,0.973410146,0.0399616316,0.0184536331,0.0559899386,0.981546367,0.0559899386,0.126840855,0.0512858007,0.873159145,0.0512858007,0.0118797717,0.00388215022,0.988120228,0.00388215022,PSR,,,,,
4FGL J0336.0+7502,133.08284,15.5278635,-25.6242543,-28.3476655,7.25816506,1.7785343,0.09780698,0.39936444,8.019439,2.28715049,0.5358744,-0.49493322,-0.28625444,-0.5412086,-0.9114754,-0.9996564,UNAS,None,3FGL J0336.1+7500,,,0.0235062965,0.0430441281,0.976493704,0.0430441281,0.172253884,0.130530068,0.827746116,0.130530068,0.103836125,0.0450111452,0.896163875,0.0450111452,0.196402298,0.0537324401,0.803597702,0.0537324401,0.00480572414,0.0321123122,0.995194276,0.0321123122,0.0369945404,0.0395596469,0.96300546,0.0395596469,0.0189538454,0.0115659076,0.981046155,0.0115659076,0.0130595068,0.00627570225,0.986940493,0.00627570225,512,PSR,3FGL J0336.1+7500,133.10916,15.503392,-25.3317607,-27.5922533,1.54690016,3.52188813,1.56137951,-0.303334611,-0.440471216,-0.65130927,-0.848773619,UNAS,None,1049.3801,LogParabola,none,0,0.0399348033,0.0758050368,0.960065197,0.0758050368,0.0909398911,0.146754031,0.909060109,0.146754031,0.42144807,0.0924767752,0.57855193,0.0924767752,0.13778631,0.0258627417,0.86221369,0.0258627417,0.00386396849,0.00414249148,0.996136032,0.00414249148,0.0309243004,0.0721569497,0.9690757,0.0721569497,0.0528779493,0.0347513675,0.947122051,0.0347513675,0.0115037893,0.00349184869,0.988496211,0.00349184869,PSR,,,,,
4FGL J0426.5+5434,150.87962,3.8203735,-24.3389373,-27.1568306,6.47739867,2.4477382,0.057618756,0.4055289,10.44446,2.24956365,0.20157528,-0.3713612,-0.7438935,-0.9080385,-0.9995921,-0.87606275,UNAS,None,3FGL J0426.7+5437,,,0.0055309921,0.00556602426,0.994469008,0.00556602426,0.0696540295,0.0620561872,0.93034597,0.0620561872,0.231433613,0.0732212985,0.768566387,0.0732212985,0.0144179008,0.00665994671,0.985582099,0.00665994671,0.0064191253,0.00672943538,0.993580875,0.00672943538,0.0107751765,0.0138174871,0.989224823,0.0138174871,0.196389774,0.0749045565,0.803610226,0.0749045565,1.05364411E-4,7.10891792E-5,0.999894636,7.10891792E-5,0,PSR,3FGL J0426.7+5437,150.86702,3.873888,-24.5728036,-26.6419348,2.0393272,3.94801134,1.86888214,-0.219263908,-0.595499862,-0.90209441,-0.99995292,UNAS,None,852.095,LogParabola,none,0,0.0105737195,0.0184282588,0.98942628,0.0184282588,0.0487397607,0.126338809,0.951260239,0.126338809,0.0923863467,0.0434939688,0.907613653,0.0434939688,0.0589507952,0.0145598154,0.941049205,0.0145598154,0.00769364094,0.0489875022,0.992306359,0.0489875022,0.0158684604,0.0525441213,0.98413154,0.0525441213,0.0223638417,0.0190904727,0.977636158,0.0190904727,0.00618804375,0.00275500027,0.993811956,0.00275500027,PSR,,,,,
4FGL J0854.8-4504,265.60712,-0.033795353,-24.5802394,-27.2835201,7.49700125,2.0051749,0.07897452,0.4560051,9.78225,1.76859658,0.84193546,-0.431849,-0.2106818,-0.61577374,-0.91768944,-0.99996346,UNAS,None,3FGL J0854.8-4503,,,3.97377823E-4,3.15996979E-4,0.999602622,3.15996979E-4,0.0610480036,0.0465967461,0.938951996,0.0465967461,0.0206710657,0.0154363046,0.979328934,0.0154363046,0.0107011839,0.00468946226,0.989298816,0.00468946226,9.16597589E-4,3.93716407E-4,0.999083402,3.93716407E-4,0.00829512135,0.00892567539,0.991704879,0.00892567539,0.0106521606,0.00513168026,0.989347839,0.00513168026,1.72698857E-4,1.10900732E-4,0.999827301,1.10900732E-4,0,PSR,3FGL J0854.8-4503,265.60278,-0.022904674,-24.2073702,-26.5404088,1.86795205,3.80523477,1.56864723,0.307413102,-0.42241138,-0.704981224,-0.82461513,UNAS,None,1786.5521,LogParabola,none,0,0.00634170702,0.0246792212,0.993658293,0.0246792212,0.0454428819,0.12282196,0.954557118,0.12282196,0.205058259,0.0745106846,0.794941741,0.0745106846,0.099956138,0.0206160436,0.900043862,0.0206160436,0.00151075682,0.00164063167,0.998489243,0.00164063167,0.0139885929,0.0525911136,0.986011407,0.0525911136,0.0180129542,0.0184715248,0.981987046,0.0184715248,0.0131236108,0.0050852393,0.986876389,0.0050852393,PSR,,,,,
4FGL J0933.8-6232,282.24362,-7.9074183,-25.0898182,-28.2308996,7.41980971,1.5678551,0.079068944,0.6922556,16.303122,1.93253954,0.9925545,0.061091155,0.011609381,-0.52218586,-0.96416503,-0.99997365,UNAS,None,3FGL J0933.9-6232,,,0.00185906414,0.00237975907,0.998140936,0.00237975907,0.0674932468,0.0625104069,0.932506753,0.0625104069,0.0460158771,0.0252463355,0.953984123,0.0252463355,2.58468434E-4,2.22713227E-4,0.999741532,2.22713227E-4,0.00349845204,0.00363875123,0.996501548,0.00363875123,0.0104627491,0.0131979117,0.989537251,0.0131979117,0.108599068,0.0483866667,0.891400932,0.0483866667,1.30127771E-6,1.81966081E-6,0.999998699,1.81966081E-6,0,PSR,3FGL J0933.9-6232,282.23508,-7.8936515,-25.1240059,-27.5747171,2.17680058,4.08094417,-0.359546261,-0.337519104,0.0628042115,-0.55127219,-0.962199936,UNAS,None,1713.0546,LogParabola,none,0,0.124912742,0.20001404,0.875087258,0.20001404,0.0593440507,0.128949566,0.940655949,0.128949566,0.0691977962,0.0376680676,0.930802204,0.0376680676,0.0770961727,0.0368523754,0.922903827,0.0368523754,0.151553907,0.310177557,0.848446093,0.310177557,0.0171859022,0.0554546066,0.982814098,0.0554546066,0.0590987507,0.0520910344,0.940901249,0.0520910344,0.0103321814,0.00999926524,0.989667819,0.00999926524,PSR,09 34 02,-62 31 34,"60, 35",627,52.87366994901967
4FGL J0953.6-1509,251.90317,29.602777,-25.805364,-28.5337349,7.14521154,1.670663,0.10398003,0.6611468,10.572415,2.02798898,-0.9135777,0.706788,-0.19541328,-0.6886535,-0.9555201,-0.99948734,UNAS,None,3FGL J0953.7-1510,,,0.0172373466,0.0406272176,0.982762653,0.0406272176,0.167750915,0.137812551,0.832249085,0.137812551,0.102397474,0.0446609825,0.897602526,0.0446609825,0.023013042,0.0112117387,0.976986958,0.0112117387,0.0231384711,0.121498457,0.976861529,0.121498457,0.0448015508,0.0429495599,0.955198449,0.0429495599,0.0213607875,0.0152720509,0.978639212,0.0152720509,5.44216727E-4,3.67185879E-4,0.999455783,3.67185879E-4,0,PSR,3FGL J0953.7-1510,251.938,29.605461,-25.8641457,-27.9763977,1.77007562,3.69423134,0.432336793,0.752499692,-0.236787848,-0.73221733,-0.999960159,UNAS,None,1383.4703,LogParabola,none,0,0.0091808831,0.0261422918,0.990819117,0.0261422918,0.101642255,0.159388015,0.898357745,0.159388015,0.137898392,0.0596966477,0.862101608,0.0596966477,0.0744193623,0.025503872,0.925580638,0.025503872,0.0111862207,0.021404231,0.988813779,0.021404231,0.0411831782,0.0956702025,0.958816822,0.0956702025,0.0525674354,0.0335537929,0.947432565,0.0335537929,0.00567756862,0.00357137883,0.994322431,0.00357137883,PSR,,,,,
4FGL J1026.2-5731,284.4052,0.022287028,-25.1207578,-27.0720127,7.57316109,2.310663,0.16865793,0.7073355,6.4235845,2.05559653,-0.47843587,-0.8074426,-0.11838486,-0.7403578,-0.9107785,-0.99998224,UNAS,None,3FGL J1026.2-5730,,,0.00504021802,0.0123226538,0.994959782,0.0123226538,0.118834032,0.0846741661,0.881165968,0.0846741661,0.180109017,0.0558792564,0.819890983,0.0558792564,0.147735066,0.038674491,0.852264934,0.038674491,0.035454269,0.16384116,0.964545731,0.16384116,0.0102666434,0.0110784942,0.989733357,0.0110784942,0.0761990945,0.0459332604,0.923800906,0.0459332604,0.00477930586,0.00248638441,0.995220694,0.00248638441,16,PSR,3FGL J1026.2-5730,284.39386,0.03263714,-23.7829316,-25.9921974,1.98401829,3.92036549,1.76339502,-0.734763769,-0.472185423,-0.802496816,-0.789783015,UNAS,None,1818.6279,LogParabola,none,16,0.0011371504,0.00211549932,0.99886285,0.00211549932,0.0477412533,0.122601097,0.952258747,0.122601097,0.190024908,0.0702719824,0.809975092,0.0702719824,0.115510834,0.0273264248,0.884489166,0.0273264248,6.85526965E-4,6.81107994E-4,0.999314473,6.81107994E-4,0.0135969312,0.0525583318,0.986403069,0.0525583318,0.0968008598,0.0663676307,0.90319914,0.0663676307,0.0142761184,0.00704205221,0.985723882,0.00704205221,PSR,,,,,
4FGL J1037.8-5810c,286.06104,0.24389318,-24.7247657,-26.3723653,7.17363144,2.684824,0.13483578,0.282769,4.637929,1.57003513,-0.6493901,-0.42447942,-0.73479116,-0.76242685,-0.97065514,-0.99171376,UNAS,None,3FGL J1039.1-5809,,,0.431166655,0.31487632,0.568833345,0.31487632,0.203926245,0.149077584,0.796073755,0.149077584,0.450609875,0.0867065405,0.549390125,0.0867065405,0.359837055,0.0740700199,0.640162945,0.0740700199,0.0758023964,0.0842861214,0.924197604,0.0842861214,0.0134019242,0.0153913453,0.986598076,0.0153913453,0.104485629,0.0523241558,0.895514371,0.0523241558,0.00990465061,0.00571591461,0.990095349,0.00571591461,52,PSR,3FGL J1039.1-5809,286.20035,0.35093978,-24.8376074,-26.4708721,1.60118682,3.62338792,1.46932676,0.994823597,-0.515975648,-0.707415164,-0.99998526,UNAS,None,1940.8593,LogParabola,none,273,0.0164813228,0.0318142746,0.983518677,0.0318142746,0.053973925,0.122811914,0.946026075,0.122811914,0.180514339,0.0586355818,0.819485661,0.0586355818,0.154769331,0.0361234939,0.845230669,0.0361234939,0.00375396367,0.0364985984,0.996246036,0.0364985984,0.0152873962,0.0526418122,0.984712604,0.0526418122,0.0328747742,0.0242350981,0.967125226,0.0242350981,0.0211075985,0.00892232125,0.978892402,0.00892232125,PSR,,,,,
4FGL J1120.0-2204,276.49228,36.05591,-24.8023592,-28.0897317,6.71727598,1.8061941,0.05412133,0.4826669,15.957187,2.69783001,0.9992491,-0.087242864,-0.45477787,-0.7529461,-0.9999978,-0.9968395,UNAS,None,3FGL J1119.9-2204,,,0.0174567164,0.0269248201,0.982543284,0.0269248201,0.149078088,0.125840504,0.850921912,0.125840504,0.0836303294,0.036969435,0.916369671,0.036969435,0.00160619771,0.00134689905,0.998393802,0.00134689905,0.00550255122,0.0191661703,0.994497449,0.0191661703,0.0407909163,0.0405492113,0.959209084,0.0405492113,0.0340019896,0.024375528,0.96599801,0.024375528,7.49530084E-6,1.11836508E-5,0.999992505,1.11836508E-5,0,PSR,3FGL J1119.9-2204,276.46957,36.058777,-24.806882,-27.5994381,2.26768487,4.13711363,1.37840602,-0.0429079633,-0.485484334,-0.769623939,-0.999989576,UNAS,None,791.70807,LogParabola,none,0,0.0104946564,0.0198515057,0.989505344,0.0198515057,0.0921372797,0.17373661,0.90786272,0.17373661,0.119452837,0.0490737956,0.880547163,0.0490737956,0.0252221127,0.00787625385,0.974777887,0.00787625385,0.00665865258,0.00992015681,0.993341347,0.00992015681,0.0395380989,0.102409813,0.960461901,0.102409813,0.112229619,0.0614072549,0.887770381,0.0614072549,0.0023978179,0.00115116809,0.997602182,0.00115116809,PSR,,,,,
4FGL J1225.9+2951,185.42696,83.77291,-25.5711537,-28.2531239,7.42361516,1.7706448,0.090977825,0.4213426,9.4063635,2.33661119,0.98694074,0.22606881,-0.270526,-0.46573177,-0.9065388,-0.99736756,UNAS,None,3FGL J1225.9+2953,,,0.00616432323,0.0480335713,0.993835677,0.0480335713,0.303564984,0.208309124,0.696435016,0.208309124,0.0909784306,0.0437187607,0.909021569,0.0437187607,0.039236291,0.0183240648,0.960763709,0.0183240648,0.0044368948,0.0262219423,0.995563105,0.0262219423,0.100219118,0.126991193,0.899780882,0.126991193,0.046447,0.0322380938,0.953553,0.0322380938,0.00146237486,0.00102692421,0.998537625,0.00102692421,0,PSR,3FGL J1225.9+2953,185.15211,83.764755,-25.4680493,-27.6584143,1.64431472,4.06117681,1.18952395,0.295858598,-0.510710187,-0.36458415,-0.890935171,UNAS,None,1750.3351,LogParabola,none,0,0.0588820611,0.0679396711,0.941117939,0.0679396711,0.45287619,0.294403682,0.54712381,0.294403682,0.231486842,0.0715408446,0.768513158,0.0715408446,0.414794077,0.0719168556,0.585205923,0.0719168556,0.0113188509,0.0128828477,0.988681149,0.0128828477,0.279740638,0.306002379,0.720259362,0.306002379,0.172396745,0.0749691847,0.827603255,0.0749691847,0.112456172,0.0452409134,0.887543828,0.0452409134,PSR,,,,,
4FGL J1306.3-6043,304.75537,2.0990448,-24.4184243,-27.5161025,7.64646791,1.7509532,0.06734431,0.4585444,12.969028,2.49713187,-0.13735324,-0.055392962,-0.14214388,-0.45783648,-0.83196634,-0.96044683,UNAS,None,3FGL J1306.4-6043,3FHL J1306.3-6042,,0.00575048284,0.00842223622,0.994249517,0.00842223622,0.0552031607,0.0443720793,0.944796839,0.0443720793,0.196955986,0.0579820658,0.803044014,0.0579820658,0.0110118213,0.00678803929,0.988988179,0.00678803929,0.00228955112,0.00154407586,0.997710449,0.00154407586,0.00757268111,0.00825056605,0.992427319,0.00825056605,0.0466269528,0.0382902729,0.953373047,0.0382902729,1.10724472E-4,9.35165504E-5,0.999889276,9.35165504E-5,0,PSR,3FGL J1306.4-6043,304.76846,2.0864322,-24.0721553,-26.7129711,1.96954248,3.5748209,1.34043405,-0.104235062,-0.357361536,-0.528834477,-0.857838178,UNAS,None,1551.6885,LogParabola,none,0,4.47040829E-4,7.66527811E-4,0.999552959,7.66527811E-4,0.037907116,0.123280653,0.962092884,0.123280653,0.0852905193,0.0447456446,0.914709481,0.0447456446,0.0316369032,0.00864738923,0.968363097,0.00864738923,8.93288707E-4,7.16528407E-4,0.999106711,7.16528407E-4,0.0125685192,0.0526242687,0.987431481,0.0526242687,0.0122514322,0.0123855349,0.987748568,0.0123855349,0.00351339477,0.0016585017,0.996486605,0.0016585017,PSR,,,,,
4FGL J1317.5-6316,305.85916,-0.55519617,-24.8783569,-27.0146547,7.5193056,2.1377225,0.13905108,0.58153284,7.586788,2.22467912,-0.29285827,-0.2607218,-0.21706125,-0.7133222,-0.9448871,-0.75296813,UNAS,None,3FGL J1317.6-6315,,,0.00521374284,0.00957104407,0.994786257,0.00957104407,0.0977468254,0.067875924,0.902253175,0.067875924,0.0645637141,0.0308604714,0.935436286,0.0308604714,0.131939991,0.0356225295,0.868060009,0.0356225295,0.00239129971,0.0315797276,0.9976087,0.0315797276,0.0094637838,0.0102705325,0.990536216,0.0102705325,0.0141932738,0.00698335144,0.985806726,0.00698335144,0.00373114518,0.00159781728,0.996268855,0.00159781728,0,PSR,3FGL J1317.6-6315,305.87152,-0.5375745,-24.2472789,-26.404368,1.5766425,3.92264133,1.70560614,0.99737042,-0.605245631,-0.751727306,-0.950192192,UNAS,None,1854.689,LogParabola,none,0,0.0145419843,0.0198848753,0.985458016,0.0198848753,0.0737779656,0.129573811,0.926222034,0.129573811,0.21389405,0.0647704357,0.78610595,0.0647704357,0.236057264,0.0483540603,0.763942736,0.0483540603,8.07009975E-4,9.11825918E-4,0.99919299,9.11825918E-4,0.0187086259,0.0530018003,0.981291374,0.0530018003,0.0260791421,0.0208935629,0.973920858,0.0208935629,0.0379376545,0.0150955822,0.962062346,0.0150955822,PSR,,,,,
4FGL J1329.9-6108,307.5635,1.3843493,-25.0141091,-27.3687992,7.46274003,1.9922296,0.117068045,0.4025619,7.3039002,2.58520622,0.9294256,-0.33747506,-0.30695385,-0.6228755,-0.9118208,-0.7578414,UNAS,None,3FGL J1329.8-6109,,,0.0281852821,0.050072796,0.971814718,0.050072796,0.132174651,0.0836792882,0.867825349,0.0836792882,0.159312975,0.0568037121,0.840687025,0.0568037121,0.359364856,0.071002037,0.640635144,0.071002037,0.00597080698,0.0263921999,0.994029193,0.0263921999,0.0105609472,0.0117209248,0.989439053,0.0117209248,0.025746009,0.017486055,0.974253991,0.017486055,0.0251657643,0.00932648981,0.974834236,0.00932648981,0,PSR,3FGL J1329.8-6109,307.55142,1.3645252,-24.8292096,-26.7597739,1.51622769,4.01930952,1.46501704,-7.13712747E-4,-0.466009884,-0.592471651,-0.960487462,UNAS,None,1582.1742,LogParabola,none,0,0.0251541647,0.034959347,0.974845835,0.034959347,0.196153799,0.1483263,0.803846201,0.1483263,0.307272332,0.0728730484,0.692727668,0.0728730484,0.446344174,0.0535386125,0.553655826,0.0535386125,0.00246514098,0.00275547075,0.997534859,0.00275547075,0.0297390985,0.0582343679,0.970260902,0.0582343679,0.0569685979,0.0357677153,0.943031402,0.0357677153,0.102939251,0.0326291305,0.897060749,0.0326291305,PSR,,,,,
4FGL J1358.3-6026,311.10153,1.3609829,-24.1344922,-26.3915719,7.36742039,2.511493,0.06775392,0.2668136,7.3125124,1.95460314,0.96764773,-0.31142926,-0.60301876,-0.7504621,-0.86961347,-0.78212905,UNAS,None,3FGL J1358.5-6025,,,0.0744695647,0.127719779,0.925530435,0.127719779,0.0880687296,0.0644916339,0.91193127,0.0644916339,0.216492394,0.0779093894,0.783507606,0.0779093894,0.0793202395,0.0267506414,0.920679761,0.0267506414,0.00337248726,0.018096788,0.996627513,0.018096788,0.00904603301,0.0102409244,0.990953967,0.0102409244,0.0134826084,0.00776574664,0.986517392,0.00776574664,0.00116931192,6.44318294E-4,0.998830688,6.44318294E-4,0,PSR,3FGL J1358.5-6025,311.1274,1.3692589,-23.892833,-26.3264311,1.70546283,3.97333953,2.13758849,-0.286530434,-0.643654438,-0.767718374,-0.974270595,UNAS,None,803.7275,LogParabola,none,0,0.0096994875,0.017031725,0.990300512,0.017031725,0.0500842744,0.12557678,0.949915726,0.12557678,0.173373434,0.0616857989,0.826626566,0.0616857989,0.140325163,0.027174561,0.859674837,0.027174561,5.05646581E-4,5.94969021E-4,0.999494353,5.94969021E-4,0.0141885817,0.0525439877,0.985811418,0.0525439877,0.0212395355,0.0190489357,0.978760465,0.0190489357,0.0167506536,0.00654642561,0.983249346,0.00654642561,PSR,,,,,
4FGL J1405.1-6119,311.6595,0.2836073,-23.0644635,-25.410551,7.50951866,2.7893267,0.06758197,0.26807946,9.353707,1.40934715,0.09295251,-0.36773285,-0.7083743,-0.80947065,-0.8485938,-0.6600261,UNAS,None,3FGL J1405.4-6119,3FHL J1405.1-6118,,0.0127714754,0.051620067,0.987228525,0.051620067,0.0624900716,0.0476010182,0.937509928,0.0476010182,0.247600095,0.0875151435,0.752399905,0.0875151435,0.004178314,0.00232500741,0.995821686,0.00232500741,0.00590524599,0.0566499797,0.994094754,0.0566499797,0.00826353591,0.00921929226,0.991736464,0.00921929226,0.0608210318,0.0390137462,0.939178968,0.0390137462,1.21821872E-5,1.0944304E-5,0.999987818,1.0944304E-5,16,PSR,3FGL J1405.4-6119,311.69092,0.29036754,-23.0119907,-25.7946875,1.9448461,3.78270826,1.89840303,-0.30536204,-0.636466903,-0.733243287,-0.736873012,UNAS,None,2151.661,LogParabola,none,0,0.00503376678,0.00646809926,0.994966233,0.00646809926,0.0405889026,0.122997511,0.959411097,0.122997511,0.252548,0.0739841576,0.747452,0.0739841576,0.0645372446,0.0169944154,0.935462755,0.0169944154,0.00486609721,0.00987812239,0.995133903,0.00987812239,0.012958636,0.0525933361,0.987041364,0.0525933361,0.281463718,0.100062398,0.718536282,0.100062398,0.00734006001,0.0037191892,0.99265994,0.0037191892,PSR,,,,,
4FGL J1539.4-3323,338.7878,17.532059,-25.1591235,-28.1033323,7.51557977,1.5623019,0.08201499,0.6409136,13.7637205,2.11243401,-0.30216837,0.99919486,0.11921063,-0.49232367,-0.9150688,-0.9972682,UNAS,None,3FGL J1539.2-3324,,,0.0021348523,0.00439065902,0.997865148,0.00439065902,0.0771803621,0.0708338408,0.922819638,0.0708338408,0.0637790175,0.0310866689,0.936220982,0.0310866689,0.00246203608,0.00173235004,0.997537964,0.00173235004,0.00178764698,0.00127993116,0.998212353,0.00127993116,0.0148213607,0.0211770071,0.985178639,0.0211770071,0.113269518,0.0494386952,0.886730482,0.0494386952,2.71241687E-5,2.60127939E-5,0.999972876,2.60127939E-5,0,PSR,3FGL J1539.2-3324,338.75925,17.534199,-25.1832359,-27.603004,2.26993316,4.05826996,-1.22012908,0.999761433,0.738451828,-0.441304001,-0.923075323,UNAS,None,2381.748,LogParabola,none,0,0.202729115,0.292642259,0.797270885,0.292642259,0.0890334895,0.1515087,0.910966511,0.1515087,0.105851657,0.0478671851,0.894148343,0.0478671851,0.0551513836,0.033043294,0.944848616,0.033043294,0.206292434,0.359158897,0.793707566,0.359158897,0.0424295984,0.0918519999,0.957570402,0.0918519999,0.109984616,0.0673902485,0.890015384,0.0673902485,0.0108041739,0.0126293918,0.989195826,0.0126293918,PSR,15 39 15,-33 25 42,"60, 15, 52,60",269,60.49167604064753
4FGL J1653.2-4349,341.80304,0.057707638,-23.6113809,-25.5580984,7.52466168,2.7801442,0.09798405,0.2891082,7.1758385,2.00239255,0.99982506,0.6071381,-0.6747553,-0.7450686,-0.8909331,-0.9999889,UNAS,None,3FGL J1652.8-4351,,,0.0514282702,0.10970125,0.94857173,0.10970125,0.0970874846,0.0731624831,0.902912515,0.0731624831,0.169311577,0.0693566621,0.830688423,0.0693566621,0.0307710408,0.0141283518,0.969228959,0.0141283518,0.0423639505,0.136893406,0.957636049,0.136893406,0.0112666861,0.0148648573,0.988733314,0.0148648573,0.0364990051,0.0237360788,0.963500995,0.0237360788,3.03784159E-4,2.19651876E-4,0.999696216,2.19651876E-4,0,PSR,3FGL J1652.8-4351,341.73352,0.09197004,-24.3655707,-26.3729471,1.6753672,4.16747078,0.328432431,0.999938932,-0.0728637862,-0.642327739,-0.863418988,UNAS,None,2293.7917,LogParabola,none,0,0.0666836244,0.13512054,0.933316376,0.13512054,0.351932044,0.227707235,0.648067956,0.227707235,0.211541593,0.0697090392,0.788458407,0.0697090392,0.455199622,0.0941207054,0.544800378,0.0941207054,0.0125750689,0.068514994,0.987424931,0.068514994,0.0909174293,0.122881773,0.909082571,0.122881773,0.0617767312,0.0513984778,0.938223269,0.0513984778,0.130250105,0.0670467286,0.869749895,0.0670467286,PSR,,,,,
4FGL J1730.4-0359,19.738018,15.995311,-25.6309096,-28.037887,7.24572507,1.9190621,0.12791936,0.54494053,7.565156,1.28715556,-0.9907767,0.9999792,-0.15520202,-0.70982534,-0.8969952,-0.99999803,UNAS,None,3FGL J1730.6-0357,,,0.0127093863,0.0272927463,0.987290614,0.0272927463,0.0691990028,0.0752793189,0.930800997,0.0752793189,0.102863515,0.0425137131,0.897136485,0.0425137131,0.0193946076,0.00704291835,0.980605392,0.00704291835,0.00863285869,0.0609241857,0.991367141,0.0609241857,0.0127344823,0.0212240244,0.987265518,0.0212240244,0.0154532634,0.00738878108,0.984546737,0.00738878108,6.58365374E-4,4.04160019E-4,0.999341635,4.04160019E-4,0,PSR,3FGL J1730.6-0357,19.803669,15.965684,-25.7691435,-27.4058612,1.55862265,3.40025267,0.494341766,-0.406468885,0.087575704,-0.574148517,-0.947772626,UNAS,None,1610.488,LogParabola,none,0,0.00987245539,0.0435728558,0.990127545,0.0435728558,0.0945028225,0.156598488,0.905497177,0.156598488,0.210771587,0.0798021804,0.789228413,0.0798021804,0.148675561,0.0524903706,0.851324439,0.0524903706,0.00799390259,0.0461623257,0.992006097,0.0461623257,0.028708527,0.0879924476,0.971291473,0.0879924476,0.0628509139,0.036153245,0.937149086,0.036153245,0.0147849857,0.00852425164,0.985215014,0.00852425164,PSR,,,,,
4FGL J1740.7-2640,1.3564243,2.104205,-25.6583549,-27.2974708,7.48510669,2.1325936,0.28091905,0.66297644,5.383847,1.93652171,0.98973745,-0.57991403,-0.37699452,-0.7044028,-0.9943104,-0.99669826,UNAS,None,3FGL J1740.5-2642,,,0.232678827,0.195289759,0.767321173,0.195289759,0.105196083,0.117802703,0.894803917,0.117802703,0.331684508,0.0718775179,0.668315492,0.0718775179,0.119999908,0.0317021526,0.880000092,0.0317021526,0.144491893,0.18748916,0.855508107,0.18748916,0.00980897819,0.0243559167,0.990191022,0.0243559167,0.107633122,0.042859382,0.892366878,0.042859382,0.00680527942,0.00317140184,0.993194721,0.00317140184,4,PSR,3FGL J1740.5-2642,1.3043522,2.1229243,-24.8116962,-26.7099167,1.5454877,3.50923973,1.26272213,-0.0700573759,-0.501455503,-0.696521133,-0.98116195,UNAS,None,1557.8243,LogParabola,none,4,0.0015237403,0.0035892541,0.99847626,0.0035892541,0.0819543488,0.16636675,0.918045651,0.16636675,0.210712344,0.0603210176,0.789287656,0.0603210176,0.139790469,0.0358882694,0.860209531,0.0358882694,9.57772475E-4,0.00204294699,0.999042228,0.00204294699,0.0311816059,0.118883113,0.968818394,0.118883113,0.122699241,0.0616730557,0.877300759,0.0616730557,0.0140097364,0.00550319187,0.985990264,0.00550319187,PSR,,,,,
4FGL J1808.4-3358,358.0455,-6.725435,-25.5231218,-27.8487922,7.11022417,2.350583,0.12739973,0.7918513,9.60236,2.24247968,0.9987633,0.19124232,-0.5085329,-0.8428137,-0.99995685,0.94669974,UNAS,None,3FGL J1808.3-3357,,,0.0141155386,0.0725870312,0.985884461,0.0725870312,0.128204084,0.109478125,0.871795916,0.109478125,0.179731751,0.06273433,0.820268249,0.06273433,0.042177732,0.0206956689,0.957822268,0.0206956689,0.0453283148,0.173288244,0.954671685,0.173288244,0.0269545483,0.0386392978,0.973045452,0.0386392978,0.0549703342,0.0507554713,0.945029666,0.0507554713,4.24631964E-4,3.07383267E-4,0.999575368,3.07383267E-4,0,PSR,3FGL J1808.3-3357,358.06036,-6.713244,-25.4657569,-27.2680579,1.5024473,3.92957497,1.2886291,-0.355372463,-0.430419867,-0.729362464,-0.959072551,UNAS,None,1384.6901,LogParabola,none,0,0.0509494787,0.0655617454,0.949050521,0.0655617454,0.213230278,0.17422062,0.786769722,0.17422062,0.325005688,0.0785467794,0.674994312,0.0785467794,0.395776233,0.0664886481,0.604223767,0.0664886481,0.00755463409,0.0131069279,0.992445366,0.0131069279,0.0272394553,0.0635107049,0.972760545,0.0635107049,0.0719439199,0.0393365297,0.92805608,0.0393365297,0.0561442775,0.0264572488,0.943855723,0.0264572488,PSR,18 08 22,-33 56 05,"56, 60, 60,60",755,103.66564465531056
4FGL J1823.3-1340,17.596489,-0.1149143,-23.3920777,-25.8160506,7.77962604,2.2736423,0.055439997,0.2448451,7.6890755,1.42529195,0.81553113,0.30812246,-0.5201074,-0.59401023,-0.8141804,-0.92930764,UNAS,None,3FGL J1823.2-1339,3FHL J1823.3-1339,,0.020927358,0.0640371619,0.979072642,0.0640371619,0.0275909573,0.0335343559,0.972409043,0.0335343559,0.167625478,0.0662422297,0.832374522,0.0662422297,0.00594538998,0.00258139637,0.99405461,0.00258139637,0.0080159386,0.0688011034,0.991984061,0.0688011034,0.00372187378,0.00740528834,0.996278126,0.00740528834,0.0250205919,0.0235982696,0.974979408,0.0235982696,8.80765583E-5,5.75083196E-5,0.999911923,5.75083196E-5,4,PSR,3FGL J1823.2-1339,17.604094,-0.09387971,-23.0992798,-25.5628101,1.58071414,3.86160984,1.84157896,-0.380916596,-0.523391648,-0.631473315,-0.768130647,UNAS,None,1615.7826,LogParabola,none,0,0.0503298766,0.0839073521,0.949670123,0.0839073521,0.0700051558,0.104486089,0.929994844,0.104486089,0.309432444,0.0824438378,0.690567556,0.0824438378,0.316337214,0.0515929499,0.683662786,0.0515929499,0.00797326248,0.0122203327,0.992026738,0.0122203327,0.0159447137,0.0433054403,0.984055286,0.0433054403,0.268616237,0.0852864922,0.731383763,0.0852864922,0.0668491411,0.0190498354,0.933150859,0.0190498354,PSR,,,,,
4FGL J1831.6-0223c,28.542376,3.3044167,-24.6799946,-26.383608,7.87347185,2.492884,0.17897989,0.24656807,2.9062252,1.59339451,0.98145163,0.59686506,-0.60526323,-0.7020156,-0.8341069,-0.9989745,UNAS,None,3FGL J1831.7-0230,,,0.275794243,0.255511292,0.724205757,0.255511292,0.148841157,0.141344896,0.851158843,0.141344896,0.410226561,0.0937275845,0.589773439,0.0937275845,0.211954965,0.0583983025,0.788045035,0.0583983025,0.0327755422,0.0349309726,0.967224458,0.0349309726,0.0188913199,0.0362169264,0.98110868,0.0362169264,0.158557242,0.0655433608,0.841442758,0.0655433608,0.0144079009,0.00794167606,0.985592099,0.00794167606,32,PSR,3FGL J1831.7-0230,28.458479,3.2284157,-23.8788066,-25.7771823,1.4241448,3.43736844,2.46337587,-0.736845965,-0.753167752,-0.821062292,-0.779944249,UNAS,None,1077.0479,LogParabola,none,0,0.0107653479,0.0509753042,0.989234652,0.0509753042,0.0589569289,0.113287061,0.941043071,0.113287061,0.263317413,0.0792531422,0.736682587,0.0792531422,0.233476057,0.0518703018,0.766523943,0.0518703018,0.00396437341,0.00915815555,0.996035627,0.00915815555,0.015618112,0.0534478035,0.984381888,0.0534478035,0.224457576,0.0763235318,0.775542424,0.0763235318,0.0254698426,0.0121106235,0.974530157,0.0121106235,PSR,,,,,
4FGL J1843.7-0326,28.994326,0.14628315,-24.1872519,-25.4858383,7.77084228,2.7160115,0.7085584,0.11990464,1.7085334,1.03652209,-0.003644961,-0.2311955,-0.6495859,-0.8020954,-0.9372973,0.45250115,UNAS,None,3FGL J1843.7-0322,,,0.309298096,0.329214053,0.690701904,0.329214053,0.265199381,0.226220032,0.734800619,0.226220032,0.435848899,0.0859499208,0.564151101,0.0859499208,0.428379806,0.106106894,0.571620194,0.106106894,0.376899973,0.377764588,0.623100027,0.377764588,0.0191185138,0.040125662,0.980881486,0.040125662,0.391612445,0.123394018,0.608387555,0.123394018,0.0183493483,0.0118629508,0.981650652,0.0118629508,24,PSR,3FGL J1843.7-0322,29.046507,0.17619772,-23.0883346,-25.7525769,2.07268043,4.25739618,2.15812271,-0.441108132,-0.748377414,-0.825840905,-0.999946239,UNAS,None,955.12537,LogParabola,none,0,0.0411117972,0.0695709815,0.958888203,0.0695709815,0.0288952277,0.0870459652,0.971104772,0.0870459652,0.235360554,0.0707745692,0.764639446,0.0707745692,0.0840419913,0.0220630418,0.915958009,0.0220630418,0.0566384853,0.0963929506,0.943361515,0.0963929506,0.00970021262,0.0458350632,0.990299787,0.0458350632,0.259810079,0.0844432408,0.740189921,0.0844432408,0.0142961115,0.00667797937,0.985703888,0.00667797937,PSR,,,,,
4FGL J1858.0+0354,37.17024,0.3096627,-23.9477396,-25.8719836,7.29185593,2.5317194,0.10447341,0.4457148,8.520328,2.5491542,-0.7421203,-0.042494208,-0.51777035,-0.8241048,-0.95303845,-0.9981442,UNAS,None,3FGL J1857.9+0355,,,0.0706627584,0.134389122,0.929337242,0.134389122,0.0318957904,0.0359751169,0.96810421,0.0359751169,0.0804990695,0.041902123,0.919500931,0.041902123,0.0386049446,0.0173826442,0.961395055,0.0173826442,0.00434672937,0.0462206694,0.995653271,0.0462206694,0.00431255044,0.00790366144,0.99568745,0.00790366144,0.0120462753,0.00645485144,0.987953725,0.00645485144,3.80181858E-4,2.58447652E-4,0.999619818,2.58447652E-4,4,PSR,3FGL J1857.9+0355,37.170364,0.3428934,-24.012569,-25.8602205,1.70632007,4.01783574,1.67338852,0.987654908,-0.549450278,-0.835310377,-0.768100768,UNAS,None,1694.4115,LogParabola,none,12,0.051041844,0.0977005971,0.948958156,0.0977005971,0.130142873,0.150178056,0.869857127,0.150178056,0.274198779,0.0790477446,0.725801221,0.0790477446,0.403708078,0.0722565842,0.596291922,0.0722565842,0.00343008017,0.00589668304,0.99656992,0.00589668304,0.0402008653,0.0681187875,0.959799135,0.0681187875,0.202704142,0.0836363521,0.797295858,0.0836363521,0.115150567,0.053818595,0.884849433,0.053818595,PSR,,,,,
4FGL J1900.4+0339,37.22491,-0.34116748,-24.1537964,-25.9283157,7.4923664,2.579218,0.11323328,0.32978365,6.3216057,2.29148628,0.97058105,-0.32833168,-0.60193056,-0.7863588,-0.9198867,-0.99964696,UNAS,None,3FGL J1900.8+0337,,,0.0829165777,0.130040429,0.917083422,0.130040429,0.0482180815,0.0488786279,0.951781918,0.0488786279,0.130383149,0.0642962837,0.869616851,0.0642962837,0.0797780146,0.0271323492,0.920221985,0.0271323492,0.00406259241,0.048231398,0.995937408,0.048231398,0.00609262817,0.0110771251,0.993907372,0.0110771251,0.0121520451,0.00622490358,0.987847955,0.00622490358,0.00157545783,8.5477002E-4,0.998424542,8.5477002E-4,4,PSR,3FGL J1900.8+0337,37.225777,-0.4318739,-23.6889293,-25.9415121,1.88914122,3.82576879,2.35044359,-0.303152392,-0.826732061,-0.751942111,-0.991767829,UNAS,None,570.0831,LogParabola,none,2057,5.23100264E-4,8.18402564E-4,0.9994769,8.18402564E-4,0.0312663622,0.102381995,0.968733638,0.102381995,0.196407989,0.063067744,0.803592011,0.063067744,0.0732425359,0.0189300953,0.926757464,0.0189300953,0.00272890288,0.00454506166,0.997271097,0.00454506166,0.00968999206,0.0419372588,0.990310008,0.0419372588,0.211885278,0.0898197002,0.788114722,0.0898197002,0.0104481677,0.0042947317,0.989551832,0.0042947317,PSR,,,,,
4FGL J2027.0+2811,68.832726,-5.882263,-25.6739857,-28.0338375,7.0638979,2.3096516,0.13379407,0.8505327,8.994643,3.04349703,0.99941206,0.088903524,-0.4408811,-0.9361379,-0.99893814,-0.99400306,UNAS,None,3FGL J2026.8+2813,,,0.0534803405,0.0982043288,0.946519659,0.0982043288,0.0615816526,0.0707283869,0.938418347,0.0707283869,0.189319544,0.0600004318,0.810680456,0.0600004318,0.0347382678,0.0122539266,0.965261732,0.0122539266,0.0287954312,0.127831679,0.971204569,0.127831679,0.0121606754,0.0214945459,0.987839325,0.0214945459,0.109746557,0.0578430973,0.890253443,0.0578430973,9.13249189E-4,4.72724993E-4,0.999086751,4.72724993E-4,0,PSR,3FGL J2026.8+2813,68.84238,-5.823447,-25.5952767,-27.2286165,1.36733226,3.61014509,1.5885387,-0.579963778,-0.288269577,-0.9851075,-0.999667867,UNAS,None,847.72864,LogParabola,none,4,0.0912383426,0.118235605,0.908761657,0.118235605,0.106883303,0.145448215,0.893116697,0.145448215,0.445495487,0.0783817305,0.554504513,0.0783817305,0.234069011,0.053355223,0.765930989,0.053355223,0.0219922989,0.0585481,0.978007701,0.0585481,0.0195354251,0.0504673732,0.980464575,0.0504673732,0.153614527,0.0545265584,0.846385473,0.0545265584,0.0162094104,0.00784476495,0.98379059,0.00784476495,PSR,,,,,
4FGL J2038.4+4212,81.52714,0.5427818,-23.9053928,-26.0906794,7.14721048,2.9032354,0.093741775,0.37764266,8.003208,2.06737829,0.7590536,-0.4716546,-0.75890964,-0.8039992,-0.9476805,-0.20109697,UNAS,None,3FGL J2038.4+4212,,,0.133918364,0.209112355,0.866081636,0.209112355,0.067258335,0.0688852578,0.932741665,0.0688852578,0.267398089,0.0878217979,0.732601911,0.0878217979,0.0178989455,0.00732548104,0.982101054,0.00732548104,0.286082741,0.368169035,0.713917259,0.368169035,0.0102998122,0.0155284471,0.989700188,0.0155284471,0.169539666,0.0792795897,0.830460334,0.0792795897,1.04159087E-4,6.68330403E-5,0.999895841,6.68330403E-5,2,PSR,3FGL J2038.4+4212,81.52759,0.5426529,-23.9618476,-26.0663371,1.95795652,3.82140475,1.82891071,-0.086316422,-0.659045637,-0.719078346,-0.78814771,UNAS,None,1651.1495,LogParabola,none,4,0.00344275652,0.00683236948,0.996557243,0.00683236948,0.0530723127,0.119753381,0.946927687,0.119753381,0.2646245,0.0769863332,0.7353755,0.0769863332,0.127754162,0.0291291146,0.872245838,0.0291291146,0.00200263822,0.00243668828,0.997997362,0.00243668828,0.0157799693,0.0480719314,0.984220031,0.0480719314,0.121509131,0.0851860888,0.878490869,0.0851860888,0.0212582917,0.00843888233,0.978741708,0.00843888233,PSR,,,,,
4FGL J2112.5-3043,14.9038725,-42.443546,-24.7245714,-27.9816132,7.22486907,1.5779383,0.054517366,0.46102205,17.239214,2.18870418,-0.4618969,0.12462855,-0.15883787,-0.52776927,-0.9220199,-0.9999989,UNAS,None,3FGL J2112.5-3044,,,0.00303800674,0.00547710966,0.996961993,0.00547710966,0.120767932,0.146888267,0.879232068,0.146888267,0.048574649,0.0280090511,0.951425351,0.0280090511,5.18088571E-4,4.84180993E-4,0.999481911,4.84180993E-4,0.0152553049,0.0982434637,0.984744695,0.0982434637,0.0251870409,0.041550473,0.974812959,0.041550473,0.0679165767,0.0429939398,0.932083423,0.0429939398,1.74888826E-6,2.87069579E-6,0.999998251,2.87069579E-6,0,PSR,3FGL J2112.5-3044,14.898448,-42.44867,-24.6861642,-27.3052559,2.03186423,3.94819009,1.1104895,-0.102851001,-0.255082745,-0.53999388,-0.99999684,UNAS,None,1133.5055,LogParabola,none,0,0.0312948529,0.0692895171,0.968705147,0.0692895171,0.185101721,0.282134298,0.814898279,0.282134298,0.0749940318,0.0394466166,0.925005968,0.0394466166,0.0615940407,0.0192360566,0.938405959,0.0192360566,0.0607502424,0.139614383,0.939249758,0.139614383,0.107503238,0.234887334,0.892496762,0.234887334,0.042213448,0.0333067193,0.957786552,0.0333067193,0.0108302985,0.00528523947,0.989169701,0.00528523947,PSR,21 12 36,-30 42 37,"56, 60, 60,60,60,60",103,88.35861330763362
