0,1,2,3,4,5,6,7,8,9,10,11,12,13,14,15,16,17,18,19,20,21,22,23,24,25,26,27,28
Flux_Density,Unc_Energy_Flux100,Spectral_Index,Signif_Curve,ln(Variability_Index),hr12,hr23,hr34,hr45,GLAT,class,CLASS1,Source_Name,SpectrumType,Pivot_Energy,ASSOC1,Flags,AGN_BDT,PSR_BDT,AGN_NN,PSR_NN,AGN_LR,PSR_LR,AGN_RF,PSR_RF,BDT_P,NN_P,LR_P,RF_P
-25.47639486848784,-26.996604993524276,2.732786,-1.360942325754102,3.971194509710279,-0.7246513,-0.8780153,-0.44555563,-0.9656969,0.92570114,OTHER,spp,3FGL J0001.0+6314,PowerLaw,472.15625,,28,0.9973118861895223,0.002688113810496606,0.9927336027070829,0.0072663972929169094,0.9999088968329239,9.110316707474174e-05,0.9438408149909511,0.05615918500905022,0.0,0.0,0.0,0.0
-25.66556409127903,-27.39913902765631,1.7730473,2.3389895687511206,3.621120522711261,-0.08380534,-0.4344012,-0.70631915,-0.94180804,-44.903366,OTHER,glc,3FGL J0023.9-7203,LogParabola,856.4519,47 Tuc,0,5.966066773488432e-05,0.9999403393322779,0.1452780932994945,0.8547219067005049,0.015471173184445639,0.9845288268155545,0.05195347717267305,0.9480465228273273,1.0,0.983,1.0,1.0
-30.737952156679786,-27.21064780696626,2.0867453,-0.13002563929498903,3.4433864223059514,0.8748904,-0.74927413,-0.6897258,-0.16747986,1.3377548,OTHER,snr,3FGL J0025.7+6404,PowerLaw,3518.6775,Tycho,0,0.9983623015797543,0.0016376984202355984,0.9712952969487201,0.028704703051279052,0.9962783315686428,0.0037216684313572685,0.9789887736133065,0.021011226386694663,0.0,0.0,0.0,0.0
-26.75180818778272,-27.778174350113105,2.5623276,0.6103808184156143,3.677519762467593,-0.553906,-0.58923995,-0.91297513,-0.5906225,-21.544806,OTHER,gal,3FGL J0042.5+4117,PowerLaw,572.78046,M31,0,0.9992000852895389,0.0007999147104714445,0.9621071965904717,0.03789280340952779,0.9465132255975601,0.053486774402440075,0.9675861120538993,0.032413887946100506,0.0,0.0,0.0,0.0
-28.041658976556633,-27.71221941429488,2.169111,0.12669502853079476,4.051957954236285,-0.5747277,-0.65921307,-0.48312023,-0.6927539,-87.95155,OTHER,sbg,3FGL J0047.5-2516,PowerLaw,1149.6525,NGC 253,0,0.9997574490880634,0.00024255091194646508,0.9932698723849562,0.006730127615043385,0.9967944541209302,0.0032055458790696983,0.99569564145214,0.004304358547860253,0.0,0.0,0.0,0.0
-25.2708008946213,-26.955253915698716,2.22098,0.9177176498961931,3.781899669450822,-0.4339719,-0.6432912,-0.6395211,-0.76817554,-44.41674,OTHER,GAL,3FGL J0059.0-7242e,PowerLaw,665.53204,SMC,4,0.9640415627742419,0.03595843722575155,0.9251175017665608,0.07488249823343829,0.8508685493849921,0.14913145061500738,0.9231356098150724,0.07686439018492701,0.0,0.0,0.001,0.0
-26.251442363381432,-27.05557524306933,2.504486,0.8914698847818788,3.750335513709239,-0.5004157,-0.68228036,-0.67271966,-0.99997044,0.3920805,OTHER,spp,3FGL J0128.4+6257,PowerLaw,672.94214,,0,0.9086847804774213,0.09131521952256937,0.4812652400458569,0.5187347599541432,0.7307536915391348,0.26924630846086295,0.8521971208897279,0.14780287911027154,0.0,0.577,0.002,0.0
-30.36021303662356,-26.27639416624453,2.2950974,1.303892074371153,3.780477119453751,-0.49566734,-0.71492845,-0.71594435,-0.999454,0.9424945,OTHER,spp,3FGL J0220.1+6202c,PowerLaw,4001.0137,,48,0.008360375612568516,0.9916396243874107,0.2704649661213944,0.7295350338786063,0.17582054424170024,0.8241794557582997,0.40290502044041554,0.5970949795595855,1.0,0.878,0.999,0.947
-28.961560816869746,-26.42553216795297,2.475545,0.637101835273835,3.8068450699439933,0.9557523,-0.7311285,-0.847135,-0.5881218,1.6175137,OTHER,spp,3FGL J0224.0+6235,PowerLaw,1949.5594,,16,0.9875160363763155,0.012483963623668892,0.9133599377169673,0.08664006228303286,0.9272301361952133,0.07276986380478694,0.7826079931582804,0.2173920068417192,0.0,0.0,0.0,0.0
-21.998440535502567,-26.147503925085527,2.1896782,2.819967656550498,5.84159549763674,-0.4776806,-0.6705284,-0.71204525,-0.85391206,1.0862774,OTHER,HMB,3FGL J0240.5+6113,LogParabola,547.57886,LS I+61 303,0,0.9681721063021483,0.031827893697872,0.13522881876890547,0.8647711812310945,0.5254596154208949,0.4745403845791052,0.630323308880969,0.36967669111903123,0.0,0.997,0.403,0.027
-27.727842615561407,-27.78736963227493,2.3233023,-0.674834746021869,3.725882489659019,-0.6703641,-0.6277343,-0.68740994,-0.3623248,-51.9359,OTHER,sbg,3FGL J0242.7-0001,PowerLaw,920.24646,NGC 1068,0,0.9988503246171309,0.0011496753828843327,0.9951083714599667,0.004891628540033298,0.9996778790343361,0.00032212096566361565,0.9795055371296795,0.020494462870321105,0.0,0.0,0.0,0.0
-29.46564577842787,-27.665017368058546,2.1977007,0.8938630228120802,3.6175861967408673,-0.5939346,-0.6340726,-0.57058513,-0.9999661,-35.709038,OTHER,pwn,3FGL J0454.6-6825,PowerLaw,1776.1125,PWN G279.8-35.8,0,0.9862140276807166,0.01378597231928366,0.8034869630066728,0.19651303699332676,0.6314289364270677,0.3685710635729328,0.8772123483176325,0.12278765168236698,0.0,0.001,0.003,0.0
-28.130343047913584,-27.36523501977798,2.3491838,-0.30276620649875946,3.626638503128031,-0.5906053,-0.8520776,-0.45908022,-0.3842624,6.3492813,OTHER,spp,3FGL J0500.3+5237,PowerLaw,1231.9395,,0,0.9988237131198897,0.0011762868801344702,0.9922445830652131,0.007755416934787641,0.998916127591856,0.0010838724081435591,0.9869894467630376,0.013010553236962803,0.0,0.0,0.0,0.0
-22.4214203610387,-26.249608457426937,2.017084,1.8811791306664467,4.226893442106269,-0.49599028,-0.6005208,-0.67542744,-0.64879835,-32.850204,OTHER,GAL,3FGL J0526.6-6825e,LogParabola,396.32202,LMC,0,0.09103397828724269,0.9089660217127647,0.5076541400769575,0.4923458599230426,0.4570023641710322,0.542997635828968,0.5767423828872149,0.42325761711278564,1.0,0.49,0.566,0.13
-18.28548727006569,-25.841143354285013,5.715894,0.8273012478202758,5.597953800203161,-0.99999434,0.99443537,-0.39162585,-0.999101,-5.781213,OTHER,PWN,3FGL J0534.5+2201s,PowerLaw,100.79754,Crab,20,0.9749881623081331,0.025011837691867336,0.9864504932535819,0.013549506746417018,0.999916705784802,8.329421519720529e-05,0.642069359278373,0.35793064072162667,0.0,0.001,0.0,0.009
-24.729277572010645,-26.13478842627149,2.1944747,0.29605567087980345,4.120546035750273,-0.5254956,-0.6444767,-0.48491386,-0.73834515,-1.4995799,OTHER,SNR,3FGL J0540.3+2756e,PowerLaw,705.1263,S147,0,0.8285831056777795,0.17141689432223048,0.9503379825783652,0.04966201742163421,0.9869189274246315,0.013081072575368492,0.7167182704338761,0.28328172956612413,0.0,0.0,0.0,0.0
-25.978782585902074,-26.94597715768177,2.8348546,1.7669612216938597,3.974079348281132,-0.24274996,-0.7792552,-0.8701869,-0.59673154,-0.7620364,OTHER,spp,3FGL J0610.6+1728,LogParabola,903.2897,,0,0.9828474657627165,0.01715253423726374,0.27821419821038434,0.7217858017896156,0.5386449175138359,0.461355082486164,0.7877573718325359,0.2122426281674653,0.0,0.98,0.31,0.0
-24.09464834144195,-25.6868500555864,1.999889,2.537691561936918,3.9241041223925874,-0.24429186,-0.5376386,-0.54189444,-0.65352607,3.0336995,OTHER,SNR,3FGL J0617.2+2234e,LogParabola,1444.2197,IC 443,0,0.5205875192968983,0.4794124807031015,0.0369028876276113,0.9630971123723886,0.04686113785314787,0.9531388621468526,0.3425647183886024,0.6574352816113976,0.0,0.997,1.0,0.99
-28.281231608405992,-26.588836147890373,2.3564208,1.5956516050815772,3.7621928634676847,-0.02327583,-0.5898471,-0.53805995,-0.8921625,-1.3048923,OTHER,spp,3FGL J0631.6+0644,LogParabola,2599.9565,,0,0.04684346294042757,0.953156537059588,0.15777735049332675,0.8422226495066714,0.30325175352641753,0.6967482464735829,0.3627944568916583,0.6372055431083414,1.0,0.995,1.0,0.987
-27.29474381087447,-26.80111898038221,2.5558372,0.09507338044610561,3.6704433948506954,-0.6274545,-0.836226,-0.8138625,-0.27849662,1.2806075,OTHER,spp,3FGL J0640.9+0752,PowerLaw,947.25964,,17,0.9965800098821109,0.0034199901178767343,0.9741503412594018,0.025849658740597765,0.993416493838639,0.00658350616136237,0.9405664934358591,0.05943350656414084,0.0,0.0,0.0,0.0
-27.124708290100997,-26.283128956833405,2.0516248,1.1131437435149867,4.1222673118003925,-0.19615343,-0.59998935,-0.4928175,-0.5934498,-3.2763379,OTHER,SNR,3FGL J0822.6-4250e,PowerLaw,2255.966,Puppis A,0,0.2823441222616663,0.7176558777383352,0.8177565541495972,0.1822434458504023,0.8996236477675963,0.10037635223240392,0.7647033170689439,0.2352966829310572,1.0,0.0,0.0,0.0
-26.654957158395305,-25.736056921124028,2.7226977,1.423264724600888,4.483910511786011,-0.39936692,-0.5999825,-0.8034118,-0.95769894,-3.0452278,OTHER,spp,3FGL J0838.1-4615,LogParabola,1401.3173,,1,0.32358697271414966,0.6764130272858548,0.5994182578915849,0.40058174210841546,0.6384409109861947,0.36155908901380485,0.4363033233988669,0.5636966766011332,1.0,0.237,0.119,0.825
-28.673645235210042,-26.351918336212766,2.5854046,1.1216029827292004,4.016177693354658,-0.477334,-0.9278071,-0.88599765,0.18473783,-3.7674587,OTHER,spp,3FGL J0839.1-4739,PowerLaw,1632.8274,,0,0.8395257958876511,0.1604742041123558,0.9496663043690659,0.05033369563093447,0.9753291980030524,0.02467080199694838,0.7049425476666752,0.29505745233332425,0.0,0.0,0.0,0.0
-29.968725290626715,-25.935175038416673,2.3785477,-1.1639026831203538,4.014454361932868,-0.69284314,-0.7881569,-0.79543555,-0.4549833,-2.0601761,OTHER,spp,3FGL J0843.1-4546,PowerLaw,3553.9956,,1,0.3634596732455906,0.6365403267544116,0.9911770742695079,0.008822925730492578,0.9996151969349759,0.00038480306502418837,0.46713485195959614,0.5328651480404044,1.0,0.0,0.0,0.693
-27.573364904135307,-25.854247990359994,1.9446316,0.49493207977993187,4.5333724703815355,-0.46676356,-0.6380545,-0.58423847,-0.19898026,-1.233045,OTHER,SNR,3FGL J0852.7-4631e,PowerLaw,3544.2734,Vela Jr,512,0.9650166361150245,0.034983363884969455,0.9709952117882806,0.029004788211720228,0.9962486549341196,0.0037513450658795753,0.6709093093881798,0.32909069061182034,0.0,0.0,0.0,0.01
-28.396910610435494,-27.677022288416,2.3757112,0.4170560237793066,3.853456929435911,-0.63732606,-0.8158063,-0.44512504,-0.8377698,-11.247007,OTHER,glc,3FGL J0912.2-6452,PowerLaw,1045.2452,NGC 2808,1,0.9982825197061852,0.0017174802938278396,0.9675880479962378,0.03241195200376107,0.9785179006335558,0.021482099366445417,0.9808817618166689,0.01911823818333134,0.0,0.0,0.0,0.0
-27.538046592740017,-27.809125448390397,2.2100296,0.2668593040932182,3.683796539192846,-0.49798882,-0.4738833,-0.7442837,-0.43384165,40.543133,OTHER,sbg,3FGL J0955.4+6940,PowerLaw,1015.19855,M 82,0,0.9938555403217331,0.006144459678284464,0.9900817673948948,0.00991823260510522,0.986250537075762,0.013749462924238764,0.9637244700892885,0.03627552991071134,0.0,0.0,0.0,0.0
-24.55956811433947,-25.51031576053523,2.546475,3.0531638830624455,3.744561226862562,-0.40063214,-0.6777257,-0.7409849,-0.9165123,-1.6901059,OTHER,HMB,3FGL J1018.9-5856,LogParabola,1350.214,1FGL J1018.6-5856,0,0.000156768184138234,0.999843231815844,0.02734407774827244,0.9726559222517275,0.002450111057627922,0.9975498889423711,0.21290933797277223,0.7870906620272261,1.0,0.997,1.0,1.0
-27.19566826551455,-25.679038891120985,2.3901007,2.1848892193714615,4.051743151116316,-0.28713804,-0.6492822,-0.64168155,-0.7244292,-0.6330746,OTHER,BIN,3FGL J1045.1-5941,LogParabola,3281.8196,Eta Carinae,0,0.005567534328771005,0.9944324656712455,0.10446055521291095,0.8955394447870891,0.1133826754130863,0.8866173245869131,0.3171054543021683,0.6828945456978318,1.0,0.996,1.0,0.998
-26.773122772740987,-25.820890851874466,2.7986279,1.8480577051822762,3.1491851380740763,0.58748084,-0.5106462,-0.76632786,-0.91673636,-0.8029164,OTHER,spp,3FGL J1101.9-6053,LogParabola,1629.2163,,20,4.9719836918970415e-05,0.99995028016307,0.05243652987756729,0.9475634701224317,0.04642027304100602,0.9535797269589937,0.16933230779541483,0.8306676922045858,1.0,0.997,1.0,1.0
-27.39133159496771,-26.030475353309033,2.3874407,2.042186639879946,3.8434693543555967,-0.52505696,-0.5194687,-0.6016011,-0.7671582,-0.087617256,OTHER,spp,3FGL J1111.9-6038,LogParabola,2979.1165,,0,0.005690533956086854,0.9943094660438947,0.08655932033905642,0.9134406796609439,0.11556825442754297,0.8844317455724572,0.32701751639814436,0.6729824836018553,1.0,0.997,1.0,0.993
-28.594215391011183,-27.54979799604484,2.3527286,-1.3925764139626353,3.694121010811121,-0.78464276,-0.7355109,-0.45662904,-0.6552898,9.930705,OTHER,spp,3FGL J1209.1-5224,PowerLaw,1178.4216,,0,0.99954464242196,0.0004553575780327216,0.9954940465832487,0.004505953416751349,0.999912992651408,8.700734859114278e-05,0.9894836888875299,0.010516311112471175,0.0,0.0,0.0,0.0
-27.1455521026532,-25.767150209912998,2.4878008,0.13262291822459926,3.9834520143802186,-0.5104581,-0.72731334,-0.78809196,-0.61285406,-0.31910145,OTHER,spp,3FGL J1212.2-6251,PowerLaw,1541.7622,,16,0.46503458855842567,0.5349654114415764,0.965002498159582,0.034997501840417965,0.9804859005928933,0.019514099407106293,0.3809468267105995,0.6190531732894008,1.0,0.0,0.0,0.973
-27.446042139807012,-25.8353981604236,2.423083,1.4566545657116177,4.0607695084802335,-0.10347571,-0.6206147,-0.6607779,-0.7962457,-0.05242593,OTHER,spp,3FGL J1214.0-6236,LogParabola,2189.5098,,0,0.010248852483546482,0.9897511475164661,0.4367303660781879,0.5632696339218113,0.5129576122319277,0.4870423877680721,0.25637573837390654,0.7436242616260925,1.0,0.677,0.368,1.0
-32.268293506118816,-26.305989969493346,1.6418201,-0.3999867689696722,3.8468623832737743,0.9992894,-0.6587412,-0.5684889,0.13383783,-0.3575578,OTHER,PWN,3FGL J1303.0-6312e,PowerLaw,17494.146,HESS J1303-631,5,0.902742779016224,0.09725722098376274,0.9817567496615319,0.01824325033846732,0.9994423218952367,0.000557678104762086,0.8271909588953295,0.17280904110466952,0.0,0.0,0.0,0.0
-26.529066911335487,-27.415730013225502,2.4269416,-0.5729568977242034,4.040933878500059,-0.67354715,-0.72050136,-0.58678263,-0.62376755,13.373529,OTHER,sbg,3FGL J1305.4-4926,PowerLaw,740.5398,NGC 4945,0,0.9998214840194625,0.00017851598051950884,0.9948687500592533,0.005131249940746311,0.9995601572186495,0.00043984278135125585,0.9941268621538367,0.005873137846161465,0.0,0.0,0.0,0.0
-29.484473100075544,-26.270941431691753,2.1008358,0.6156693957892504,4.111929477671694,0.9996153,-0.5922082,-0.49671358,-0.68759304,0.14045842,OTHER,snr,3FGL J1305.7-6241,PowerLaw,4143.1157,Kes 17,0,0.8531747405350841,0.14682525946491917,0.9374930307892417,0.062506969210758,0.9712673560054598,0.0287326439945415,0.7740327036809831,0.22596729631901574,0.0,0.0,0.0,0.0
-27.573217639212558,-27.35339825739599,2.0932982,1.8178488357924405,4.195556201505315,0.9998341,-0.2653788,-0.67746735,-0.96123135,14.98316,OTHER,glc,3FGL J1326.7-4727,LogParabola,1607.4164,Omega Cen,0,0.006588344863880396,0.9934116551361271,0.2108622752689603,0.7891377247310399,0.35522763577043676,0.644772364229564,0.3883617334299531,0.6116382665700458,1.0,0.997,0.988,0.962
-27.453870767736937,-27.867411405030744,2.599977,-0.4394696660256435,3.664113353448932,-0.80197453,-0.6563586,-0.56761855,-0.9999898,80.834595,OTHER,css,3FGL J1330.5+3023,PowerLaw,652.1419,3C 286,0,0.9992891377224619,0.000710862277551692,0.9921079416131013,0.007892058386898089,0.9948610983869624,0.005138901613036777,0.9418304034463557,0.05816959655364482,0.0,0.0,0.0,0.0
-24.866323264104427,-26.194463536883514,2.4732194,1.2050863141638264,4.065545872429757,-0.39606974,-0.7278452,-0.75483584,-0.9648328,-0.18717425,OTHER,spp,3FGL J1345.1-6224,PowerLaw,626.965,,532,0.006694792857617299,0.9933052071423843,0.41162044754975813,0.5883795524502412,0.5896540506351047,0.41034594936489555,0.42915854899345346,0.570841451006547,1.0,0.755,0.164,0.873
-29.05956762528811,-26.210588720003198,2.1836739,1.0675991871438735,3.9403645861231498,-0.5512364,-0.49017867,-0.56195146,-0.7245458,0.04781959,OTHER,spp,3FGL J1441.5-5955c,PowerLaw,2982.2705,,36,0.44699531550600136,0.5530046844939986,0.6755543740290334,0.3244456259709682,0.7383451481452671,0.26165485185473364,0.6925147130106349,0.3074852869893647,1.0,0.084,0.002,0.003
-24.034243457443264,-25.990547314384084,2.5589745,1.1371085827956864,3.944372712237439,-0.6499847,-0.75838387,-0.7167439,-0.99793726,0.43215373,OTHER,spp,3FGL J1549.1-5347c,PowerLaw,509.99487,,609,0.02599940719505833,0.9740005928049207,0.4115502861407537,0.5884497138592468,0.5766800200898038,0.4233199799101965,0.35910463841618906,0.6408953615838106,1.0,0.736,0.199,0.984
-32.17080887971587,-26.580573725553844,1.7892175,0.9286777415911397,3.5994265016576206,0.9833738,-0.0014771638,0.012313326,-0.34393668,-1.6047833,OTHER,spp,3FGL J1551.1-5610,PowerLaw,11464.523,,16,0.9753166591422157,0.024683340857767556,0.9273216642720171,0.07267833572798284,0.978288355299749,0.021711644700251432,0.9438398037104252,0.05616019628957432,0.0,0.0,0.0,0.0
-27.765331458874993,-26.30012027227931,2.0767007,0.3465798951731024,3.436434166784649,-0.46042842,-0.5939704,-0.5761289,-0.51685613,-1.7586524,OTHER,spp,3FGL J1552.9-5610,PowerLaw,2455.051,,64,0.4695447585470484,0.530455241452952,0.9083535746026073,0.09164642539739362,0.9365800962264493,0.06341990377355022,0.7693915077439467,0.23060849225605382,1.0,0.0,0.0,0.0
-28.878259537449775,-25.732765103005107,1.8643473,0.9731629176887983,4.248720937664962,0.9997405,0.019213004,-0.51783043,-0.476601,-0.65924525,OTHER,spp,3FGL J1615.3-5146e,PowerLaw,6018.2393,,516,0.8175215159226005,0.18247848407741904,0.9284615761451235,0.07153842385487756,0.9537389214740342,0.04626107852596646,0.639678806977847,0.36032119302215304,0.0,0.0,0.0,0.032
-27.008888435073516,-25.49953339919858,2.1447906,0.09333392739859636,4.959303129195855,-0.54881907,-0.6893966,-0.6063951,-0.46509698,-0.13110612,OTHER,PWN,3FGL J1616.2-5054e,PowerLaw,2725.7573,HESS J1616-508,0,0.928720756809071,0.07127924319092774,0.9823159577897588,0.017684042210241828,0.9989781304612402,0.0010218695387603231,0.6502152666381151,0.3497847333618845,0.0,0.0,0.0,0.016
-30.13093350715908,-27.21563413398176,2.140068,0.884611237156634,3.7785544770385635,0.9856203,-0.73566633,-0.16574556,-0.99998766,19.467222,OTHER,glc,3FGL J1616.8-2300,PowerLaw,2685.8433,M80,0,0.9871244085069583,0.012875591493020946,0.9143334651906475,0.08566653480935206,0.898233533271329,0.10176646672867094,0.8144659097251126,0.18553409027488904,0.0,0.0,0.0,0.0
-27.17071478720707,-25.940419502868686,2.4569876,1.5115473207337806,3.8583560014370946,0.99921685,-0.5658203,-0.7210109,-0.94552445,-0.14605142,OTHER,spp,3FGL J1628.9-4852,LogParabola,1911.8887,,8,0.0015052324003610451,0.9984947675996227,0.21552652119052967,0.7844734788094705,0.3323192470252029,0.6676807529747971,0.2042322838817433,0.7957677161182566,1.0,0.99,0.975,1.0
-26.688481575495082,-25.37939186042022,2.1106853,0.7198614915602998,4.480594715169618,0.121134266,-0.6064094,-0.60820985,-0.61012983,0.12089922,OTHER,PWN,3FGL J1633.0-4746e,PowerLaw,2956.6348,HESS J1632-478,512,0.11999568943678865,0.8800043105632089,0.9481388532697184,0.051861146730280576,0.9694239386783228,0.03057606132167585,0.5744863361733338,0.42551366382666606,1.0,0.0,0.0,0.157
-28.41001540982677,-25.530942297872837,2.2146459,1.258512662792642,4.050807908155478,-0.71959764,-0.6720781,-0.7385524,-0.76067984,0.13210484,OTHER,spp,3FGL J1636.2-4709c,PowerLaw,3479.6523,,884,0.02898703281154974,0.9710129671884654,0.5095010202186041,0.49049897978139584,0.419973971317586,0.5800260286824147,0.2325136858375052,0.7674863141624948,1.0,0.482,0.744,1.0
-26.316953475967875,-25.56691023633835,2.4718857,2.280157286401496,4.000603661319551,0.057235602,-0.5694228,-0.624856,-0.90504843,-0.15647167,OTHER,snr,3FGL J1636.2-4734,LogParabola,2186.559,SNR G337.0-00.1,64,0.000542198072998934,0.9994578019269797,0.05637135736858167,0.9436286426314187,0.06401928189491565,0.9359807181050844,0.18413034690678587,0.8158696530932145,1.0,0.997,1.0,1.0
-26.601143448158055,-25.648406209927362,2.5215013,1.9025685714501044,4.35129296728603,0.18119545,-0.46823165,-0.66557807,-0.8176814,0.00535545,OTHER,spp,3FGL J1638.6-4654,LogParabola,1982.7982,,0,0.017232562879325702,0.9827674371206564,0.2736525277331434,0.7263474722668564,0.4149270028263614,0.5850729971736381,0.2291698157441743,0.7708301842558257,1.0,0.956,0.767,1.0
-31.353931819658726,-25.817040152527646,1.858322,-1.3867302256529899,3.634480394496728,0.89027447,-0.5696724,-0.5721027,-0.32406238,-0.020029241,OTHER,spp,3FGL J1640.4-4634c,PowerLaw,12843.685,,32,0.8456952347650893,0.15430476523492057,0.9885924939790095,0.011407506020989076,0.9997001907631202,0.00029980923687985644,0.6687824786746156,0.3312175213253845,0.0,0.0,0.0,0.007
-27.152725441301442,-25.607861142270725,2.3755996,-0.24523793545402145,3.674611314637217,-0.6660917,-0.8483191,-0.4218384,-0.7027347,0.060354102,OTHER,spp,3FGL J1641.1-4619c,PowerLaw,1759.4744,,36,0.29955453641053664,0.7004454635894594,0.9762754969015367,0.023724503098463506,0.9913247897126948,0.008675210287304383,0.5132954390046134,0.4867045609953867,1.0,0.0,0.0,0.421
-26.346989368376136,-26.901401164086053,2.7149,0.9580432320604065,3.5979435243373312,-0.4304335,-0.89185864,-0.7875072,-0.9997931,-5.765146,OTHER,spp,3FGL J1645.9-5420,PowerLaw,608.825,,16,0.6501729504730843,0.34982704952692006,0.4265937996914704,0.57340620030853,0.5571454278088258,0.44285457219117447,0.7953306161573843,0.20466938384261607,0.0,0.747,0.171,0.0
-26.695682165258464,-27.014281895467093,2.0659773,1.8073034843228157,3.848630393241266,-0.3149025,-0.5261133,-0.6799173,-0.7988968,7.3104925,OTHER,glc,3FGL J1701.2-3006,LogParabola,1266.4102,M62,0,0.15450542055892477,0.8454945794410653,0.10341213250910988,0.8965878674908903,0.17312269554246407,0.8268773044575349,0.49875510360829295,0.501244896391707,1.0,0.997,1.0,0.518
-30.83652486970788,-25.853999731963988,1.6235359,0.672603958408558,3.682052116012859,0.26785427,-0.6803512,-0.2545265,-0.12497361,-0.4728954,OTHER,SNR,3FGL J1713.5-3945e,PowerLaw,14166.48,RX J1713.7-3946,4,0.7850822317900641,0.2149177682099218,0.9469160796516128,0.0530839203483865,0.9745697030086151,0.025430296991385607,0.705589798360921,0.29441020163907833,0.0,0.0,0.0,0.0
-24.913156210461725,-25.66355699466622,2.243362,1.6637663661881867,4.2307689967464395,-0.46950474,-0.58272535,-0.6170255,-0.9073285,0.07697307,OTHER,snr,3FGL J1714.5-3832,LogParabola,1113.7568,CTB 37A,0,0.039070723053016086,0.9609292769469903,0.19183749900568348,0.8081625009943161,0.3624806120933459,0.6375193879066546,0.3165378278664464,0.6834621721335531,1.0,0.997,0.997,0.995
-26.515334043588343,-26.804525427711237,2.4893813,1.081364378699352,3.98256333417733,-0.5835012,-0.75474054,-0.6198644,-0.9999936,5.722799,OTHER,glc,3FGL J1716.6-2812,PowerLaw,809.012,NGC 6316,0,0.955742859583008,0.04425714041697657,0.6332861474774952,0.3667138525225043,0.7061629570784212,0.2938370429215776,0.8353217853891334,0.16467821461086649,0.0,0.105,0.002,0.0
-28.637773630689992,-26.032377723049766,2.1343594,0.17257328215982504,3.7277336324055517,-0.7198329,-0.6213248,-0.49319828,-0.58166254,0.16170193,OTHER,snr,3FGL J1718.0-3726,PowerLaw,3397.181,SNR G349.7+00.2,4,0.8777148261397021,0.12228517386030899,0.9547607734300639,0.0452392265699354,0.9762227385954133,0.0237772614045868,0.6670366036166494,0.33296339638335193,0.0,0.0,0.0,0.005
-27.945424185820123,-26.688404270980946,2.5115986,0.32101790546688047,3.7099334911471633,-0.60158753,-0.8065348,-0.39163014,-0.9999916,-5.1674995,OTHER,spp,3FGL J1722.9-4529,PowerLaw,1268.2042,,1,0.7690728173605611,0.23092718263942105,0.9166096440280236,0.08339035597197499,0.9565415990458691,0.04345840095413099,0.7733750818029549,0.22662491819704517,0.0,0.0,0.0,0.0
-26.394256366342447,-26.525731383901878,2.6000779,1.1913328402293308,4.020734391731758,-0.6484468,-0.96083444,-0.3753156,-0.11241324,3.9976633,OTHER,spp,3FGL J1725.1-2832,PowerLaw,772.94617,,513,0.9750258508383998,0.024974149161579366,0.9637419200669576,0.036258079933043676,0.9880082766869321,0.011991723313069974,0.9028639812303456,0.09713601876965494,0.0,0.0,0.0,0.0
-28.644832450512794,-26.987224109786116,2.3268895,0.343811588287251,3.7301811004285783,-0.7968445,-0.4880588,-0.5124502,-0.89864373,-6.252981,OTHER,spp,3FGL J1728.0-4606,PowerLaw,1663.3168,,0,0.46954893198131165,0.5304510680186888,0.9171882207010823,0.0828117792989179,0.9494128189224095,0.05058718107759078,0.821887311934,0.1781126880659997,1.0,0.0,0.0,0.0
-25.146001574922575,-26.67440811526368,2.6920033,1.8094535138857082,3.9211026776215587,-0.20910525,-0.8365215,-0.8922596,-0.9998756,3.2665544,OTHER,spp,3FGL J1729.5-2824,LogParabola,650.7375,,2329,0.17352787867204644,0.8264721213279511,0.07769372400635231,0.9223062759936469,0.13315003472636758,0.8668499652736319,0.5374579017403294,0.46254209825967046,1.0,0.997,1.0,0.277
-26.13917258002368,-27.032518337137606,2.3757675,1.19961842140228,3.8493994789443895,-0.67797375,-0.523537,-0.6970055,-0.9731425,-6.7336917,OTHER,glc,3FGL J1736.2-4444,PowerLaw,826.98785,NGC 6388,512,0.1464740123271893,0.8535259876728106,0.297453355361783,0.702546644638216,0.5361565400943328,0.46384345990566805,0.6861457001722548,0.3138542998277459,1.0,0.968,0.188,0.0
-29.289295879297484,-26.11353284402655,2.142717,1.2347326720407192,4.038187162308492,-0.18911512,-0.7566326,-0.5557504,-0.7135542,-0.2434729,OTHER,spp,3FGL J1737.3-3214c,PowerLaw,3345.9114,,36,0.18794517773045483,0.8120548222695367,0.6084149642012291,0.3915850357987703,0.6622540708147004,0.33774592918529855,0.6240071100107344,0.37599288998926567,1.0,0.256,0.028,0.037
-26.69017405573721,-26.014933790899768,2.4812584,2.011863432527035,4.274405370631676,0.63054967,-0.45847696,-0.67463505,-0.95169014,-0.20572838,OTHER,snr,3FGL J1741.1-3053,LogParabola,1871.6743,MSH 17-39,4,0.0004393498193426826,0.9995606501806761,0.1185805276457161,0.8814194723542844,0.2553764254380966,0.7446235745619045,0.23489647152189788,0.7651035284781021,1.0,0.997,1.0,1.0
-24.985228782242316,-25.498938688708847,2.720565,2.237542497892434,4.0889600789564025,-0.5900777,-0.60994786,-0.9141809,-0.6801188,-0.5787976,OTHER,spp,3FGL J1745.1-3011,LogParabola,1135.2062,,20,0.2961942359801777,0.7038057640198365,0.09034819847582641,0.9096518015241734,0.09993200264738313,0.9000679973526161,0.3174433020485681,0.6825566979514328,1.0,0.997,1.0,0.997
-26.43825447415334,-24.4004010452621,2.3217735,0.2686719217144097,4.223225948012447,-0.7390046,-0.68623245,-0.48663518,-0.6835484,-0.039297067,OTHER,spp,3FGL J1745.6-2859c,PowerLaw,2545.4705,,544,0.6299802772957811,0.37001972270421246,0.9709242967240211,0.029075703275977572,0.9721581838178074,0.027841816182193054,0.5470491220487197,0.452950877951281,0.0,0.0,0.001,0.253
-26.392478942783246,-24.715495375954863,2.4289012,2.2350618771289112,4.044149564995911,0.92160136,-0.33983308,-0.6533861,-0.82222444,-0.10315697,OTHER,pwn,3FGL J1746.3-2851c,LogParabola,2933.66,PWN G0.13-0.11,48,4.692265230710202e-05,0.9999530773476696,0.0912941609090417,0.9087058390909596,0.10335704219722776,0.8966429578027727,0.17519759453991307,0.8248024054600862,1.0,0.997,1.0,1.0
-25.44785171776443,-26.141716550034623,2.0920227,2.2453754038204106,4.323004081882802,-0.23158383,-0.47418985,-0.6544078,-0.9094432,1.6885995,OTHER,glc,3FGL J1748.0-2447,LogParabola,1280.3826,Terzan 5,0,0.0012147890096299019,0.9987852109903765,0.048911285312167825,0.9510887146878325,0.09855003236893436,0.9014499676310666,0.2469614945116107,0.7530385054883897,1.0,0.997,1.0,1.0
-24.932196419985136,-26.517430272837593,2.63544,0.4952769916664302,3.8173020989896473,-0.6184555,-0.79674983,-0.6398424,-0.95089775,3.791172,OTHER,glc,3FGL J1748.9-2021,PowerLaw,598.3107,NGC 6440,0,0.8149488938959188,0.18505110610407358,0.9171368813057968,0.08286311869420364,0.928940883918705,0.07105911608129505,0.7116065921952731,0.28839340780472694,0.0,0.0,0.0,0.0
-27.218134213030723,-26.913517358970356,2.3378122,0.9839172757682524,3.676056694671279,-0.5661407,-0.65703297,-0.6788159,-0.8916788,-5.0206733,OTHER,glc,3FGL J1750.2-3704,PowerLaw,1128.9801,NGC 6441,0,0.408631359538546,0.5913686404614572,0.44005195395550806,0.559948046044492,0.6106163401755969,0.3893836598244029,0.7532364763465803,0.24676352365341947,1.0,0.711,0.037,0.0
-24.66394677633159,-25.424299788765644,2.3350856,2.751204921918363,4.607184604658346,-0.2704188,-0.5957562,-0.6635474,-0.77652854,-0.2512975,OTHER,SNR,3FGL J1801.3-2326e,LogParabola,1813.1833,W28,0,0.06484494748989388,0.9351550525101164,0.04934688475262727,0.9506531152473731,0.07204969244072532,0.9279503075592754,0.3666515067363702,0.6333484932636303,1.0,0.997,1.0,0.977
-26.913533759867537,-25.475499815495418,2.1913302,1.7564075608576908,4.480947747283654,-0.29026026,-0.5328302,-0.5925072,-0.627686,-0.21079257,OTHER,SNR,3FGL J1805.6-2136e,LogParabola,3469.0142,W30,0,0.4071050127743651,0.5928949872256424,0.5192995081932801,0.4807004918067202,0.6105218097196655,0.3894781902803343,0.4744598928461459,0.5255401071538542,1.0,0.429,0.138,0.651
-29.584304518521254,-27.47026531757198,2.120233,1.0718372973946666,3.6162894004776023,0.2678552,-0.31657958,-0.5466611,-0.99998426,-11.11182,OTHER,glc,3FGL J1807.5-4343,PowerLaw,1920.0729,NGC 6541,0,0.731999177861932,0.26800082213805415,0.461008853822257,0.5389911461777434,0.5567653563154806,0.4432346436845198,0.6256768826367887,0.3743231173632113,0.0,0.663,0.096,0.006
-26.99936022251363,-25.703360670769392,2.609222,1.60282256571053,3.9640721443117686,-0.62606585,-0.3415982,-0.7477873,-0.78529674,0.038044583,OTHER,glc,3FGL J1808.5-1952,LogParabola,1877.3215,2MS-GC01,12,0.018007716051044915,0.9819922839489823,0.29569313137016673,0.7043068686298334,0.3496763323879013,0.6503236676120994,0.1992101639747901,0.80078983602521,1.0,0.938,0.966,1.0
-30.841118245225662,-25.769375275491964,2.0963523,-1.8434083967854498,3.8264320724326706,0.97801495,-0.84339005,-0.5070752,-0.64164895,0.045541115,OTHER,spp,3FGL J1810.1-1910,PowerLaw,6945.693,,20,0.7579183453888154,0.24208165461119008,0.9914493537612175,0.008550646238783495,0.9999007095321988,9.929046780295353e-05,0.6278862951408918,0.37211370485910866,0.0,0.0,0.0,0.03
-30.02103920672587,-25.73757601701016,2.2351284,0.8764435331520886,3.8552797060424178,-0.7211072,0.7342057,-0.5618486,-0.76376873,-0.32725322,OTHER,spp,3FGL J1811.3-1927c,PowerLaw,4510.5044,,288,0.5277029384660086,0.4722970615339931,0.8240810063827834,0.1759189936172166,0.8108470428027938,0.18915295719720626,0.46185134743090683,0.5381486525690933,0.0,0.002,0.049,0.708
-28.911651261427274,-25.931675527806,2.271087,1.2045692688997711,4.155879988110329,0.6783398,-0.7061181,-0.53298604,-0.76888496,-0.6930711,OTHER,spp,3FGL J1817.2-1739,PowerLaw,2911.374,,1,0.22495746758676188,0.7750425324132573,0.7510168723040649,0.24898312769593617,0.8046296049600745,0.19537039503992554,0.46451150370953415,0.5354884962904658,1.0,0.028,0.002,0.715
-25.41448444172002,-25.627108096466298,2.7067294,2.1244699554264654,4.653599087574674,-0.15093073,-0.6951703,-0.77296925,-0.8386245,0.009763544,OTHER,spp,3FGL J1818.7-1528,LogParabola,1195.2727,,64,0.32089806505917395,0.6791019349408182,0.2439341012918815,0.756065898708119,0.3709316236115517,0.6290683763884484,0.4190990557539172,0.5809009442460823,1.0,0.975,0.913,0.869
-30.691645860838,-25.166178220416775,1.6812232,1.4065775481585778,3.5713098399145142,-0.3891793,0.8021683,0.50494844,-0.14119558,-0.45345327,OTHER,PWN,3FGL J1824.5-1351e,LogParabola,27387.225,HESS J1825-137,0,0.1408785135635349,0.8591214864364844,0.9036389712549953,0.09636102874500442,0.9650928468310399,0.03490715316896035,0.6017416540863882,0.3982583459136113,1.0,0.0,0.001,0.072
-20.963851640130994,-25.759055525408016,2.379465,1.6739589394554089,4.253641844056706,-0.6164775,-0.71515054,-0.8068015,-0.79401475,-1.2937952,OTHER,HMB,3FGL J1826.2-1450,LogParabola,280.32834,LS 5039,0,0.0890016431705037,0.9109983568295074,0.23233452457805778,0.7676654754219425,0.47613706109446585,0.5238629389055344,0.37399276567627154,0.6260072343237296,1.0,0.932,0.435,0.963
-24.338476599314355,-25.840347960577144,2.2390633,1.385377340557674,4.578165916913683,-0.18518706,-0.7283336,-0.8981539,-0.9999291,-0.13901766,OTHER,spp,3FGL J1828.4-1121,LogParabola,638.5214,,269,0.4044975942132384,0.5955024057867646,0.40863044096554985,0.5913695590344493,0.5215180517180713,0.47848194828192886,0.5142184860549708,0.48578151394502916,1.0,0.771,0.308,0.415
-29.070726969014277,-26.078463027834722,2.245306,1.2093777830072556,3.849969187825251,-0.3019096,-0.40068495,-0.7332978,-0.69110656,-1.2179761,OTHER,spp,3FGL J1829.7-1304,PowerLaw,2963.7612,,1,0.05122177794555852,0.9487782220544431,0.5301458867917119,0.4698541132082881,0.5311440142530464,0.4688559857469531,0.5144144390726768,0.4855855609273232,1.0,0.424,0.327,0.411
-29.991493134713856,-25.650429713089675,2.106443,0.22677645162715765,4.407615299546893,-0.25163302,-0.64236116,-0.70386136,-0.42125773,0.5918961,OTHER,spp,3FGL J1833.9-0711,PowerLaw,5840.978,,276,0.919813818897184,0.08018618110280887,0.9732551483382679,0.02674485166173227,0.991618616069427,0.008381383930573381,0.5914209888580035,0.4085790111419967,0.0,0.0,0.0,0.113
-27.34842099045049,-25.846293587864416,2.1708548,-0.42985620912346545,4.04472492014354,-0.25492585,-0.5535126,-0.5177915,-0.6901016,-0.22607367,OTHER,snr,3FGL J1834.5-0841,PowerLaw,2205.238,W 41,4,0.7169027772818838,0.28309722271811993,0.9809662808312387,0.0190337191687618,0.9974053077112719,0.00259469228872855,0.6239887443837183,0.37601125561628274,0.0,0.0,0.0,0.034
-30.355894813686316,-25.532026820610657,2.0483415,0.018748687390497648,3.7859495208707665,-0.84944916,0.3016721,-0.45841366,-0.5014257,0.5228004,OTHER,spp,3FGL J1834.6-0659,PowerLaw,7926.3135,,0,0.8197095790176242,0.18029042098238313,0.9732098439003019,0.026790156099697423,0.9864562571994802,0.013543742800519443,0.6008566319149546,0.3991433680850457,0.0,0.0,0.0,0.08
-27.472501401305117,-27.65895696948022,2.0956552,1.5191602998398923,3.618114517077455,-0.2787988,-0.46226394,-0.8003461,-0.9999222,-11.371728,OTHER,glc,3FGL J1835.7-3258,LogParabola,1174.339,NGC 6652,0,0.012479200900079581,0.987520799099913,0.1026092858033268,0.8973907141966728,0.1255088186863304,0.8744911813136695,0.40362938357619094,0.5963706164238084,1.0,0.997,1.0,0.97
-29.514097342544883,-25.29490364050319,1.9663213,-1.319011410568972,4.106123054450243,0.9925079,-0.5999014,-0.63155895,-0.26356578,0.13587537,OTHER,PWN,3FGL J1836.5-0655e,PowerLaw,8162.2485,HESS J1837-069,0,0.5757943904709363,0.42420560952906733,0.9901188444496105,0.009881155550389986,0.999862567905772,0.00013743209422710203,0.5932799570807715,0.4067200429192287,0.0,0.0,0.0,0.097
-26.77741406579591,-25.80460989574668,2.4159951,1.3425698601964062,3.40578590088954,-0.575128,-0.7660966,-0.71474457,-0.84799916,0.5824529,OTHER,spp,3FGL J1840.1-0412,PowerLaw,1427.1682,,0,0.0009888218952999281,0.9990111781046799,0.16098001068451376,0.839019989315488,0.15513988087322203,0.8448601191267784,0.23065328570614185,0.769346714293857,1.0,0.993,1.0,1.0
-29.45356632221771,-25.27471365053454,1.8055826,1.187254042528423E-4,4.462646544837071,0.35122478,-0.11433588,-0.45122457,-0.4970445,-0.19858986,OTHER,PWN,3FGL J1840.9-0532e,PowerLaw,9704.781,HESS J1841-055,0,0.357393666695883,0.6426063333041164,0.9771685291112185,0.022831470888781652,0.996885297191494,0.0031147028085058742,0.7131953639134098,0.28680463608659046,1.0,0.0,0.0,0.0
-28.18838307584063,-25.74523393815127,2.358511,1.5458851316945252,3.8091564780246534,0.9698803,-0.23057775,-0.6158692,-0.5839778,0.014322019,OTHER,snr,3FGL J1849.4-0057,LogParabola,3460.7288,3C 391,0,0.11862295202861253,0.8813770479713726,0.48979916905799764,0.5102008309420024,0.599024553534368,0.4009754464656313,0.38841343888514357,0.6115865611148567,1.0,0.547,0.214,0.957
-32.196066371020855,-27.534573785735336,1.8210037,1.0523636171098507,3.7728830886406466,-0.56155944,0.79688877,-0.10615743,-0.64519864,-10.924384,OTHER,glc,3FGL J1855.1-2243,PowerLaw,5914.816,NGC 6717,0,0.9912729805672583,0.008727019432749922,0.8658778587502445,0.13412214124975547,0.9432175516607331,0.056782448339266996,0.9753637134572035,0.02463628654279524,0.0,0.0,0.0,0.0
-24.47682481173651,-25.071088502131538,2.4438531,3.0840016295808894,4.709458578665497,-0.13288867,-0.5677082,-0.6948142,-0.8581923,-0.38825282,OTHER,SNR,3FGL J1855.9+0121e,LogParabola,1894.7809,W44,0,0.004319804781649924,0.9956801952183637,0.038188344652791584,0.9618116553472079,0.02654095995664724,0.973459040043352,0.2787453480466136,0.7212546519533864,1.0,0.997,1.0,1.0
-28.63603091966918,-27.77532234092837,2.200556,1.256259218411513,3.846133881882407,-0.6479319,-0.4018366,-0.74689347,-0.9073162,-25.620527,OTHER,glc,3FGL J1910.7-6000,PowerLaw,1271.7874,NGC 6752,4,0.050126941098743896,0.9498730589012659,0.5861059444435741,0.41389405555642605,0.4904723214250506,0.5095276785749494,0.6258500989067375,0.3741499010932618,1.0,0.23,0.679,0.008
-26.469045950812472,-25.587114628787557,2.259825,1.6689832453986673,3.9537632305893324,-0.49042633,-0.63633823,-0.5104247,-0.70949924,-0.15540415,OTHER,snr,3FGL J1910.9+0906,LogParabola,2569.6782,W 49B,0,0.15751274821067862,0.8424872517893022,0.2614823986080714,0.7385176013919287,0.38404213970302087,0.6159578602969795,0.38992275195991055,0.610077248040089,1.0,0.97,0.942,0.949
-25.72091802283524,-26.23207887329379,2.6501248,1.8008399321167186,3.8162199597395823,-0.55247736,-0.71143085,-0.7576694,-0.9998283,-0.268437,OTHER,spp,3FGL J1915.9+1112,LogParabola,1043.5619,,12,0.02895806436062641,0.9710419356393856,0.07592621011585846,0.9240737898841425,0.1125130398987342,0.8874869601012662,0.3894811819249815,0.6105188180750183,1.0,0.997,1.0,0.964
-24.40442338320316,-25.569633953741075,2.1245205,1.9619809971022357,4.23616332926743,-0.3781227,-0.5878136,-0.5879697,-0.64633226,-0.46182865,OTHER,SNR,3FGL J1923.2+1408e,LogParabola,1362.4939,W51C,0,0.012213950839462622,0.9877860491605186,0.1562000945643946,0.8437999054356065,0.3556351470151498,0.6443648529848491,0.39539984666097416,0.6046001533390247,1.0,0.997,0.99,0.93
-27.942624970565443,-26.912383809581858,2.5137475,1.3854726119668708,3.9160993872209935,-0.49143437,-0.4776727,-0.76395357,-0.9720731,1.3174822,OTHER,spp,3FGL J1951.6+2926,LogParabola,1738.2528,,1,0.16189957458346033,0.8381004254165414,0.22580767333201152,0.7741923266679884,0.37946744661649967,0.6205325533835007,0.5823728021607809,0.41762719783921826,1.0,0.985,0.992,0.07
-28.43203203246842,-26.410689322540687,2.3986793,1.3479483949635809,3.433809682251405,-0.5011937,-0.61495036,-0.8513528,-0.78597254,0.7972686,OTHER,spp,3FGL J2014.4+3606,PowerLaw,1692.8959,,16,0.16305191578428832,0.8369480842156988,0.17521002151553927,0.8247899784844601,0.1524103628092791,0.8475896371907211,0.5767404125645704,0.4232595874354297,1.0,0.987,1.0,0.121
-24.209680287385034,-26.277906634369113,2.562829,2.3534839223453146,3.674602221233156,-0.46584436,-0.76679826,-0.8494037,-0.9999422,0.9626168,OTHER,spp,3FGL J2022.2+3840,LogParabola,643.3309,,2564,0.000839087530438376,0.9991609124695351,0.03123900722719538,0.9687609927728041,0.012913456315653571,0.9870865436843467,0.340317985742658,0.6596820142573425,1.0,0.997,1.0,0.99
-23.57830935810402,-26.26243830479309,1.9965986,2.454565199400188,4.069920623989846,-0.24734509,-0.65545636,-0.77425444,-0.8988203,4.6703305,OTHER,SNR,3FGL J2045.2+5026e,LogParabola,598.8035,HB21,0,0.0004631267405260653,0.9995368732594662,0.03589167314191509,0.9641083268580853,0.02221438482403127,0.9777856151759685,0.19890046541520826,0.8010995345847912,1.0,0.997,1.0,1.0
-23.538952355931727,-26.542030427501622,1.8640456,2.211031694990905,3.9936007422740283,-0.26554483,-0.6069472,-0.6664709,-0.8682126,-8.562567,OTHER,SNR,3FGL J2051.0+3040e,LogParabola,497.43094,Cygnus Loop,0,0.0017391779280985702,0.9982608220718923,0.04575032006361134,0.9542496799363878,0.060312020496439786,0.9396879795035612,0.07615206290353606,0.9238479370964633,1.0,0.997,1.0,1.0
-26.374770939413057,-27.11170775177949,2.5461597,1.6056680935723369,5.6574088067413975,0.078134574,-0.6151808,-0.95741457,-0.80430865,-0.501168,OTHER,NOV,3FGL J2102.3+4547,LogParabola,938.1276,V407 Cyg,4,0.9994136006430103,0.0005863993570110324,0.897043152422125,0.10295684757787506,0.9711491713654585,0.028850828634541883,0.8485427937398385,0.15145720626016004,0.0,0.0,0.0,0.0
-32.852585182355604,-26.945517319178826,1.946949,-1.1753534080812003,3.578040358245815,0.8053086,-0.9257947,-0.2925134,-0.15559933,2.75267,OTHER,spp,3FGL J2225.8+6045,PowerLaw,10194.455,,256,0.9990444717682276,0.0009555282317844722,0.9891248807131275,0.010875119286873828,0.9999405081677586,5.949183224076897e-05,0.9895305462753404,0.010469453724658708,0.0,0.0,0.0,0.0
-32.946086419667765,-27.227434456677482,1.513586,1.1689221221357544,3.760203894930183,-0.357844,0.9998144,-0.37613666,-0.3596653,-0.98451567,OTHER,snr,3FGL J2301.2+5853,PowerLaw,12251.831,CTB 109,0,0.989911429895438,0.01008857010454878,0.7593508287092772,0.240649171290722,0.8793899330313286,0.12061006696867156,0.949219330545877,0.05078066945412253,0.0,0.009,0.0,0.0
-27.954134593881314,-26.598846238100215,1.6944776,1.9132360728889002,3.690681989641995,0.9999265,-0.21588834,-0.3813773,-0.54975295,-2.1290045,OTHER,snr,3FGL J2323.4+5849,LogParabola,2998.5,Cas A,0,0.07093374983115554,0.9290662501688322,0.09459969477088391,0.9054003052291142,0.3397804959370215,0.6602195040629792,0.4642020753095595,0.5357979246904407,1.0,0.997,0.981,0.699
