Source_Name_3FGL,GLON,GLAT,ln(Energy_Flux100),ln(Unc_Energy_Flux100),ln(Signif_Curve),ln(Variability_Index),500MeV_Index,HR12,HR23,HR34,HR45,Category_4FGL,Category_3FGL,CLASS_3FGL,Flags,ASSOC_FGL
3FGL J0000.2-3738,345.41052,-74.946754,-26.753427924051426,-28.030842998052268,0.40310006230909823,3.8032191870813907,1.866731882095337,0.15227417333511517,0.038811723602553985,-0.3213200255739348,-0.6481892737318573,AGN,UNAS,None,0,3FGL J0000.2-3738
3FGL J0002.0-6722,310.13892,-49.061836,-26.432553755848524,-27.90451112375519,0.31386218817238465,3.8313551023606913,1.946061372756958,0.09151793144612758,-0.5227559458577041,-0.4222493439699922,-0.49795186771472183,AGN,UNAS,None,0,3FGL J0002.0-6722
3FGL J0004.2+0843,103.59949,-52.363342,-26.538472908843623,-27.860310766476555,-0.2352994291649611,3.8140060482343277,2.0504424571990967,-0.7551261770419344,-0.4776703196090242,5.80084168077114E-4,-0.8706377580490783,AGN,UNAS,None,0,3FGL J0004.2+0843
3FGL J0006.2+0135,100.400505,-59.296867,-26.40539274430946,-27.89754942572694,-1.778628108341052,3.8191673912776904,2.1869003772735596,-0.6114317251042083,-0.5631399832009076,-0.6454714127750065,-0.3951725265506454,AGN,UNAS,None,0,3FGL J0006.2+0135
3FGL J0007.9+4006,113.97717,-22.007206,-26.355610947661376,-27.81125328323451,-0.020848937980927476,3.79300492396931,2.275604486465454,-0.23640781773404712,-0.7857580082559009,-0.4598722314558544,-0.5895593077013017,AGN,UNAS,None,0,3FGL J0007.9+4006
3FGL J0008.3+1456,107.67859,-46.658096,-26.043447025783802,-27.81236559416826,0.4497952698105705,3.5392097785596297,2.2695491313934326,-0.49492585804791145,-0.5450800398095748,-0.6665679906146269,-0.6761528719520202,AGN,UNAS,None,0,3FGL J0008.3+1456
3FGL J0014.3-0455,99.59009,-66.09583,-25.756977092622158,-27.448810736173087,0.06123590847495353,3.9960421948830125,2.5040531158447266,-0.5965988060456026,-0.8271707467049291,-0.512704790395914,-0.7306166513081951,AGN,UNAS,None,16,3FGL J0014.3-0455
3FGL J0016.5+1713,111.14098,-44.850296,-26.43181645036967,-27.871782762489993,0.813639428522965,3.968095476418074,2.4381189346313477,-0.5651304706865975,-0.6487431672129087,-0.9146185519314425,-0.33892222501269914,AGN,UNAS,None,0,3FGL J0016.5+1713
3FGL J0020.9+0323,108.19788,-58.60079,-26.541562522967354,-27.72890089945561,0.4327127201500953,3.9966331379873834,1.639902114868164,-0.9988298584244456,0.9996047432273832,-0.20042441311169254,-0.47608342748093824,AGN,UNAS,None,0,3FGL J0020.9+0323
3FGL J0032.3-5522,308.61932,-61.548527,-25.221963495496567,-27.77464221150478,0.31779643354180054,6.235901803402848,2.274585247039795,-0.3680129111065578,-0.6797331303190822,-0.6563712039536023,-0.6243560767805013,AGN,UNAS,None,0,3FGL J0032.3-5522
3FGL J0049.0+4224,122.45456,-20.456451,-26.429257886959668,-27.82127874200839,-0.4755638163191846,3.5725180987362792,1.7653671503067017,0.6103714599423058,-0.7441126672416805,-0.21849052193571153,-0.2857654268078691,AGN,UNAS,None,0,3FGL J0049.0+4224
3FGL J0102.1+0943,127.330734,-53.052097,-25.98769374112786,-27.712073612030004,-0.7310816757674657,3.731490374894761,2.065023422241211,-0.3020753274453917,-0.6902051409815396,-0.5073783832090867,-0.29987821906091255,AGN,UNAS,None,256,3FGL J0102.1+0943
3FGL J0112.9-7506,301.0738,-41.94519,-26.434413425360255,-27.97391940421112,-3.0862578821082396,3.6784767361362145,2.1721508502960205,-0.7343473323047949,-0.698580464613628,-0.5521213409043308,-0.4059362319461393,AGN,UNAS,None,0,3FGL J0112.9-7506
3FGL J0127.6+4851,129.05373,-13.57893,-26.120579033737485,-27.673130769127315,-1.783416814119543,4.204564505679566,2.4481723308563232,-0.5518522621228569,-0.7083981567765543,-0.6338109881565702,-0.7665191891288293,AGN,UNAS,None,0,3FGL J0127.6+4851
3FGL J0138.5-4612,279.95227,-68.76349,-26.342062467657062,-27.957480446642087,-0.5641880963143303,3.6933890194102976,2.0609827041625977,-0.29989520611084197,-0.5478038886600485,-0.5488685059004542,-0.5851529309987537,AGN,UNAS,None,0,3FGL J0138.5-4612
3FGL J0158.6+0102,155.5121,-57.513157,-26.191634824855793,-27.770433571175833,0.3455815344829678,3.7890877408475756,2.5585057735443115,-0.7249082688828892,-0.9349736098443433,-0.028509537719664458,-0.2902053765254937,AGN,UNAS,None,0,3FGL J0158.6+0102
3FGL J0200.3-4108,262.05765,-70.08185,-26.43688569739518,-27.920167937530447,-0.6872598703005195,3.8462885383123977,1.8781707286834717,-0.9888026564481267,0.8269761349571996,-0.47471885160480776,-0.6231220575817921,AGN,UNAS,None,0,3FGL J0200.3-4108
3FGL J0216.0+0300,160.32379,-53.597607,-26.653053154491076,-27.893684452068488,-0.8398752926939451,3.6270176046538483,2.013767719268799,-0.8230451519042479,-0.5049686021907196,-0.3758665293178283,-0.6005503627197641,AGN,UNAS,None,0,3FGL J0216.0+0300
3FGL J0216.4+0507,158.6026,-51.753777,-26.463472725387728,-27.876963793951983,0.15101239547413606,3.9011666345143925,2.24003005027771,-0.5944720849349635,-0.2955960075724205,-0.8909999889551924,-0.3864808989040241,AGN,UNAS,None,0,3FGL J0216.4+0507
3FGL J0221.2+2518,147.33334,-33.273746,-26.300095061598235,-27.762214362721487,-0.18511253730700888,3.6385254390208,1.9356745481491089,-0.9621526475639446,0.5226030796009119,-0.364473908158513,-0.6485734538972411,AGN,UNAS,None,0,3FGL J0221.2+2518
3FGL J0224.1-1846,196.45181,-67.122475,-26.07990414826405,-27.88268344400521,-0.21116970915448327,3.720782951590383,2.4003536701202393,-0.5728396901259544,-0.8119210564867583,-0.33077708144904766,-0.7621781041342908,AGN,UNAS,None,0,3FGL J0224.1-1846
3FGL J0224.4+1615,153.12524,-41.091526,-26.303444130609847,-27.66363415391243,-1.0051141377284951,3.9618117582210473,2.261836051940918,-0.6559865188647604,-0.6811092103261182,-0.5994235176491967,-0.4252539113965246,AGN,UNAS,None,0,3FGL J0224.4+1615
3FGL J0228.5+8213,126.32635,19.998413,-26.087056145965363,-27.83606487347969,0.10939129914257455,3.7231011316221223,2.7715609073638916,-0.7704688523534737,-0.6280482147359217,-0.8412599188095348,-0.6271608779045807,AGN,UNAS,None,8,3FGL J0228.5+8213
3FGL J0232.6+0646,162.46416,-48.17772,-25.962092712182343,-27.70930224148723,0.848959108740999,4.006103958807338,2.6659579277038574,-0.7215114827482543,-0.6999667847241238,-0.9194171280701683,-0.8134135739200044,AGN,UNAS,None,1,3FGL J0232.6+0646
3FGL J0234.2-0629,177.42293,-58.034374,-26.554371621238754,-27.852930540364575,-0.19301100082713618,3.562483276912179,1.813387393951416,-0.10529706249234715,-0.7013063211036313,0.031216300762567747,-0.23066909142580183,AGN,UNAS,None,0,3FGL J0234.2-0629
3FGL J0239.0+2555,151.271,-30.96236,-26.57732011856571,-27.79080963933716,-0.4332450856700798,3.2945188676311643,2.0618743896484375,-0.7862897976199766,-0.7684469703283906,-0.3583952575150139,-0.34499400881332465,AGN,UNAS,None,0,3FGL J0239.0+2555
3FGL J0239.4+1326,159.19914,-41.696938,-26.019740721376056,-27.630909128110805,-0.9615283842657463,3.932947645997825,1.9952142238616943,-0.9781881122632585,0.5561850385029156,-0.5433693973325063,-0.5966145737305769,AGN,UNAS,None,0,3FGL J0239.4+1326
3FGL J0248.4+5130,140.78333,-7.2564096,-25.203410395777272,-27.31143442847727,-0.2641414949766511,3.4976884952668383,2.0670924186706543,0.17876947537240653,-0.8210260073284452,-0.11092553010067185,-0.5336930001024264,AGN,UNAS,None,0,3FGL J0248.4+5130
3FGL J0307.3+4916,144.53299,-7.8150034,-24.963182127889795,-27.296183476170206,0.4017659656475082,3.9792314896186314,2.0957446098327637,-0.6200764329704547,-0.4083816186435157,-0.6809797809219945,-0.3874332086890424,AGN,UNAS,None,0,3FGL J0307.3+4916
3FGL J0308.4-2852,224.3672,-59.818363,-26.539910521148823,-27.959915777732782,0.26585207089058926,3.262073437754139,2.5369458198547363,-0.7269831554272049,-0.6922396871474557,-0.41801620224804803,-0.9999154605817256,AGN,UNAS,None,0,3FGL J0308.4-2852
3FGL J0312.7-2222,212.36014,-57.68242,-26.40884133737332,-27.707425682189186,0.8343165431633764,3.5784603806549597,1.6247706413269043,0.9475798104087889,-0.4326039419144951,0.35753905062389507,-0.35570969583009127,AGN,UNAS,None,0,3FGL J0312.7-2222
3FGL J0322.5-3721,240.43991,-56.697277,-25.958207952678876,-27.86828529001321,0.6638696881676223,3.897573253072612,2.1997873783111572,0.38147992872823716,-0.5883437536857863,-0.6834970782602984,-0.799123868971469,AGN,UNAS,None,0,3FGL J0322.5-3721
3FGL J0324.5-1315,199.47653,-51.675007,-26.32172694040515,-27.824799179349604,-3.1811350363292,3.6905785065800667,2.646927833557129,-0.5860673289982686,-0.9408874043037326,0.0034095691978203897,-0.9999531391918498,AGN,UNAS,None,0,3FGL J0324.5-1315
3FGL J0330.6+0437,179.52138,-40.14347,-25.72849612367577,-27.57362213249148,0.8758897952483499,4.121634801316707,2.23633074760437,-0.24783930165526435,-0.6512177070449989,-0.4274547845989954,-0.9999925061218958,AGN,UNAS,None,0,3FGL J0330.6+0437
3FGL J0333.6+0233,182.2145,-40.93062,-26.23388989213325,-27.731117834367385,-1.0506444275785543,3.6462669632759774,2.0710270404815674,-0.45014949261596104,-0.7029995788863624,-0.18033181034032378,-0.7781829409411907,AGN,UNAS,None,0,3FGL J0333.6+0233
3FGL J0340.4-2423,218.53232,-52.02948,-26.610042598874717,-27.93939780886812,0.12538578709521825,3.366244525775056,2.088470220565796,-0.6702143769305563,-0.40921582903462106,-0.6484648103267072,-0.5606198978321724,AGN,UNAS,None,0,3FGL J0340.4-2423
3FGL J0348.4+6039,142.99782,4.8845844,-26.19741163934957,-27.506609030682075,-0.29696686240196796,3.6711786832179376,1.8813974857330322,0.9997723984524943,-0.8709640900213205,-0.3630680049829421,-0.010361715318134509,AGN,UNAS,None,0,3FGL J0348.4+6039
3FGL J0351.0-2816,225.37735,-50.453266,-26.739087676271904,-28.026852080118783,-0.6883369907511578,3.6490844565230387,2.042626142501831,0.8518923914665584,-0.45012160167998844,-0.7242736955972671,-0.22998269799277604,AGN,UNAS,None,16,3FGL J0351.0-2816
3FGL J0359.7+7649,133.0238,17.812963,-26.645649228817852,-27.99369337133034,-0.4524117796455535,3.9927033740856297,2.1660029888153076,-0.9116381172904889,0.04689159854660702,-0.6257591788406216,-0.76681166829007,AGN,UNAS,None,0,3FGL J0359.7+7649
3FGL J0401.0-5359,264.13782,-46.30611,-26.854412670759125,-28.012608294102108,0.5888070127894023,3.377864375241566,2.223421096801758,-0.6006905708828294,-0.770119093641734,-0.7046313106922676,0.2861506282750405,AGN,UNAS,None,0,3FGL J0401.0-5359
3FGL J0414.9-0840,201.84969,-38.605083,-26.20686784219763,-27.809151683973823,-0.7026084974035363,3.9815698921215,2.40366268157959,-0.6771169478495545,-0.6792278126771268,-0.5619579084149878,-0.9999683912855907,AGN,UNAS,None,0,3FGL J0414.9-0840
3FGL J0415.7-4351,249.10869,-45.978413,-25.99471908137927,-27.97163608629137,0.4292881189625412,3.666303780382667,2.483173370361328,-0.5123437508784879,-0.7360290314980212,-0.9118738359285551,-0.07509973173809711,AGN,UNAS,None,0,3FGL J0415.7-4351
3FGL J0418.2+3412,164.4212,-11.517148,-25.996974404595687,-27.52133788992922,0.17916612053290942,3.7409552991700497,2.372267723083496,-0.5696394079899483,-0.8708726530619345,-0.04619388559223384,-0.9999970147593309,AGN,UNAS,None,0,3FGL J0418.2+3412
3FGL J0420.4-6013,271.15588,-41.781445,-26.498410021737644,-27.898181222585595,-2.805610432027831,3.7002675150000464,1.845286250114441,-0.8832749040379735,-0.16006380523503705,-0.47349210490536947,-0.31903834158775124,AGN,UNAS,None,0,3FGL J0420.4-6013
3FGL J0420.6-3742,240.28976,-45.18857,-25.55998954596948,-27.637093160360354,0.2986103758978138,3.9870750181808488,2.3351693153381348,-0.6564024803757665,-0.6014162465192239,-0.7352053784906335,-0.5661491520362788,AGN,UNAS,None,0,3FGL J0420.6-3742
3FGL J0425.8+5600,149.768,4.7503834,-25.512223128021382,-27.041567114097564,-2.2495054011081206,3.9449423472935643,2.347608804702759,-0.7495310472336546,-0.8091762838560029,-0.6681181598558436,-0.17983981685861108,OTHER,UNAS,None,4,3FGL J0425.8+5600
3FGL J0427.9-6704,279.135,-38.544476,-25.38780661230584,-27.827803058931107,-0.4527286444615949,3.634054246101704,2.457216262817383,-0.6237681931075112,-0.7329397834724929,-0.6670393881481046,-0.6570265203735045,OTHER,UNAS,None,0,3FGL J0427.9-6704
3FGL J0430.1-3103,231.40211,-42.53188,-26.688161413164135,-28.042083035632363,0.7459867465617149,3.7871227317702627,1.9710824489593506,0.9996557008218733,-0.6423234760233476,-0.21271544962462904,-0.9218972291928482,AGN,UNAS,None,0,3FGL J0430.1-3103
3FGL J0447.1-2540,225.60225,-37.6949,-25.98140273556491,-27.82530137229123,-0.5871266897671656,3.65572487653851,2.5013539791107178,-0.6636749520269694,-0.6978750949264131,-0.7259891484128789,-0.7512389777437518,AGN,UNAS,None,0,3FGL J0447.1-2540
3FGL J0451.6+7231,138.7758,17.546276,-26.275737814248053,-27.834311695179693,0.6875164811363225,3.7312047431693625,2.6509671211242676,-0.8193352929315064,-0.6620560022774307,-0.4717129512863802,-0.8303447294875226,AGN,UNAS,None,0,3FGL J0451.6+7231
3FGL J0451.7+5722,151.11449,8.319546,-25.721691317971032,-27.430582618528746,0.442525458872679,3.3436605231310885,2.4866271018981934,-0.9908980178012876,0.2516081022955624,-0.34145360716382994,-0.5026742847368146,AGN,UNAS,None,520,3FGL J0451.7+5722
3FGL J0506.3-0357,204.0365,-25.115173,-26.076807821536978,-27.4625568574961,1.1215789834720113,3.30657984446339,2.1675987243652344,0.9991386629241098,-0.568905918909092,-0.598216141556187,-0.946843995712991,AGN,UNAS,None,16,3FGL J0506.3-0357
3FGL J0506.9+0321,197.19197,-21.37455,-26.55074578544013,-27.731114838510358,-1.5887274756374337,3.500133496383958,1.8043303489685059,0.2559679575585446,0.0944038601613371,-0.4883493998595838,-0.4554918847971878,AGN,UNAS,None,0,3FGL J0506.9+0321
3FGL J0523.3-2528,228.20206,-29.826363,-24.639590920502165,-27.41323832962211,1.0581930808124507,3.9150831986280323,2.1538543701171875,-0.5790563554292496,-0.5138090062555711,-0.5417423485428504,-0.9592447668827419,OTHER,UNAS,None,512,3FGL J0523.3-2528
3FGL J0524.4+2839,177.7351,-4.045806,-25.325489088360865,-27.210377599360804,-1.1001336916822937,3.974836965451645,2.124197244644165,-0.6446466149842373,-0.5049931276917261,-0.4572184106509819,-0.5303566716462821,AGN,UNAS,None,4,3FGL J0524.4+2839
3FGL J0524.5-6937,280.29965,-32.831596,-26.33980752064143,-27.602636699012663,0.3574575565476332,3.5951323735511727,1.6333856582641602,0.9977180422165867,-0.46273612471072856,-0.5049631084081726,0.22072467717817493,OTHER,UNAS,None,1,3FGL J0524.5-6937
3FGL J0526.4+2247,182.87454,-6.931372,-25.44372214237266,-26.77797800405255,0.45906830937626214,4.038154545121915,2.4045255184173584,-0.8514337358129586,-0.6236008322646718,-0.8097351553568837,-0.1917968550819415,AGN,UNAS,None,0,3FGL J0526.4+2247
3FGL J0533.8-3754,242.7934,-30.88655,-25.943035687684933,-27.77835455136051,-1.5418523725650506,4.050848548665865,2.343245506286621,-0.4330463656779254,-0.7856600214518255,-0.7225287363855886,-0.15184503624003623,AGN,UNAS,None,256,3FGL J0533.8-3754
3FGL J0538.9+1646,189.59848,-7.659905,-26.01947955414925,-27.453642748203638,0.7709893595853136,3.8141281436047634,1.8907150030136108,0.023153052338115508,0.4399203676813526,-0.38119115780525126,-0.5864841278580718,AGN,UNAS,None,0,3FGL J0538.9+1646
3FGL J0540.0+1208,193.73526,-9.836587,-26.042719888727735,-27.414047022723985,-1.4980204989474402,3.879204399028477,2.1070892810821533,-0.08358974759494817,-0.8753028113179652,-0.3324291019313376,-0.2988629311006355,AGN,UNAS,None,0,3FGL J0540.0+1208
3FGL J0557.7-0720,213.4565,-15.24574,-26.176730650072756,-27.43493896958729,-1.0557090454640925,3.498306017995427,2.1480634212493896,-0.8089276008352212,-0.2988866367713004,-0.7461798823513022,-0.172757044340822,AGN,UNAS,None,0,3FGL J0557.7-0720
3FGL J0559.8+3042,180.03539,3.5618856,-26.08659646742579,-27.441078851289074,0.7005455302186319,3.663447296486757,1.7110546827316284,-0.9999953066817263,0.999801934432957,0.0023288091614438395,-0.4839796808641839,AGN,UNAS,None,0,3FGL J0559.8+3042
3FGL J0601.5+2309,186.79189,0.1465086,-25.30700971629902,-26.92899923443541,0.43426675203882037,3.8241905350415313,2.4846689701080322,-0.6780363081264914,-0.665413597280059,-0.7934080864669532,-0.7343855511864937,AGN,UNAS,None,256,3FGL J0601.5+2309
3FGL J0605.0-0000,207.59874,-10.302232,-25.578214719614692,-27.34574931234206,0.22786252864764903,3.9488381551314955,2.0085489749908447,-0.28309637566458956,-0.5725710755266692,-0.47627232740447517,-0.38921242324820665,AGN,UNAS,None,0,3FGL J0605.0-0000
3FGL J0623.1-4143,249.54938,-22.665697,-26.5213369681366,-27.8856537962801,-0.6139750061447152,3.4577963620437173,2.2900795936584473,-0.9178029938819195,0.24280270313850863,-0.6370885777240841,-0.7686549406792701,AGN,UNAS,None,0,3FGL J0623.1-4143
3FGL J0638.4+5704,158.42148,20.810717,-26.057636109921923,-27.929492914909336,0.35770408443043905,4.1225699737441515,2.9271509647369385,-0.8845666490745744,-0.8077782072109592,-0.21123896242128368,-0.8525412852487604,AGN,UNAS,None,1,3FGL J0638.4+5704
3FGL J0644.6+6035,155.04752,22.594389,-25.674838468258635,-27.873067132951245,0.05741648189487748,4.099094514131664,2.276465654373169,-0.8162257518858936,-0.5032566306097491,-0.5160005793528826,-0.4628879915814917,AGN,UNAS,None,0,3FGL J0644.6+6035
3FGL J0647.6+0032,212.02522,-0.59796613,-24.605772524703966,-26.94188136336237,0.8962084138263177,3.8976970924079515,2.457404375076294,-0.4111868807979477,-0.8356414861643424,-0.7212980203119403,-0.5730556333847211,OTHER,UNAS,None,0,3FGL J0647.6+0032
3FGL J0647.8+1751,196.55954,7.268618,-25.556300151635135,-27.202762569421278,1.2423765635500077,3.7167934550537356,2.702812433242798,-0.6101823817556127,-0.8949053358124048,-0.45679447794949535,-0.6524532042513629,AGN,UNAS,None,1,3FGL J0647.8+1751
3FGL J0650.9+6524,150.12836,24.45203,-26.16955311154203,-28.045740898698845,-2.6072739731973242,3.8531116882448604,2.5400683879852295,-0.8324936377297658,-0.6059805749532393,-0.6098149205370507,-0.8838774144739625,AGN,UNAS,None,1,3FGL J0650.9+6524
3FGL J0716.0-4525,256.6907,-14.9429865,-26.497180542473387,-27.756129389297765,-2.7436327729211616,3.6441377758782623,2.258249521255493,-0.8822537063956676,-0.5687212348633901,-0.6657158670291284,-0.4621490012325013,AGN,UNAS,None,0,3FGL J0716.0-4525
3FGL J0721.5-0221,218.4831,5.5968394,-26.31401955784299,-27.614640154941835,-2.0920608136134473,3.70108870508562,2.002668619155884,0.8035768872804164,-0.44035589225446997,-0.5581615111712227,-0.39029433826530663,AGN,UNAS,None,256,3FGL J0721.5-0221
3FGL J0725.8-3532,248.37883,-9.017494,-26.029217825325464,-27.444007176015592,0.25735453832008665,3.572375169179414,2.35854434967041,-0.8115409727663679,-0.69082224917392,-0.6237116009592443,-0.11480575887986005,AGN,UNAS,None,0,3FGL J0725.8-3532
3FGL J0731.8-3010,244.19069,-5.3990955,-26.48490131919466,-27.56194145820552,-0.3528872009494566,3.4720674066161235,1.6692367792129517,-0.9998970361061206,0.9998946320336461,-0.4191134886896623,0.18706682342479275,AGN,UNAS,None,0,3FGL J0731.8-3010
3FGL J0733.3+5904,157.97292,28.310799,-25.983994264864176,-27.975093418844637,0.09890083348544246,4.3099087013189825,2.7803707122802734,-0.814185857740426,-0.8602108173974847,-0.3084678594485318,-0.7515844524722357,AGN,UNAS,None,0,3FGL J0733.3+5904
3FGL J0737.8-8245,295.07507,-25.45458,-26.052413889154828,-27.654834820064032,-1.763022158412651,3.7326305347968303,1.9193196296691895,-0.2203475232968781,-0.7137584951258283,-0.29592031860129986,-0.1673561579639341,AGN,UNAS,None,0,3FGL J0737.8-8245
3FGL J0746.4-0225,221.48625,11.082273,-25.651186289814405,-27.568618330224357,-0.1809777316616963,4.091157331513528,2.0025746822357178,-0.6140233439024987,-0.48423486152282796,-0.5129408432068301,-0.32624270438842307,AGN,UNAS,None,0,3FGL J0746.4-0225
3FGL J0747.5-4927,262.8065,-11.9038315,-25.856746180057595,-27.418586426900646,-0.25375098379946504,3.6801520775779237,2.273484230041504,-0.7231593391506516,-0.7635385323643958,-0.29845383832734385,-0.4633834789453144,AGN,UNAS,None,0,3FGL J0747.5-4927
3FGL J0749.0+4459,174.22607,28.617638,-25.881847305162065,-27.886472316541987,-0.687881764627693,4.323988445247852,2.3717525005340576,-0.716658109037959,-0.5740780173802255,-0.5671577945085893,-0.8519277459530681,AGN,UNAS,None,0,3FGL J0749.0+4459
3FGL J0749.5+1320,207.2346,18.820091,-25.94401304634427,-27.623951044447676,0.8047628990341139,3.841011512681735,2.2493107318878174,-0.9097590800580474,0.03524679460657557,-0.7152654296318703,-0.7625267821196859,AGN,UNAS,None,0,3FGL J0749.5+1320
3FGL J0752.6-1629,234.62473,5.4891796,-25.80204011281273,-27.492756005994227,0.4536061392459225,3.739561098888916,2.1992740631103516,-0.689069843690954,-0.41606474097934315,-0.5758825942476845,-0.7317179594463101,AGN,UNAS,None,1,3FGL J0752.6-1629
3FGL J0802.3-0941,229.91704,10.974437,-25.62491264615767,-27.557115038850284,-1.0448547018545984,3.5802761739974915,2.282055616378784,-0.6490850104227932,-0.5928482262152073,-0.5254673190097823,-0.49755286248127495,AGN,UNAS,None,0,3FGL J0802.3-0941
3FGL J0813.5-0356,226.22044,16.261818,-26.504003157719392,-27.70961417117002,0.68813560199492,3.469690233276106,1.667009711265564,-0.9994345155630443,0.9899114037983795,0.021278003067697556,-0.34821232385333634,AGN,UNAS,None,0,3FGL J0813.5-0356
3FGL J0823.6-4838,265.20532,-6.4258246,-24.961495575932805,-26.952036949403336,1.3285160421805875,4.498429578223003,2.612471342086792,-0.5209255402626027,-0.8708479959930315,-0.7569134786945546,-0.9086073680690313,AGN,UNAS,None,0,3FGL J0823.6-4838
3FGL J0826.3-6400,278.43707,-14.649408,-25.959218433138886,-27.677385063928533,-1.447216420816403,3.565351656399849,2.342020034790039,-0.7688789569982749,-0.5765684247961099,-0.816796467298679,-0.28814059135789155,AGN,UNAS,None,0,3FGL J0826.3-6400
3FGL J0830.8+2629,197.41391,32.552692,-26.179143829193322,-27.789558149219694,-0.2899325722372776,4.028596135181331,2.556795120239258,-0.7006350034277311,-0.7864284986527581,-0.44446285787754547,-0.9999852619696054,AGN,UNAS,None,0,3FGL J0830.8+2629
3FGL J0838.8-2829,250.60503,7.8007984,-25.086252813884812,-27.4460114126322,1.143984614174512,3.759709410218777,2.225034475326538,-0.5157506253581491,-0.5022601927110577,-0.6259216295794384,-0.9462110759133158,OTHER,UNAS,None,0,3FGL J0838.8-2829
3FGL J0843.4+6713,147.7995,35.605545,-25.65020054224971,-27.80692857289761,0.7436713687504989,4.024863699154188,1.9921931028366089,-0.6885765582433113,-0.4480457654268242,-0.290800574178774,-0.8977323249371465,PSR,UNAS,None,0,3FGL J0843.4+6713
3FGL J0848.5+7018,144.01395,35.168575,-26.501958345131875,-28.009420053794504,-2.3840516300984076,3.9989924452998205,2.0133776664733887,0.24455699697691782,-0.667437805437625,-0.34672057595854444,-0.6070125313030804,AGN,UNAS,None,0,3FGL J0848.5+7018
3FGL J0855.4+7142,142.1557,35.225597,-25.695754429470107,-27.745079939272554,0.20443468027803158,4.34361952478186,2.5718791484832764,-0.5890010317331776,-0.7123852720147898,-0.6902800166444242,-0.9999896920244272,AGN,UNAS,None,0,3FGL J0855.4+7142
3FGL J0900.0+6754,146.39307,36.91735,-26.562404827329072,-28.061354076600114,0.2601993378123141,3.832597280894139,2.2386300563812256,-0.42950195498341703,-0.6318236864444325,-0.44979452680579185,-0.9999509340319873,AGN,UNAS,None,256,3FGL J0900.0+6754
3FGL J0919.5-2200,251.39648,19.026884,-26.444341252429147,-27.743496641956988,-0.3160320382427069,3.6249467268225164,2.1976702213287354,-0.9994266485832994,0.9782416229950722,-0.05576232177442163,-0.9999819073752112,AGN,UNAS,None,0,3FGL J0919.5-2200
3FGL J0930.7+5133,165.73724,45.36049,-26.790061694579038,-28.13137232806425,-0.7366424346125606,3.4916155770241297,2.0683469772338867,-0.7665093382060433,-0.31541363463275274,-0.4576568984659924,-0.6505255192199211,AGN,UNAS,None,0,3FGL J0930.7+5133
3FGL J0931.8+6739,145.16565,39.773136,-26.353400815629758,-28.063394958094136,0.07907822469456231,3.784354085866046,2.1661109924316406,0.09924715701423087,-0.688625734664367,-0.47883913007950885,-0.538020331778664,AGN,UNAS,None,0,3FGL J0931.8+6739
3FGL J0935.1-1736,250.49886,24.695732,-26.140003056861616,-27.551961015218893,0.3866197546797399,3.5099536145983894,1.7486419677734375,0.9986122168956176,-0.6666877778435081,-0.23843937131195794,-0.453939302351075,AGN,UNAS,None,0,3FGL J0935.1-1736
3FGL J0935.2+0903,224.67506,40.36692,-25.876860083361848,-27.784481329114556,1.332622763571416,4.210503422631812,2.4023611545562744,-0.1264086145353022,-0.677531900693354,-0.8624397692207081,-0.9999727744409561,OTHER,UNAS,None,0,3FGL J0935.2+0903
3FGL J0936.3-2114,253.62492,22.432587,-26.37721835375154,-27.72641981249052,-1.012956293191614,3.8475298120392987,1.8428966999053955,0.15237336474744456,-0.5016740004470066,-0.37105409870947276,-0.43797270566742486,AGN,UNAS,None,0,3FGL J0936.3-2114
3FGL J0937.8-6407,283.65424,-8.7593565,-25.82467757767749,-27.52115816506904,0.19190948318710394,3.8035821719812755,2.545048713684082,-0.5658351259186597,-0.8527316300072291,-0.6051441364236813,-0.4120250524414972,AGN,UNAS,None,1,3FGL J0937.8-6407
3FGL J0937.9-1435,248.50693,27.203981,-26.296499088544262,-27.725169958978924,0.6019431925976884,3.926855692520354,1.8897830247879028,0.9996615104779492,-0.3996023431786813,-0.418055719748217,-0.7715195934629063,AGN,UNAS,None,0,3FGL J0937.9-1435
3FGL J0946.2+5209,163.97554,47.513985,-26.18747693885198,-28.062517078041967,0.646773004017464,3.976885389597991,2.7351112365722656,-0.7245862837322423,-0.7258989230645956,-0.9981149336858353,-0.9985059059315889,AGN,UNAS,None,0,3FGL J0946.2+5209
3FGL J0952.8+0711,229.72258,43.266056,-26.449292219090513,-27.707330308352635,0.3224774134596689,3.676919427141742,1.6993800401687622,0.9991931653704899,-0.03194543798328459,-0.3606983226225816,-0.42956698665530235,AGN,UNAS,None,0,3FGL J0952.8+0711
3FGL J1008.6-5706,282.19778,-0.94378966,-24.14872476173122,-26.159298286152726,0.4279073258204336,3.702983641426671,2.509049415588379,-0.6555506880989369,-0.7023437771034364,-0.8612066540537527,-0.5483947492712471,OTHER,UNAS,None,4,3FGL J1008.6-5706
3FGL J1013.4-4008,272.95767,13.3537445,-26.240870756708546,-27.66546704437323,-0.503352432808539,3.7749733809940915,2.251354455947876,-0.6031709174111213,-0.7645492305399489,-0.41372757516672376,-0.45028903739418297,AGN,UNAS,None,256,3FGL J1013.4-4008
3FGL J1016.9-2653,265.2437,24.449688,-26.117385493285855,-27.7551772968501,0.655381744951536,3.784264017748395,2.605057954788208,-0.6439094994574138,-0.6906801617513807,-0.8160029087258379,-0.9999873568522542,AGN,UNAS,None,0,3FGL J1016.9-2653
3FGL J1024.4-4545,277.8586,9.841026,-26.39444744859418,-27.679232661038323,-0.391215746245815,3.6577297053625037,1.9641941785812378,-0.6384791393577196,-0.7787782146271861,-0.3713409809454143,-0.028759626750874824,OTHER,UNAS,None,0,3FGL J1024.4-4545
3FGL J1027.8+8253,127.878975,32.79398,-26.47516017169625,-28.10767982055924,0.30831672537060223,3.7327617939557225,2.073071241378784,-0.6167957728610689,-0.3979271869280469,-0.6845822403987468,-0.42559603097813836,AGN,UNAS,None,0,3FGL J1027.8+8253
3FGL J1033.4-5035,281.7245,6.509114,-25.33159552079614,-27.371245407900265,-0.36436827381160314,3.840819746055478,2.0194091796875,-0.7226199448567925,-0.333053303884775,-0.41091321677183107,-0.5318664184143456,AGN,UNAS,None,0,3FGL J1033.4-5035
3FGL J1038.0-2425,267.94333,29.232199,-26.196195349725834,-27.780504709482774,-1.2783363969212247,4.078931680866432,2.396660327911377,-0.728465019357198,-0.6069864264335868,-0.7803700380139518,-0.3792961505345106,AGN,UNAS,None,0,3FGL J1038.0-2425
3FGL J1039.5+7324,134.73512,40.555935,-26.39958203874826,-27.91364238737317,-1.4938137943303391,4.133422421876941,2.0938541889190674,-0.6941554305768627,-0.3847488882243537,-0.5513584201576446,-0.6187810629488244,AGN,UNAS,None,0,3FGL J1039.5+7324
3FGL J1045.3-6414,289.753,-4.6471233,-25.225586177131714,-27.035075633401508,1.288293013779374,3.8483599147915344,2.4894845485687256,0.9537424158282066,-0.7565238919377885,-0.8027619889408096,-0.9102399425703004,OTHER,UNAS,None,17,3FGL J1045.3-6414
3FGL J1045.5-2335,269.06287,30.877872,-26.403490909156524,-27.775965646542733,-0.2704780156588862,3.7451651295421224,2.3675408363342285,-0.5541231740168892,-0.6481334172737767,-0.7432802247997191,-0.6841218798945738,AGN,UNAS,None,0,3FGL J1045.5-2335
3FGL J1047.8-3737,277.45132,19.057636,-26.138190055347884,-27.679014122421446,-0.3572142729671282,3.839878155419127,1.8951390981674194,0.10581593933408202,-0.41578512044986043,-0.21618707237163082,-0.731583104628477,AGN,UNAS,None,0,3FGL J1047.8-3737
3FGL J1049.7+1548,228.51439,59.610462,-26.0695063468616,-27.823114628205325,0.09989573171942255,4.067155738109613,2.152986526489258,-0.1817822137558012,-0.6246748922224886,-0.40554912921252817,-0.9144903859236798,AGN,UNAS,None,0,3FGL J1049.7+1548
3FGL J1050.4+0435,245.55042,53.412853,-24.91466636348021,-27.55254512677044,1.0092038850817944,5.916933147825401,2.470104455947876,-0.6531359199103126,-0.6696544692745721,-0.7831719119477484,-0.7784791081600314,AGN,UNAS,None,0,3FGL J1050.4+0435
3FGL J1052.0+0816,241.05853,56.058167,-26.48303652706263,-27.887231060326428,-0.04350975942637409,3.600273407266074,2.2235260009765625,-0.3891170021197682,-0.7700286243693052,-0.6717869983055564,-0.08111204723348507,AGN,UNAS,None,0,3FGL J1052.0+0816
3FGL J1103.3+5239,153.78758,57.50103,-26.255685420153863,-28.070415260872355,-0.122710362642911,4.1770520090283965,2.618117094039917,-0.5179475262805885,-0.8179979005608006,-0.6664761321290774,-0.999825413107533,AGN,UNAS,None,0,3FGL J1103.3+5239
3FGL J1115.0-0701,265.10992,48.63636,-25.695822183728318,-27.64704958447174,-2.8687856399896843,4.464618182451281,2.1085550785064697,-0.582751830773311,-0.6497274451329282,-0.4263126053872322,-0.5829628447923153,AGN,UNAS,None,0,3FGL J1115.0-0701
3FGL J1117.2-5338,289.13583,6.6805735,-25.374142189627246,-27.38001032639201,0.24704909619735296,4.207270193501997,2.002666473388672,-0.6623755114432194,-0.43912058679901256,-0.3097437059634421,-0.5739548659024465,AGN,UNAS,None,4,3FGL J1117.2-5338
3FGL J1117.7+0217,256.86435,56.531345,-26.190098933923252,-27.791573226797176,0.37250958124092237,4.014583133014835,2.15327525138855,-0.14306173230024366,-0.6515233007893216,-0.6412320480913608,-0.49989355218574094,AGN,UNAS,None,0,3FGL J1117.7+0217
3FGL J1123.3-2529,279.06012,33.262474,-26.094306954752334,-27.78392208927945,-0.05405102880621044,3.8026634833418376,2.287562370300293,0.8490063360961918,-0.7452895807467409,-0.38760436452103764,-0.7959546534391646,AGN,UNAS,None,0,3FGL J1123.3-2529
3FGL J1125.1-5803,291.70667,2.9155421,-26.04422499630983,-27.223331897123497,0.6705578260625736,3.633244557530555,1.8770670890808105,-0.9976704406089724,0.632327738857522,0.02506119294583534,-0.4518025716547496,AGN,UNAS,None,0,3FGL J1125.1-5803
3FGL J1129.0+3758,175.6628,69.59608,-25.501063264699802,-27.484564373691978,0.944145190576881,3.8011106245790476,2.2883708477020264,-0.09225129963034154,-0.6406026783753854,-0.5617936970519364,-0.889376990688213,AGN,UNAS,None,0,3FGL J1129.0+3758
3FGL J1130.7-7800,298.66125,-15.812871,-25.907177622124998,-27.51466345216207,0.8561008552678195,3.8425270668375204,1.740262508392334,-0.9904492618808212,0.6707402468482938,-0.04219475126197726,-0.29646512997111557,AGN,UNAS,None,0,3FGL J1130.7-7800
3FGL J1132.0-4736,289.3345,13.162734,-26.12509539794624,-27.70334107406231,-0.6223347495284817,3.461744629448992,2.1137707233428955,-0.9998312853634312,0.9957710834283647,-0.5210746263887533,-0.6938106231472982,AGN,UNAS,None,1,3FGL J1132.0-4736
3FGL J1149.1+2815,204.66978,76.18191,-26.292148441948868,-27.809132314921044,-0.24214343559480764,3.832385965734885,2.5828683376312256,-0.8439647559640501,-0.6092054285118631,-0.4836622222881815,-0.6463472320187631,AGN,UNAS,None,0,3FGL J1149.1+2815
3FGL J1150.7-4816,292.6232,13.370589,-26.347465235115884,-27.736820327714096,-0.14104637975912387,3.4969865958071473,2.3295881748199463,0.45270771404712706,-0.6569621824137352,-0.9018211362018765,-0.09979915355201616,AGN,UNAS,None,0,3FGL J1150.7-4816
3FGL J1151.5+0957,260.64807,67.7741,-26.48769377735309,-27.885943000188387,-1.4173463201068428,3.7625706041690044,2.221489429473877,-0.4977767270431319,-0.692555787338802,-0.4473864183404644,-0.7503094784859478,AGN,UNAS,None,0,3FGL J1151.5+0957
3FGL J1151.8-6108,295.8008,0.8997268,-25.03880868568387,-26.82138666573839,0.8235445724915215,3.8676329176743534,2.4333627223968506,-0.4257508117371484,-0.06099802049235512,-0.848115060638613,-0.932233611675554,PSR,UNAS,None,517,3FGL J1151.8-6108
3FGL J1200.4+0202,274.81683,62.0972,-25.88921304052145,-27.722385508007935,0.48497978098194827,4.021621324553269,2.035517692565918,-0.7272655277788749,-0.33533827709321523,-0.318552261714635,-0.741719554706702,AGN,UNAS,None,0,3FGL J1200.4+0202
3FGL J1200.9-1432,285.0212,46.56981,-26.30780123363942,-27.71358722762043,0.15208346505759035,3.9961779877222674,2.2530088424682617,-0.9236928729371796,-0.441968610713654,-0.24120506912196016,-0.5730966860935209,AGN,UNAS,None,0,3FGL J1200.9-1432
3FGL J1205.9+3315,178.2323,78.42608,-26.34020685836746,-27.90958848134429,0.6484088682474283,3.749401118683075,2.7144649028778076,-0.9366249220258398,-0.4835679820396297,-0.6253459322892745,-0.31235360769648135,AGN,UNAS,None,0,3FGL J1205.9+3315
3FGL J1209.9+7607,126.20193,40.739056,-26.28939400020268,-28.11373940349157,-0.3000802442493672,3.7200466533297236,2.397963285446167,-0.6745743196659985,-0.7521874667173101,-0.27452734219068364,-0.9138750190994968,AGN,UNAS,None,0,3FGL J1209.9+7607
3FGL J1215.9-1926,291.53424,42.649998,-26.176882398676867,-27.730146448839026,-2.7974040578930994,3.503434356539115,2.4142911434173584,-0.8085281182845749,-0.6232493128049751,-0.42970747637538387,-0.9134815309723237,AGN,UNAS,None,0,3FGL J1215.9-1926
3FGL J1220.1-3715,296.06598,25.2004,-26.078180009272348,-27.741986653684517,-0.23646333830710425,3.736763944292881,2.04681396484375,0.4759140856413254,-0.5536652247733336,-0.5781351379168628,-0.2294161173973815,AGN,UNAS,None,0,3FGL J1220.1-3715
3FGL J1220.3+6055,129.64096,55.79293,-26.771589826178534,-28.12744953400855,0.10989916726332614,3.9028677594122185,2.5170960426330566,-0.6597871222117866,-0.807828993075042,-0.8894136004596442,0.5717278106249435,AGN,UNAS,None,0,3FGL J1220.3+6055
3FGL J1221.5-0632,289.71317,55.55176,-25.383482284817273,-27.569538356866893,0.7176262170787437,3.9615904117607017,2.2497928142547607,-0.4558769081547211,-0.49880469388362186,-0.5619358398216965,-0.9626015286911563,PSR,UNAS,None,0,3FGL J1221.5-0632
3FGL J1222.7+7952,124.51282,37.173252,-26.75859805848191,-28.004475286282815,-0.7525014474369156,3.8462244948736504,1.737262487411499,0.9978901348157021,-0.4398581104193422,-0.49139232499936175,-0.11265417819313175,AGN,UNAS,None,0,3FGL J1222.7+7952
3FGL J1223.2+1215,277.57047,73.72789,-26.335930908532852,-27.82998838322156,0.5906881514578074,3.670978212465342,2.213142156600952,-0.8662469220552407,-0.025507837568691037,-0.6130098485430402,-0.8254535059284659,AGN,UNAS,None,0,3FGL J1223.2+1215
3FGL J1223.3+0818,282.182,70.04557,-26.227664796908734,-27.793197589467596,0.5411057592890886,3.695785237890264,1.9848448038101196,-0.6628936291072391,-0.16138620679596472,-0.23807020906420984,-0.8739264667799381,AGN,UNAS,None,0,3FGL J1223.3+0818
3FGL J1225.4-3448,296.9003,27.759865,-26.730114553831704,-27.879167993287226,-1.2934448466586834,3.524079878469234,1.7596994638442993,-0.3468146323285895,-0.19687962106965373,-0.4859422105315137,0.1073890500507265,AGN,UNAS,None,0,3FGL J1225.4-3448
3FGL J1228.4-0317,291.71353,59.07458,-26.089551815816325,-27.683793949197668,-6.159318768574355,3.943172196987055,2.271963357925415,-0.2229206052524063,-0.5346192764690801,-0.4897545927115875,-0.6861033127631293,AGN,UNAS,None,0,3FGL J1228.4-0317
3FGL J1232.5-3720,298.77805,25.377394,-26.26971265585077,-27.762504292336764,-0.2177023066999128,4.034229835411524,1.9247106313705444,-0.8982353158306955,-0.23000268379074512,-0.39372695242662176,-0.3205922789653524,AGN,UNAS,None,0,3FGL J1232.5-3720
3FGL J1234.7-0437,295.0873,57.996407,-26.54012268115147,-27.701478449606498,0.3921482557326515,3.8643974536668613,1.6491081714630127,-0.9947817735830332,0.6833329992113973,-0.905019212673512,0.7612817751224916,AGN,UNAS,None,512,3FGL J1234.7-0437
3FGL J1239.1-1158,298.1939,50.781433,-25.679061552581427,-27.61381303923293,1.066453159563654,3.908514584551278,3.0667128562927246,-0.8404233014066502,-0.8716208234702906,-0.4809180049628415,-0.6579625654121772,AGN,UNAS,None,0,3FGL J1239.1-1158
3FGL J1240.3-7149,302.05402,-8.97308,-25.307706458108196,-27.313725237693912,-1.262893463165315,4.249966414506107,1.9647562503814697,-0.7250824382350293,-0.6245277069273383,-0.4292809959476294,-0.29574668253391495,AGN,UNAS,None,0,3FGL J1240.3-7149
3FGL J1249.1-2808,302.3248,34.72543,-25.86410856619553,-27.66769315801608,-0.7370601241566249,3.908716611489222,2.0666720867156982,-0.7768265890843358,-0.4869154685941288,-0.45962667443132943,-0.4775119825876991,AGN,UNAS,None,0,3FGL J1249.1-2808
3FGL J1249.5-0546,302.0575,57.089054,-25.952455019380103,-27.427028551229668,-0.5079840001861807,3.962599757454958,2.4129111766815186,0.9772205101258166,-0.9067394203866775,-0.1309129098436177,-0.7702511747344162,AGN,UNAS,None,0,3FGL J1249.5-0546
3FGL J1256.1-5703,303.5803,5.815334,-25.21751436156841,-27.10084344998542,1.1860140594720805,3.9332998609836305,2.692498207092285,-0.6917175823587736,-0.755580081652182,-0.8744236286306274,-0.8785625196020049,OTHER,UNAS,None,0,3FGL J1256.1-5703
3FGL J1259.5-3231,304.91248,30.32182,-25.54896940993216,-27.439804458487178,-3.299476021451219,4.120455545969162,2.714160680770874,-0.8064412491690788,-0.728480497740078,-0.7297829440708427,-0.9998826042462824,AGN,UNAS,None,0,3FGL J1259.5-3231
3FGL J1301.5+3333,104.78095,83.20579,-25.99576664995458,-27.836757669899452,0.9986343686822006,4.142459963432439,2.3971707820892334,-0.3801632139914247,-0.5406376819812049,-0.7719069882808707,-0.9999715974318741,AGN,UNAS,None,0,3FGL J1301.5+3333
3FGL J1304.6+1200,315.18924,74.56194,-26.108101547811565,-27.74589359912534,0.8169165955347909,3.9635537403439454,2.3732213973999023,-0.35508302553680965,-0.5676526584705588,-0.9447871964916358,-0.8987250765928609,PSR,UNAS,None,0,3FGL J1304.6+1200
3FGL J1306.8-4031,306.1055,22.243616,-24.943030849118756,-27.499691236118263,-1.1478072055734214,3.77914229740734,2.540673017501831,-0.7075433917556805,-0.6856452037228239,-0.6937042546319352,-0.9150426543533188,PSR,UNAS,None,0,3FGL J1306.8-4031
3FGL J1315.7-0732,313.448,54.825226,-25.40043460656992,-27.509005318849095,-1.6368272522400715,4.283317234276515,2.019185781478882,-0.2255767720868482,-0.487078688301801,-0.6753340218226581,-0.17226304010572935,AGN,UNAS,None,0,3FGL J1315.7-0732
3FGL J1329.1-0536,319.91037,56.013855,-25.77626247136588,-27.250776824549916,-0.33674603823490734,3.92453677258975,2.351588249206543,-0.517743136985908,-0.6152882579861745,-0.5273749893669737,-0.7329938942184726,AGN,UNAS,None,256,3FGL J1329.1-0536
3FGL J1330.4+5641,112.32876,59.629963,-26.39297746490588,-27.968848659913682,-0.04749411759902243,3.913824665155535,2.9955639839172363,-0.6616215525605406,-0.9376936954297599,-0.06784408849727519,-0.6290822801223918,AGN,UNAS,None,257,3FGL J1330.4+5641
3FGL J1335.1-5655,308.8954,5.4412484,-25.07243118753725,-26.99330733285085,0.5545741028241151,4.192567121979605,2.337999105453491,-0.49894515414835544,-0.6829702235276233,-0.45387696641289843,-0.9363459458094713,PSR,UNAS,None,0,3FGL J1335.1-5655
3FGL J1348.5-7150,307.4035,-9.465131,-25.736539462178886,-27.351803848641236,0.4185367479301735,4.062645872107694,2.637740135192871,-0.7606272796648709,-0.837086650299732,-0.23920230669593306,-0.7161697600122421,AGN,UNAS,None,0,3FGL J1348.5-7150
3FGL J1403.1+1304,356.53198,68.118645,-26.499038855790488,-27.933934255992618,0.8120506853970635,3.8461571063182634,2.2657086849212646,-0.6502785321683574,-0.4250927296602364,-0.7651472394180806,-0.9999488035022772,PSR,UNAS,None,0,3FGL J1403.1+1304
3FGL J1411.4-0724,335.07053,50.39902,-26.50596367129033,-27.700731394213022,-0.7097723333603221,3.6178127124308124,1.8979145288467407,0.05470661322567505,0.5501157158611147,-0.582382895821202,-0.2684072919400158,AGN,UNAS,None,0,3FGL J1411.4-0724
3FGL J1417.5-4402,318.86398,16.150196,-25.114616353302733,-27.40851788653511,0.3841058270448792,4.006981408278322,2.3688080310821533,-0.6427328754831881,-0.5944759155051361,-0.5776117467212585,-0.9639237828129406,PSR,UNAS,None,0,3FGL J1417.5-4402
3FGL J1420.9-4615,318.6683,13.863179,-25.573623756064446,-27.411145570643235,0.25243327009113176,3.7195675096174825,2.700998544692993,-0.8479876015591244,-0.6908049313703679,-0.63131581024153,-0.8375098196193806,AGN,UNAS,None,1,3FGL J1420.9-4615
3FGL J1421.8-7920,307.19888,-17.232687,-26.19012110793525,-27.65945735805292,1.0374153630989738,3.7738185843804732,2.143589496612549,0.9415134915972896,-0.6458534489779661,-0.6793910650848725,-0.8139243357408523,AGN,UNAS,None,0,3FGL J1421.8-7920
3FGL J1424.3-1753,332.1201,39.660583,-25.89200038238625,-27.64195402210586,-0.412974510212161,3.8991454926385805,2.1735172271728516,-0.7925409853282636,-0.4923412041014779,-0.48088107634855126,-0.5517548105410358,AGN,UNAS,None,0,3FGL J1424.3-1753
3FGL J1427.2+1610,11.59096,65.25621,-26.070352767693777,-27.7726937219582,-2.073163818742146,3.9039988784028377,3.0104050636291504,-0.818317436010843,-0.7660666968252854,-0.7040296989569598,-0.9999322615024727,AGN,UNAS,None,0,3FGL J1427.2+1610
3FGL J1438.6-4209,323.33093,16.423964,-26.04090758355386,-27.402281425799913,0.6261027629872078,3.5210834651407783,2.321152448654175,-0.9065000653450487,-0.627653697452807,-0.3957438821327252,-0.29153927991815376,AGN,UNAS,None,0,3FGL J1438.6-4209
3FGL J1502.2+5553,92.78505,52.89887,-25.488963310110226,-27.931022881085536,-3.2472652895696346,4.6319298270324465,2.5833189487457275,-0.6632533574660499,-0.7787184480970156,-0.533667957173101,-0.876991005980703,AGN,UNAS,None,0,3FGL J1502.2+5553
3FGL J1512.8-5639,321.47095,1.0294861,-24.56511566619227,-26.47330144866458,0.004329000018312382,4.336443569156235,2.462413787841797,-0.6317637122903317,-0.7621021274687702,-0.7400830953411279,-0.5745433650416522,AGN,UNAS,None,25,3FGL J1512.8-5639
3FGL J1513.3-3719,331.86316,17.457664,-26.557542771749333,-27.684537374967885,0.01759140450412219,3.3841104581858534,1.6849688291549683,-0.9886582479944072,0.17625052689963627,0.31634723961945116,-0.5095005808981353,AGN,UNAS,None,0,3FGL J1513.3-3719
3FGL J1517.0+2637,40.537052,57.649296,-26.838237524994145,-28.01047258678055,-1.284322118932131,3.3462160450137817,2.0013506412506104,0.9999427206277895,-0.8749261964994647,0.19581259840657528,-0.6347046381642358,AGN,UNAS,None,0,3FGL J1517.0+2637
3FGL J1525.8-0834,354.76004,38.289295,-26.661523535087387,-27.696664026310994,0.05156327890021331,3.7537853108059362,1.6438883543014526,-0.9999831554076877,0.9953037242636972,0.4973348244354714,-0.4300782209417441,AGN,UNAS,None,0,3FGL J1525.8-0834
3FGL J1528.1-2904,339.61026,22.425936,-26.534743673763185,-27.630583631637744,-0.8509586653830741,3.698432788812534,1.6967689990997314,-0.8689711723363779,-0.4659358201464515,-0.0557683968239761,-0.7531884805400388,AGN,UNAS,None,0,3FGL J1528.1-2904
3FGL J1528.7-2247,344.01828,27.271341,-26.115630057934798,-27.602909791523523,0.7736547330854003,3.732204508432996,2.2422311305999756,-0.39811022744030505,-0.568028794536429,-0.5812014452311751,-0.9999727444687858,AGN,UNAS,None,0,3FGL J1528.7-2247
3FGL J1529.5+6733,103.487366,43.113842,-26.768641814376313,-28.200958717692465,-0.8447377233785425,3.90396226923896,2.2368366718292236,-0.3249591428706471,-0.7322892212412797,-0.5773298886585103,-0.5261181614417743,AGN,UNAS,None,0,3FGL J1529.5+6733
3FGL J1541.6+1414,23.67627,48.391552,-26.398321596194442,-27.687193727488424,-0.4952111105337873,3.642485460869455,1.975111722946167,-0.9882937030122507,0.9209649048922312,-0.6044297481789538,-0.4809814980203785,AGN,UNAS,None,0,3FGL J1541.6+1414
3FGL J1544.6-1125,356.21112,32.984398,-25.025044930089557,-27.292108134602948,1.3146313694946703,3.8601519588532143,2.412781238555908,-0.13607068397612945,-0.7191012323500309,-0.6886007187916794,-0.9999852889670734,OTHER,UNAS,None,0,3FGL J1544.6-1125
3FGL J1545.0-6641,318.92996,-9.378066,-26.153540821749306,-27.615023773045547,0.26614508419738103,3.9979425988439266,1.6718508005142212,-0.8698873786819953,-0.6604576395243182,-0.05118700596641585,-0.08344065600541965,OTHER,UNAS,None,0,3FGL J1545.0-6641
3FGL J1548.4+1455,25.632502,47.174854,-24.959639935224132,-27.403199310959415,0.4405648136411943,4.211069887187835,2.112147092819214,-0.24019394167674296,-0.5331542173044885,-0.6028592827439825,-0.45828137280557546,AGN,UNAS,None,0,3FGL J1548.4+1455
3FGL J1549.9-3044,342.3678,18.141542,-26.39927664926704,-27.51844872309284,0.8084099786714949,3.562710181045399,1.4396121501922607,-0.9551303347973094,0.9989415876245469,0.10891592380615024,-0.03470682114359084,AGN,UNAS,None,0,3FGL J1549.9-3044
3FGL J1553.1+5437,85.58126,47.169643,-26.12126387134619,-28.072164497059138,-0.6673139729232861,4.029878941530526,2.255077362060547,-0.4697215492388143,-0.5614494061739052,-0.6277301043622496,-0.8019788167563282,PSR,UNAS,None,0,3FGL J1553.1+5437
3FGL J1602.8-1924,353.05643,24.310184,-25.868640835562147,-27.398098075379384,-0.699681602211017,3.8030244578953494,2.3129682540893555,-0.6247677616709468,-0.7277001302374281,-0.5647045204541269,-0.6443905864495583,AGN,UNAS,None,0,3FGL J1602.8-1924
3FGL J1613.4-4222,337.93637,6.363813,-25.440470124999553,-26.951297916432168,-1.7407987495493833,3.7985908235546204,2.434790849685669,-0.5678954154087722,-0.9087026546545484,-0.43128476985784686,-0.6799300773863992,AGN,UNAS,None,8,3FGL J1613.4-4222
3FGL J1619.1+7538,109.09085,35.29636,-26.830501640734422,-28.145917832083743,0.5860566080269486,3.8901681822650285,1.712669849395752,-0.9987625742641882,0.9652740750064243,-0.5042027198791345,0.14415738272288117,AGN,UNAS,None,0,3FGL J1619.1+7538
3FGL J1624.2-3957,341.1021,6.6470885,-25.059089745502334,-26.702156010966483,-0.05215487099085539,3.4803242601236644,2.5197935104370117,-0.7229441415495679,-0.6288172853483375,-0.6899716877086202,-0.9999854494606687,PSR,UNAS,None,16,3FGL J1624.2-3957
3FGL J1626.2-2428c,352.99612,16.892061,-24.34782170757065,-26.363831435759607,1.3519860504036614,3.847334407925514,2.275369882583618,0.9996221350874221,-0.7211002376224901,-0.6148230572173558,-0.7444300470983285,OTHER,UNAS,None,32,3FGL J1626.2-2428c
3FGL J1627.8+3217,52.95829,43.20977,-25.77712652032456,-27.81555466033546,1.336758160320054,3.4973403213890992,2.1392769813537598,0.9960474040923484,-0.5014513390431009,-0.5876629924368947,-0.8792591107922206,PSR,UNAS,None,4,3FGL J1627.8+3217
3FGL J1628.1-3344,346.19604,10.367889,-25.788395959478294,-27.214964996089744,0.11050305993356722,3.60640330133399,2.116596221923828,-0.8737335127862682,-0.6063846051294413,-0.5050865921482292,-0.30937400153115635,AGN,UNAS,None,1,3FGL J1628.1-3344
3FGL J1628.1+0254,17.64666,32.90811,-26.297496844988963,-27.70338128519055,0.7056731158923761,4.028617726811764,2.1223504543304443,-0.10295156074548466,-0.03313446784949985,-0.8222747635894396,-0.36536851750321797,AGN,UNAS,None,0,3FGL J1628.1+0254
3FGL J1630.3-4346,339.12793,3.1908402,-25.533982271367226,-26.045045749417028,1.0278976435516687,3.678520677469531,2.1266181468963623,-0.8517086548128631,-0.717943572954069,-0.8589305014744347,-0.44703915452203535,OTHER,UNAS,None,8,3FGL J1630.3-4346
3FGL J1642.4+8045,113.7462,31.755138,-26.25453370227398,-28.048665922326652,0.45196719884014197,3.7531334716169957,2.4850971698760986,-0.4813277325024861,-0.6817432011947883,-0.8114051819056656,-0.6664139414535333,PSR,UNAS,None,0,3FGL J1642.4+8045
3FGL J1644.4+2632,46.465275,38.5034,-26.16499948694879,-27.68633877408908,0.47572982763587923,3.746084485646764,2.7532167434692383,-0.7633606677061415,-0.9572406146535636,0.29282251104562834,-0.8178986678977966,AGN,UNAS,None,0,3FGL J1644.4+2632
3FGL J1646.9-1332,5.202477,19.892075,-25.99114542580481,-27.321741438958256,-1.231137244081574,3.736715398017453,1.8505278825759888,-0.9655389330360671,0.43912495456518524,-0.54039437661635,-0.34208007827853365,AGN,UNAS,None,0,3FGL J1646.9-1332
3FGL J1648.0+4230,67.06607,40.124744,-26.418220508306888,-27.94866813031047,-0.31816296233401603,3.9357665176842684,2.480189323425293,-0.5082633673348427,-0.8094402089405582,-0.5793509149502245,-0.9970377876340754,AGN,UNAS,None,0,3FGL J1648.0+4230
3FGL J1649.6-3007,352.0056,9.270359,-25.042247082623362,-27.13101925259853,1.1419386976234933,3.9651619009435417,2.3148367404937744,-0.4940905547776665,-0.6549081459102889,-0.5811412800999219,-0.9999944857238351,PSR,UNAS,None,0,3FGL J1649.6-3007
3FGL J1650.0+0356,21.856373,28.68336,-26.161192284706143,-27.585355090775096,-0.34326171925219023,4.339703603011489,2.165771961212158,-0.8038940577050869,-0.5691681594855132,-0.45343303917900435,-0.3455992768311987,AGN,UNAS,None,0,3FGL J1650.0+0356
3FGL J1700.4-4019c,345.36975,1.1909633,-24.195485014266865,-24.592102206771635,1.1326823377499193,3.977718045954807,2.6888115406036377,-0.5571509844888552,-0.4387504986124967,-0.8717828878731855,-0.6609594364911674,OTHER,UNAS,None,548,3FGL J1700.4-4019c
3FGL J1704.1+1234,32.46508,29.42443,-25.393504085378115,-27.486375693810036,-0.739782489577126,3.85018323197103,2.583272933959961,-0.7436841626089796,-0.7775476700776924,-0.600326968587261,-0.5631072292368456,AGN,UNAS,None,0,3FGL J1704.1+1234
3FGL J1704.4-0528,14.912965,20.797222,-25.316922245554085,-27.194094245852515,-1.0174791539684143,3.729629516115469,2.1847431659698486,-0.09155674708880325,-0.8231437099419898,-0.2139912802519745,-0.6867092657008667,AGN,UNAS,None,0,3FGL J1704.4-0528
3FGL J1705.5+0948,29.762985,27.951149,-25.643013106001312,-27.4635623344509,0.5664811698405832,3.8272092795269392,2.8066091537475586,-0.6498868750154532,-0.8665248868218576,-0.8076397756886086,-0.9998406702825234,AGN,UNAS,None,0,3FGL J1705.5+0948
3FGL J1705.5-4128c,345.0522,-0.28103146,-24.255309216879034,-25.024400209155807,0.9905495979794645,3.8105271842466553,2.767200231552124,-0.7327768316984495,-0.8144397685172874,-0.5265731146490452,-0.7449605178737272,OTHER,UNAS,None,41,3FGL J1705.5-4128c
3FGL J1715.4-4028,346.96652,-1.1736468,-24.904161485762234,-26.444559295702796,0.3129676539205464,4.092017944169937,2.104174852371216,-0.9953124444409328,0.6531080490966509,-0.061546474171564405,-0.5528022239876162,AGN,UNAS,None,0,3FGL J1715.4-4028
3FGL J1727.4+0634,29.211035,21.646387,-25.535886691614632,-27.22929815368258,0.9744845488218333,3.7924830657623523,2.6870856285095215,-0.7502770908179406,-0.733475581800633,-0.8395218518970501,-0.9991769705848429,AGN,UNAS,None,0,3FGL J1727.4+0634
3FGL J1727.6-0654,16.755999,15.12709,-25.25439778070051,-27.000019008986385,0.5877008040367506,3.910497718623925,2.4591317176818848,-0.5707075551505607,-0.750115920464741,-0.6395928576439406,-0.9999835560561935,AGN,UNAS,None,1,3FGL J1727.6-0654
3FGL J1731.9+5428,82.19323,33.155773,-25.8229724163662,-27.847818564334375,0.4502671326063702,3.671585714203331,2.9019229412078857,-0.7459156565939671,-0.8593803097360557,-0.8677064333142069,-0.9998719785504135,AGN,UNAS,None,0,3FGL J1731.9+5428
3FGL J1733.5-3941,349.5536,-3.610446,-25.15063756707496,-26.78582736791581,0.4728496609495795,3.9596241666501775,2.2300050258636475,-0.5765028515170848,-0.8284107686179437,-0.38298934632114917,-0.4634018306889289,AGN,UNAS,None,4,3FGL J1733.5-3941
3FGL J1733.8-6056,331.22116,-14.771928,-25.439200954195837,-27.5710828422363,-2.4183805524381357,4.036623367082572,2.581866502761841,-0.7283422571008035,-0.6930003025051398,-0.8775785359660644,-0.08625908364565732,AGN,UNAS,None,4,3FGL J1733.8-6056
3FGL J1745.4+4721,74.04207,30.430563,-26.013945836167146,-27.80094600122116,-3.870812583281024,4.166952615504045,2.558122396469116,-0.6680889687958057,-0.8020927119926328,-0.7588539837609501,-0.04717670524832458,AGN,UNAS,None,0,3FGL J1745.4+4721
3FGL J1748.0+2701,51.83432,25.06391,-26.283560330604388,-27.794922494973484,-1.2649270668347068,3.729787901195889,2.2776076793670654,-0.6867041243150749,-0.5082055637283753,-0.78162418555769,-0.13863312333229885,AGN,UNAS,None,1,3FGL J1748.0+2701
3FGL J1754.0-3321,357.1237,-3.8217263,-24.903970040917653,-26.71588681597578,1.1701801218011398,4.169030611784057,2.411621570587158,-0.2186647293306388,-0.8131443694404876,-0.5269566515667705,-0.8773179283654186,AGN,UNAS,None,8,3FGL J1754.0-3321
3FGL J1758.8-2402,5.7202964,-0.043389253,-24.389047781933108,-25.901718195671986,1.0580790435823988,4.004247332580519,1.9936635494232178,0.989459411988084,-0.7234397187062181,-0.2719685932038522,-0.6884301791286782,OTHER,UNAS,None,20,3FGL J1758.8-2402
3FGL J1758.8-2346,5.940952,0.08121869,-24.02878192027472,-25.779908070574493,1.2186546031393517,3.732863284358806,2.079918146133423,-0.986165839868991,0.9870489666110761,-0.6542192320595336,-0.6275817580120402,OTHER,UNAS,None,16,3FGL J1758.8-2346
3FGL J1759.2-3848,352.88678,-7.426649,-25.443014670959816,-27.10923270255748,1.2504443526240583,3.4800222836205466,2.236286163330078,0.8268579954915026,-0.4741166992032683,-0.5100572012363687,-0.9999976931328304,AGN,UNAS,None,0,3FGL J1759.2-3848
3FGL J1759.6-2141,7.8477545,0.96073395,-24.665277960412766,-26.188970556520456,0.9438675582381378,3.6185656209284316,2.2866268157958984,-0.8756474329641948,-0.5828714666148423,-0.5835981678390382,-0.780112328015393,OTHER,UNAS,None,1,3FGL J1759.6-2141
3FGL J1806.7-2451,5.89454,-2.0116851,-25.23216861977513,-26.47448532367179,0.7771982068839248,3.730140835732119,2.2089338302612305,-0.799646613918964,-0.5411009391235095,-0.9011317405059643,-0.11277876074363673,OTHER,UNAS,None,8,3FGL J1806.7-2451
3FGL J1806.8+5346,81.89146,27.996992,-26.140288695690398,-27.857330410857113,-2.191509854064343,4.207039489109122,2.5622665882110596,-0.67717577692714,-0.74558630540306,-0.8273485346498758,0.03307207611788921,AGN,UNAS,None,0,3FGL J1806.8+5346
3FGL J1809.0+3517,61.983696,23.382431,-26.14963484285977,-27.672972691245473,0.06681039212321878,3.6375857581792244,2.4414024353027344,-0.6311724330340596,-0.8059270778870867,-0.46590774295214865,-0.520155106837117,AGN,UNAS,None,0,3FGL J1809.0+3517
3FGL J1810.7+5335,81.77667,27.406288,-26.48716715763377,-27.868288520153303,0.9109114901615981,3.7224958324055195,1.7802610397338867,-0.9998356497795841,0.9986539610571753,-0.20967101672762303,-0.5721768898924362,AGN,UNAS,None,0,3FGL J1810.7+5335
3FGL J1814.1-1734c,13.10477,-0.024054194,-23.224995272546234,-25.456865019622782,0.944681777405251,4.041392574312088,2.546543836593628,-0.6558150627259804,-0.7675375613466336,-0.8071396026546653,-0.7904335951884128,OTHER,UNAS,None,96,3FGL J1814.1-1734c
3FGL J1827.6-0846,22.418499,1.2415937,-24.211227581826115,-26.23086162051061,0.353053683320449,3.9439880213630594,2.3622095584869385,-0.7267250541149567,-0.6155477350165002,-0.6786464125465013,-0.7470404072886242,PSR,UNAS,None,4,3FGL J1827.6-0846
3FGL J1829.2+3229,60.64415,18.518923,-25.99332818792803,-27.684897852969502,1.2602070265266665,3.8835439842404536,2.2854561805725098,0.010875866361212032,-0.4597282756798078,-0.7432031765043287,-0.9999724519789187,AGN,UNAS,None,0,3FGL J1829.2+3229
3FGL J1829.2+2731,55.79765,16.678802,-25.423455491993284,-27.541599414835577,1.0495047509331599,4.038603627242671,2.6200265884399414,-0.6180883333855369,-0.8160871871211818,-0.7547626161140256,-0.9997499855472229,AGN,UNAS,None,256,3FGL J1829.2+2731
3FGL J1838.9-0646,25.477858,-0.31648526,-24.230391182719323,-25.988371446249754,0.3019767382803945,3.9151941652190265,1.9216511249542236,0.9615887626004136,0.8531065771664904,-0.4845490293037083,-0.6731791965549628,OTHER,UNAS,None,0,3FGL J1838.9-0646
3FGL J1840.5+6116,91.00016,24.85127,-25.861172574627677,-27.605646411918155,-0.7804163212517927,3.9630217274723423,2.732236862182617,-0.8739197221926217,-0.6946188264931044,-0.5390747909457768,-0.8787372901896983,AGN,UNAS,None,17,3FGL J1840.5+6116
3FGL J1850.5-0024,32.46833,0.01748402,-23.57847183213227,-25.64944088452204,1.298667176113763,4.1630684529026265,2.41947603225708,-0.389803753239754,-0.7841309680794315,-0.7039245179387256,-0.7438204232690969,OTHER,UNAS,None,24,3FGL J1850.5-0024
3FGL J1855.6+0753,40.430542,2.6574924,-24.114420041123047,-26.37048263724916,0.8299958450812555,3.4338126976234946,2.6018259525299072,-0.7141949195377187,-0.7828789887590696,-0.6109125337059907,-0.9968715694232528,OTHER,UNAS,None,9,3FGL J1855.6+0753
3FGL J1857.9+7319,104.41492,25.438639,-26.053915393559482,-27.962828469551695,-0.41841331419200173,3.610745411590411,2.644200325012207,-0.7503217594990051,-0.8899999355020788,-0.5129518943491115,-0.2782794354941009,AGN,UNAS,None,1,3FGL J1857.9+7319
3FGL J1901.5-0126,32.800957,-2.9207902,-24.038821297568216,-26.570886479973044,0.4666081699455124,4.1004259248574115,2.6182117462158203,-0.5933133961874305,-0.7800065401453508,-0.7055845343294718,-0.8011413424666046,PSR,UNAS,None,0,3FGL J1901.5-0126
3FGL J1911.7+0307,38.036945,-3.0762205,-24.96285513281898,-26.71488383611481,-1.5815084236741037,3.9692499585519827,2.322223424911499,-0.6609140675252817,-0.8209662539513142,-0.41358464345767104,-0.6259736807926937,AGN,UNAS,None,0,3FGL J1911.7+0307
3FGL J1921.6+1934,53.72749,2.4459622,-25.174655345326677,-26.66044888291428,0.48772814378101365,3.7432891966089263,2.4935832023620605,-0.6112259309360826,-0.7766720550655551,-0.6708427746196317,-0.8999596390678272,PSR,UNAS,None,8,3FGL J1921.6+1934
3FGL J1922.2+2313,57.02213,4.022715,-26.26471746732799,-27.43285068195627,0.45873705039512214,3.77568188307458,1.6248365640640259,0.5434381602716697,-0.8882491757879466,0.6645950404064093,-0.10162973615261252,AGN,UNAS,None,4,3FGL J1922.2+2313
3FGL J1923.2-7452,319.97302,-28.186966,-25.556824911748674,-27.666711551810653,0.42890212997741217,3.9284148687759086,2.2185771465301514,-0.6377190955578961,-0.7155246748775043,-0.4142636663777771,-0.5837977158453239,AGN,UNAS,None,0,3FGL J1923.2-7452
3FGL J1934.2+6002,91.82652,18.216028,-26.332201019822975,-27.961625222254817,-0.144723235701131,3.5744531359887266,2.140348434448242,-0.8656488099446851,-0.20644468355449166,-0.5918830671655525,-0.6341944761847423,AGN,UNAS,None,0,3FGL J1934.2+6002
3FGL J1936.6-4215,356.66437,-25.835772,-26.22690150584289,-27.701693459358975,1.0045721366418774,3.4934856902691585,2.30818510055542,-0.5012609253777162,-0.3386686401609518,-0.8327918444517057,-0.9999416202019084,AGN,UNAS,None,0,3FGL J1936.6-4215
3FGL J1944.1+3919,73.482346,7.5842066,-25.863502327204582,-27.50004175052504,-0.15268107522010882,4.012760822832094,2.1844570636749268,-0.529902114364873,-0.5445813417733708,-0.6216426571471252,-0.7009736482055426,AGN,UNAS,None,0,3FGL J1944.1+3919
3FGL J1950.2+1215,50.650112,-7.117476,-24.85034806768189,-27.070204509435456,1.3450116680853947,3.91487302047446,2.6260316371917725,-0.59502247625786,-0.7392838771136951,-0.9230720793071195,-0.99980492449079,AGN,UNAS,None,0,3FGL J1950.2+1215
3FGL J1953.4+7653,109.20024,22.963472,-26.23185782385184,-27.78296185665375,-0.25303188593062464,3.9649377491433584,2.3555235862731934,-0.6639379853226239,-0.7603842105102566,-0.6645045399235552,-0.4541015807654339,AGN,UNAS,None,16,3FGL J1953.4+7653
3FGL J1957.9-0712,33.99981,-18.050085,-25.789441639439378,-27.448373217321652,-0.26149639223805105,3.7048043191294644,2.378793716430664,-0.5950191348356545,-0.8070539214040524,-0.5493410406956364,-0.7526301219606749,AGN,UNAS,None,256,3FGL J1957.9-0712
3FGL J1958.1+2436,62.27399,-2.4149113,-25.834801950345508,-27.118577246702902,-2.7322408925471016,3.856053782542874,1.6788126230239868,0.6969697338315471,-0.5242406475796987,-0.07502430654925459,-0.4268182533526548,AGN,UNAS,None,0,3FGL J1958.1+2436
3FGL J1958.6+3844,74.40486,4.8519573,-25.346971489045252,-26.936443166014225,0.41284215803345176,4.19660139711807,2.6373605728149414,-0.8075153870869367,-0.761017745250382,-0.6872603144453902,-0.8802578437693045,AGN,UNAS,None,24,3FGL J1958.6+3844
3FGL J2004.4+3338,70.671234,1.1853596,-23.868170033629998,-26.605729104464118,1.2148442953727572,3.9178647501056316,2.296311140060425,-0.502915293288707,-0.6989337064688909,-0.6497889551224337,-0.6691590600693926,OTHER,UNAS,None,0,3FGL J2004.4+3338
3FGL J2006.6+0150,43.44295,-15.781996,-26.203022647586106,-27.6073388911064,1.0385409577859128,3.403392427146009,1.8722081184387207,-0.6183783461397657,0.9938775726501865,-0.5429784960864463,-0.7408743003581063,PSR,UNAS,None,0,3FGL J2006.6+0150
3FGL J2015.3-1431,28.806221,-25.025145,-26.553428404691342,-27.708950675011142,0.2092492339455623,3.4974853796996763,1.770341157913208,0.17472144527516778,0.19078308597517485,-0.4762779622390245,-0.031631867298362995,AGN,UNAS,None,0,3FGL J2015.3-1431
3FGL J2022.2-7220,322.33374,-32.59619,-26.65802156620939,-28.003278635722264,1.105080048121771,3.655284215172534,1.949418306350708,0.6472798879692551,0.13865999313344987,0.34621586223645134,-0.9022061770594291,AGN,UNAS,None,0,3FGL J2022.2-7220
3FGL J2024.8-2331,20.240458,-30.361326,-26.574183169471333,-27.799278031929727,0.7884865337030397,3.627868638845554,1.9498870372772217,0.9991210504195001,0.41122826335965185,-0.2660463489028544,-0.8609351286447763,AGN,UNAS,None,0,3FGL J2024.8-2331
3FGL J2030.5-1439,30.304253,-28.432045,-26.659214303047623,-27.835516076416873,-0.3727957054542202,3.676122958826694,1.8650038242340088,-0.07939283673822817,-0.23226770493460688,-0.5257175477736648,-0.3805177523611025,AGN,UNAS,None,0,3FGL J2030.5-1439
3FGL J2034.6-4202,359.07648,-36.38259,-26.00583343428402,-27.663478801979224,0.6915566777369999,3.7392076652292134,1.9480119943618774,0.934303385211832,-0.7233910098675841,0.04429959222584393,-0.7992758145761564,AGN,UNAS,None,0,3FGL J2034.6-4202
3FGL J2035.8+4902,86.712006,5.0344753,-25.805394892878436,-27.08069029129541,-0.828324743096402,3.791092292222956,2.095409870147705,-0.642284958266023,-0.23598087872288234,-0.707530047044599,-0.5167086164237541,AGN,UNAS,None,0,3FGL J2035.8+4902
3FGL J2038.8-3613,6.379332,-36.418747,-25.655751647437153,-27.667197625472912,-0.11160817374354422,3.656353633889347,2.447906970977783,-0.6408821361222157,-0.5948821289723548,-0.8079959330311237,-0.625224638355937,PSR,UNAS,None,0,3FGL J2038.8-3613
3FGL J2042.3-5416,343.74487,-37.737637,-26.126622224562023,-27.734601972319698,-0.6779782740822308,3.880196572867539,2.5529985427856445,-0.5642743129890833,-0.7229776005785329,-0.7814967252334731,-0.9994173750491646,AGN,UNAS,None,0,3FGL J2042.3-5416
3FGL J2043.6+0001,46.611492,-24.719402,-26.583798688971324,-27.709536062351027,0.8565799144133435,3.728957244781233,1.6896612644195557,0.31761772287814855,0.023608306401334957,0.18810838050529835,-0.623326736823027,AGN,UNAS,None,0,3FGL J2043.6+0001
3FGL J2044.0+1035,56.325485,-19.19622,-26.025185248420485,-27.588384950209775,0.7770500178479324,4.069326146848597,2.290846586227417,-0.17230381119765442,-0.6785318033348332,-0.39522401001235535,-0.9999977419858895,AGN,UNAS,None,0,3FGL J2044.0+1035
3FGL J2045.6-6838,326.05533,-35.422237,-26.064138028804127,-27.722178473969336,0.1637288034032592,4.13447252933995,2.3925890922546387,-0.5930982523066232,-0.6097386805407387,-0.5910695401803797,-0.999994148836718,PSR,UNAS,None,1,3FGL J2045.6-6838
3FGL J2046.7-4259,358.10135,-38.676685,-26.427723437613032,-27.80260073224073,0.34753582837978164,3.736108916448966,2.0109035968780518,-0.7376709026980217,-0.3669811290476155,-0.36740979707769283,-0.7616750560521431,AGN,UNAS,None,0,3FGL J2046.7-4259
3FGL J2047.9-3119,12.830641,-37.378876,-25.767495538287456,-27.66983677045714,0.8287962281656441,3.7904246983992302,2.520742177963257,-0.8435424610781289,-0.5424040890585006,-0.597994751601369,-0.44992716310393466,AGN,UNAS,None,0,3FGL J2047.9-3119
3FGL J2053.9+2922,73.36126,-9.865336,-25.83725348529488,-27.338642217963137,1.240634040013635,3.828058407184223,1.543579339981079,-0.5601809542594541,0.9998096824457487,0.20531577273784715,-0.40172896866829805,AGN,UNAS,None,1,3FGL J2053.9+2922
3FGL J2054.8-4908,350.1346,-40.05893,-26.249879672710062,-27.724476065304486,-1.5785203377935793,3.91412566694246,2.3455164432525635,-0.8170945732770939,-0.728138156624809,-0.23641488481800937,-0.8304936947798128,AGN,UNAS,None,0,3FGL J2054.8-4908
3FGL J2058.0+4347,85.006134,-1.2296515,-24.140761574529563,-26.781395030219127,0.41741645695492047,3.76311786678249,2.9202380180358887,-0.7259566044617269,-0.8611704900424147,-0.9998055171347566,0.9918564921989749,OTHER,UNAS,None,1,3FGL J2058.0+4347
3FGL J2110.0+0442,54.94204,-27.836702,-26.23424549449118,-27.701109620103264,-0.5359983900360257,3.962728129440886,2.063178300857544,-0.5224882146650718,-0.6646785590010772,-0.3912784855506537,-0.41674249326585744,AGN,UNAS,None,0,3FGL J2110.0+0442
3FGL J2115.2+1215,62.605534,-24.450743,-26.05736719440909,-27.655734481649144,0.36294106925496256,3.7765342191447977,2.161282777786255,-0.6152414311556754,-0.7854948132983474,-0.40213373810191966,-0.4545465670366548,AGN,UNAS,None,0,3FGL J2115.2+1215
3FGL J2118.3+5751,97.551895,5.9114714,-25.437679975678055,-27.11871533344186,-0.3234336209125751,3.9811042010580255,2.4833552837371826,-0.7000214816710194,-0.7660697299063849,-0.46883219957051975,-0.7863729244538477,AGN,UNAS,None,0,3FGL J2118.3+5751
3FGL J2120.4-1256,38.06619,-38.854103,-25.83061074309004,-27.70938162187934,0.6538658118806313,4.195425072947367,2.5725128650665283,-0.5708259683069801,-0.8145952608914824,-0.7036486019401158,-0.9988123347064427,AGN,UNAS,None,0,3FGL J2120.4-1256
3FGL J2127.5-6001,334.66135,-42.454098,-26.77993397463442,-28.04144738217255,-0.7376386893815079,3.3996951068599044,1.9506174325942993,-0.7220749510562829,-0.24350747805723058,-0.7180779441554989,-0.21896386100676457,AGN,UNAS,None,0,3FGL J2127.5-6001
3FGL J2130.4-4237,358.467,-46.683434,-25.550502786489794,-27.660625719914545,0.8837417591032996,5.395594549187359,2.5613784790039062,-0.6220400946563469,-0.7680584993237349,-0.7809031088031264,-0.9999584914339997,AGN,UNAS,None,256,3FGL J2130.4-4237
3FGL J2131.1-6625,326.64175,-40.27448,-25.649090555149975,-27.832200634404273,1.159715054475415,3.957688378783053,2.4475181102752686,-0.40516136762487454,-0.6475144856007357,-0.8072289813716472,-0.9999869266415998,AGN,UNAS,None,0,3FGL J2131.1-6625
3FGL J2131.5+2605,76.53855,-18.273493,-26.163752571621636,-27.513898702020423,-0.43124687622089874,3.619074710364406,2.2698848247528076,0.9950155727436198,-0.7439478466946194,-0.6847514450945688,-0.08886276586077775,AGN,UNAS,None,256,3FGL J2131.5+2605
3FGL J2134.5-2131,28.921066,-45.08291,-25.563608434165904,-27.65787185195196,-1.6215005791967372,3.8307193241776223,2.1337928771972656,-0.3840640129375995,-0.689743701236354,-0.5276861093932482,-0.29550168388357384,AGN,UNAS,None,0,3FGL J2134.5-2131
3FGL J2139.5+3919,87.25388,-9.907604,-25.609191367885572,-27.49069195188335,1.0403718791055347,3.771375111631869,2.689281702041626,-0.86926550235161,-0.6740425586863441,-0.5208345592036153,-0.6013868372836191,AGN,UNAS,None,9,3FGL J2139.5+3919
3FGL J2142.7+1957,73.733185,-24.392433,-26.692321956121056,-27.864369384209038,-0.5754859047370507,3.62786144176011,2.0091686248779297,-0.9424753269422593,-0.4843388535741961,0.17368174591931498,-0.720516219415316,AGN,UNAS,None,0,3FGL J2142.7+1957
3FGL J2145.5+1007,66.04695,-31.538164,-26.62025602392719,-27.727631105053735,0.3901734417008852,3.643436818682873,1.5526955127716064,-0.9927635853395324,0.7585613598146975,0.07983910686581744,-0.10520227424808215,AGN,UNAS,None,0,3FGL J2145.5+1007
3FGL J2150.5-1754,35.6385,-47.45519,-25.684982981248783,-27.71972785127091,-0.12222442231238477,4.0900839550310435,2.6587038040161133,-0.7585525152065978,-0.8765701892053019,-0.44225006158159286,-0.7824401635003122,AGN,UNAS,None,0,3FGL J2150.5-1754
3FGL J2151.6+4154,90.718,-9.448793,-25.690659857598128,-27.415378209831808,0.7260253374103892,3.519703987220586,1.8487628698349,0.9929027515845265,0.1345070099393048,-0.5346751380183068,-0.26578326946475545,AGN,UNAS,None,0,3FGL J2151.6+4154
3FGL J2209.8-0450,55.685387,-45.55829,-26.17647299357666,-27.397483105488977,0.7444239762457192,3.8204917634717157,1.2660481929779053,-0.01919881968163456,-0.5965594024666132,-0.6982614617331614,0.0897156754313772,AGN,UNAS,None,0,3FGL J2209.8-0450
3FGL J2217.2+6346,106.86036,5.823673,-25.198253655326297,-26.93636197040779,0.4034447758657438,3.655392500381679,2.3077080249786377,-0.14040431935744582,-0.7524330054067079,-0.67687648836595,-0.6039509790024263,OTHER,UNAS,None,24,3FGL J2217.2+6346
3FGL J2223.3+0103,65.21608,-44.594585,-26.244103861854036,-27.676744987324547,0.22471625805418283,3.7275020713268883,1.8087090253829956,0.16869478190716783,-0.5543897480290821,-0.06156084645017452,-0.4828738555429591,AGN,UNAS,None,0,3FGL J2223.3+0103
3FGL J2224.4+0351,68.33753,-42.90061,-26.44966231250058,-27.65484847722759,-0.1997745373106102,3.5353790799379077,1.5956315994262695,0.9995377056012023,-0.527404068114368,-0.5624396671178036,0.16138268603204653,AGN,UNAS,None,0,3FGL J2224.4+0351
3FGL J2228.5-1636,43.120834,-55.366726,-26.15200903101285,-27.74533686415297,0.6097353334682807,3.904502118545617,2.5065176486968994,-0.8324356071598205,-0.6333532343013873,-0.6677741529351853,-0.4174764584722308,AGN,UNAS,None,0,3FGL J2228.5-1636
3FGL J2229.1+2255,85.03281,-29.276773,-26.224094257698418,-27.79028937740642,-0.23460183888390687,3.789033041604534,2.2391018867492676,-0.6870440852184097,-0.624147477081879,-0.7953665250431835,-0.059980817640214526,AGN,UNAS,None,0,3FGL J2229.1+2255
3FGL J2244.6+2503,89.76334,-29.532755,-26.652762885164766,-27.898670015161176,0.8058814564771221,3.7294577360773706,1.9194806814193726,0.44009710911490524,0.08205125313770761,-0.3330828971192961,-0.519813280088912,AGN,UNAS,None,0,3FGL J2244.6+2503
3FGL J2247.2-0004,69.996216,-49.734753,-25.61677696197879,-27.607673324748585,0.21853471082248266,3.8795272728606083,2.1077709197998047,0.12128273403814034,-0.7182398134279556,-0.527100645459872,-0.5054167572462976,AGN,UNAS,None,0,3FGL J2247.2-0004
3FGL J2249.3-5943,327.09686,-51.294617,-26.896353702261855,-28.153702420517693,-2.113400159237452,3.6927868341558,2.174027919769287,-0.6899699258985078,-0.34534115701661644,-0.8411203169166385,0.1898142441607048,AGN,UNAS,None,0,3FGL J2249.3-5943
3FGL J2250.3+1747,86.35414,-36.330647,-25.210283438179633,-26.920655734529134,-0.36924446192371757,4.466542209652762,2.7852351665496826,-0.8352039735321664,-0.7029116578329281,-0.9663557700015832,0.5381730387986011,AGN,UNAS,None,0,3FGL J2250.3+1747
3FGL J2253.1-1237,54.72177,-58.769665,-26.14239615392198,-27.83904756974737,0.9522855425087983,3.8309711191698375,2.442333221435547,-0.37573865033917586,-0.7643302165765735,-0.7248276827300293,-0.9923211691224909,AGN,UNAS,None,0,3FGL J2253.1-1237
3FGL J2254.6+4253,101.21132,-15.003079,-25.708783320011435,-27.57515325721016,0.5085992502544341,3.8584509872488617,2.659317970275879,-0.6989535851200062,-0.7305108708674554,-0.8096277759927297,-0.9999498285447316,AGN,UNAS,None,0,3FGL J2254.6+4253
3FGL J2258.2-3645,3.902502,-64.25224,-26.496490953323573,-27.937208892724154,-0.07269426025668409,3.5245239697965487,1.9558732509613037,-0.6212869683020061,0.12809318320100382,-0.9613127942506706,0.7709853780392774,AGN,UNAS,None,0,3FGL J2258.2-3645
3FGL J2259.9-1553,50.687984,-61.838017,-26.309185746033247,-27.888442728779474,0.7327718261587365,3.7690097199283055,2.112149715423584,-0.4813874005620401,-0.517241921076833,-0.5786312678132328,-0.7523396152980577,AGN,UNAS,None,0,3FGL J2259.9-1553
3FGL J2300.0+4053,101.242775,-17.242765,-26.56331279166885,-27.682959939754266,-2.4962210920901033,3.590390551983552,1.5139174461364746,-0.9951659712000873,0.9648338359857633,-0.8942666773085682,0.7918359301817173,AGN,UNAS,None,0,3FGL J2300.0+4053
3FGL J2300.1-3547,5.8807077,-64.847084,-26.285170045460593,-27.938849614221024,-0.6890957264393917,3.909313037952882,2.184675693511963,0.7314531135069716,-0.7012755603468803,-0.5967314436523967,-0.5787843137956016,AGN,UNAS,None,0,3FGL J2300.1-3547
3FGL J2313.1+3935,103.0542,-19.45988,-25.980257988773285,-27.72740411841972,-0.9402003008045802,4.071988958087876,2.7931740283966064,-0.7895656113386824,-0.8360118600494929,-0.6973861313229489,-0.3224093971829115,AGN,UNAS,None,8,3FGL J2313.1+3935
3FGL J2321.3+5113,108.87267,-9.175679,-26.51439767383174,-27.77335621377821,-1.1453594834074603,3.6683765084098674,2.018815279006958,-0.5758105045768834,-0.7206581097482665,-0.1860350469267528,-0.5342472898996783,AGN,UNAS,None,0,3FGL J2321.3+5113
3FGL J2321.6-1619,55.742676,-66.56989,-26.82576065115706,-27.83330285750689,-4.1362255546806834E-4,3.6604005310486856,1.5327802896499634,-0.9999120221532913,0.9957165305380338,0.5117022008475518,-0.5654646046420642,AGN,UNAS,None,0,3FGL J2321.6-1619
3FGL J2329.8+6102,113.21424,-0.28228247,-25.760481317134726,-27.265791856676863,-0.7191279874761777,3.638294739608371,2.060778856277466,-0.7617229502130881,-0.6694704596799057,-0.18219398717001603,-0.5839371702110295,AGN,UNAS,None,0,3FGL J2329.8+6102
3FGL J2333.0-5525,324.196,-58.34704,-25.820056729195038,-27.92033465660337,0.9286073766452501,3.742545881206555,2.22139048576355,-0.46730526848651055,-0.5643230921355188,-0.5597242338967278,-0.9999853952063704,OTHER,UNAS,None,0,3FGL J2333.0-5525
3FGL J2335.6-2342,40.008274,-72.558044,-26.02075643320567,-27.844394642285327,-1.0711730257736005,3.4800887967820686,2.646980047225952,-0.6813886245622941,-0.7647733989668688,-0.7958897686148048,-0.48652557520382417,AGN,UNAS,None,0,3FGL J2335.6-2342
3FGL J2338.7+0251,89.80134,-55.27105,-26.161108713323966,-27.78109832135632,0.5668396692740366,3.9820835237369807,2.5788371562957764,-0.620686328535789,-0.7330823239155116,-0.8436346104228939,-0.9431293347970215,AGN,UNAS,None,0,3FGL J2338.7+0251
3FGL J2340.7+3847,108.14505,-22.037018,-26.557245817594847,-27.830592725386005,0.065945184416062,3.7135928147205353,1.918837308883667,-0.8514095249144285,-0.9227393675098096,0.4741756308812163,-0.4415637347893105,AGN,UNAS,None,0,3FGL J2340.7+3847
3FGL J2351.9-7601,307.61157,-40.552822,-26.305452379153845,-27.676491022931078,-0.4311069794443097,3.575666789908256,1.690577745437622,-0.9999860524635082,0.999853574621665,-0.27435523488754254,-0.446319418879295,AGN,UNAS,None,0,3FGL J2351.9-7601
3FGL J2354.0+2722,107.56948,-33.779556,-26.66960826269129,-27.99466162376582,0.13656636599389158,3.7012454584819503,2.1548080444335938,-0.8750550154922777,-0.3209753201105329,-0.18498231815498165,-0.7985304297497653,AGN,UNAS,None,0,3FGL J2354.0+2722
3FGL J2358.5+3827,111.68718,-23.259953,-26.188219626432776,-27.724759661617156,-0.3837281555450534,3.957204647896984,2.0776443481445312,0.9945715494792824,-0.5653175568676544,-0.5805066454232093,-0.38774144897382146,AGN,UNAS,None,0,3FGL J2358.5+3827
3FGL J2358.6-1809,66.60356,-74.89499,-26.32769024067984,-27.766112005248672,0.6478933760369787,3.8877845457524653,1.8166555166244507,-0.7699511517889682,-0.026096321403888924,-0.20120839571121318,-0.5902044633803685,AGN,UNAS,None,0,3FGL J2358.6-1809
3FGL J0002.6+6218,117.301926,-0.03711618,-24.719550441467966,-27.09017557853559,1.9800005308519917,3.8716906822336505,1.451982193149982,-0.14028305539984506,-0.5300255879083027,-0.7440944936430428,-0.9999771816775467,PSR,UNAS,None,0,3FGL J0002.6+6218
3FGL J0212.1+5320,134.92665,-7.645654,-24.78934251649243,-27.185070662351908,1.8421887907212648,3.941008179366129,1.4286126481797,0.014306928456451644,-0.4049693901228264,-0.6763908848547394,-0.9247029128907263,OTHER,UNAS,None,0,3FGL J0212.1+5320
3FGL J0223.6+6204,133.49638,1.1151489,-23.947645885051102,-25.87844195139143,2.2167066979280814,3.7322277957458816,1.5974062325749507,-0.6249717098348632,-0.4297689565242823,-0.7466491216097366,-0.9999803842891143,OTHER,UNAS,None,0,3FGL J0223.6+6204
3FGL J0312.1-0921,191.51463,-52.361996,-25.976285246673086,-27.8032912646863,1.3873792921599606,3.8619872079915307,1.0761568433865223,0.41040705337378997,-0.4903858046834961,-0.584220445459804,-0.999995488355139,PSR,UNAS,None,0,3FGL J0312.1-0921
3FGL J0318.1+0252,178.44518,-43.635,-25.888442117071204,-27.93148070251134,1.7471619753258603,3.9164080608419654,0.267235641367882,-0.2471088557827291,-0.11435156725916257,-0.6566089469870195,-0.9524373932421418,PSR,UNAS,None,0,3FGL J0318.1+0252
3FGL J0359.5+5413,148.25932,0.87194085,-24.432809855229788,-26.966364948832403,1.8251888645106844,3.5154418106745013,1.7762676306466514,-0.3449328463347164,-0.5753830884198017,-0.6885031981532694,-0.999988362289768,PSR,UNAS,None,0,3FGL J0359.5+5413
3FGL J0514.6-4406,249.4743,-35.392704,-26.085526092144605,-27.835488807414748,1.4368438229099099,4.073254206592921,2.201525459305592,-0.3811267602277588,-0.7169768315834403,-0.99998705434372,0.99282432214382,PSR,UNAS,None,0,3FGL J0514.6-4406
3FGL J0539.2-0536,209.67754,-18.606976,-25.251392043751874,-27.201040797487806,1.6292124713922713,3.4174905822653128,2.3046601431410303,-0.16261928782417087,-0.8923176902866993,-0.7380917400638969,-0.8929312034674505,AGN,UNAS,None,2048,3FGL J0539.2-0536
3FGL J0634.1+0424,207.0341,-1.8325301,-23.783540693738477,-26.564735149435286,2.351031330316761,3.7581778616023014,2.0647419143458574,-0.3095091668540484,-0.7680990485340301,-0.8496672303773005,-0.8570079800270578,OTHER,UNAS,None,4,3FGL J0634.1+0424
3FGL J0704.1-1043,223.91516,-2.085731,-24.776162917993307,-26.7599955778001,1.4395907541758008,3.713511401873571,2.156265604023092,-0.5517690105953632,-0.7806628157176891,-0.7163307501914287,-0.8440255511628894,AGN,UNAS,None,4,3FGL J0704.1-1043
3FGL J0744.1-2523,241.33928,-0.6988146,-24.45896686679096,-27.054632305700405,1.8150667597609358,4.11645834256464,1.9455221249639671,-0.40638134455425223,-0.6794679706092369,-0.6873106958062704,-0.9857256984956283,OTHER,UNAS,None,0,3FGL J0744.1-2523
3FGL J0905.6-4917,270.00266,-1.422046,-24.527077330056418,-26.718835525586282,2.1967964978828425,4.086046385123526,1.7030096775859838,0.966087797947187,-0.7887322045178514,-0.9136421764132855,-0.9998125657922822,OTHER,UNAS,None,2049,3FGL J0905.6-4917
3FGL J1035.7-6720,290.3908,-7.8283772,-24.37515990101112,-27.24795947620838,2.127202866090172,3.8504100509046393,1.6916513047016009,-0.16017317192643876,-0.5087518248907327,-0.7143077130404558,-0.945718129533173,PSR,UNAS,None,0,3FGL J1035.7-6720
3FGL J1056.7-5853,288.57614,0.74054885,-24.19853133294135,-26.6895527945842,2.220550864093588,3.57543757270323,1.8364250983303716,-0.19831457857425827,-0.6811810706968752,-0.8717867594209209,-0.9999547563714714,PSR,UNAS,None,0,3FGL J1056.7-5853
3FGL J1104.9-6036,290.2327,-0.3890897,-24.01526668646079,-26.0998457805108,2.1501004763709197,3.7633902793221097,1.5072949937226057,0.9999199388834346,-0.4402749143276816,-0.689123385274944,-0.9841617898796063,PSR,UNAS,None,0,3FGL J1104.9-6036
3FGL J1120.6+0713,251.53221,60.68519,-25.82399845295959,-27.89837101657046,1.6817069411968548,4.248311683769417,1.1005111097050317,0.9779082910066117,-0.4764575465656835,-0.6338690545584096,-0.961400670377093,AGN,UNAS,None,0,3FGL J1120.6+0713
3FGL J1208.4-6239,298.02283,-0.19969934,-24.019350046651102,-26.03892865393875,1.7572167277948993,4.165737200888863,1.4249844831905283,0.8108492463021626,-0.35549866525889007,-0.6584084037068938,-0.9266376299454638,PSR,UNAS,None,0,3FGL J1208.4-6239
3FGL J1350.4-6224,309.7097,-0.31989783,-24.41091590660048,-26.45285219779332,1.8208090247978184,4.064596405277353,0.740955007376668,0.9992772719244135,-0.2672135225086611,-0.5666631178297894,-0.9999935569892606,PSR,UNAS,None,4,3FGL J1350.4-6224
3FGL J1503.5-5801,319.70914,0.47214064,-24.060891594051164,-26.209415646765866,1.603420565438036,4.211767538671139,1.8927568388835838,-0.4214626852169656,-0.690423216584552,-0.7089319106767279,-0.9641783157555847,AGN,UNAS,None,0,3FGL J1503.5-5801
3FGL J1528.3-5836,322.17087,-1.7236029,-25.107397365023182,-27.374483838702236,1.8431791015869798,4.230030747548712,-0.6120832414935222,-0.35696757752887126,-0.040861278436219964,-0.7030139599081877,-0.9999732615184538,PSR,UNAS,None,2048,3FGL J1528.3-5836
3FGL J1622.9-5004,333.70654,-0.28015098,-23.43207501130399,-25.93664360868704,2.015786495519737,3.9954259855987915,1.1671411514584737,0.9998459635579632,-0.3031181038421276,-0.535430206115531,-0.7500811057255069,PSR,UNAS,None,0,3FGL J1622.9-5004
3FGL J1624.2-4041,340.5718,6.142062,-24.40107890192882,-26.758425974936237,1.9904773884023772,3.927805849049081,1.3372655742845274,0.022930354563999344,-0.5115191438465421,-0.6587548394868892,-0.9592020022608071,PSR,UNAS,None,0,3FGL J1624.2-4041
3FGL J1625.1-0021,13.880847,31.837814,-24.719734368848407,-27.39694546703037,2.271394612083023,3.619262446473022,0.7975983306982505,-0.21110023158384925,-0.11592756549622302,-0.6527566665642709,-0.9721294503786789,PSR,UNAS,None,0,3FGL J1625.1-0021
3FGL J1641.5-5319,333.29584,-4.6020737,-24.717806559166874,-26.82398459219308,1.7866555941415985,4.028969916890515,1.9853692103105773,-0.6680894917095591,-0.5669859404345029,-0.8639851892652338,-0.9999418813837226,PSR,UNAS,None,0,3FGL J1641.5-5319
3FGL J1650.3-4600,339.7977,-0.9521964,-23.517095100926866,-25.76870627262454,1.9370043680499194,4.008353754695057,1.5316085244378836,0.25702724924614895,-0.5269743032385414,-0.6855408788155662,-0.8783023622113785,PSR,UNAS,None,16,3FGL J1650.3-4600
3FGL J1653.6-0158,16.618132,24.924627,-24.113121920054667,-27.025490089751933,2.035145749591049,4.014641590990538,1.844477187350813,-0.3683085993636324,-0.5711642843371827,-0.6640508029534288,-0.9934349776879693,PSR,UNAS,None,0,3FGL J1653.6-0158
3FGL J1729.7-2408,2.1645343,5.5643725,-24.47918225926374,-26.753214091095796,1.4781140989257415,3.9266372227416517,2.3734719679625345,-0.37264206756501733,-0.828745927670186,-0.8653939474595927,-0.6786417678172252,OTHER,UNAS,None,4,3FGL J1729.7-2408
3FGL J1744.1-7619,317.10455,-22.471127,-24.517505646878995,-27.363806623947777,2.292818757625695,3.946015088487509,1.233526455319041,0.005107612871829204,-0.39838563262492893,-0.680894309200377,-0.999991140926408,PSR,UNAS,None,0,3FGL J1744.1-7619
3FGL J1827.3-1446,17.07601,-1.4837972,-24.53323356063385,-26.585903773622224,1.3827083822342319,3.688897478396078,-0.9181098318201046,0.7330155760084319,-0.2434268124148264,-0.488805341759877,-0.928155068987998,PSR,UNAS,None,2064,3FGL J1827.3-1446
3FGL J1839.3-0552,26.327051,-0.01261487,-23.01601423822132,-25.327443823813564,2.1736642885131436,3.6225887069928953,1.568730340060187,-0.0811479641769704,-0.4343617874964112,-0.6530450450303407,-0.8412416722146245,OTHER,UNAS,None,16,3FGL J1839.3-0552
3FGL J1843.0-0359c,28.426182,0.044354897,-24.211562060291477,-25.786745401565934,1.4861995859063,4.012306744598433,1.3637129093868299,0.4336550106806788,-0.46240701622273356,-0.6377680023852509,-0.9999795441727309,OTHER,UNAS,None,49,3FGL J1843.0-0359c
3FGL J1844.3-0344,28.79594,-0.14492497,-24.28780840030354,-26.075089191215305,1.7458009949339832,3.8018258984237554,-0.4222843114642072,0.9989563279440085,0.1946337841769077,-0.5429667496756878,-0.8892539053494454,PSR,UNAS,None,0,3FGL J1844.3-0344
3FGL J1925.4+1727,52.291924,0.6387023,-24.582354250957305,-26.37721049374944,1.8384248012651785,3.8571565528092266,1.0395276282566075,-0.33163035041673694,-0.3424605289915792,-0.868312707649603,-0.9999859751209212,PSR,UNAS,None,0,3FGL J1925.4+1727
3FGL J1946.4-5403,343.8883,-29.562988,-25.206733720648927,-27.710863920699197,1.9256608885577695,3.6809872550896605,1.5028609881642248,0.15306817471553333,-0.526869561123767,-0.7731796697724636,-0.9059312038438698,PSR,UNAS,None,0,3FGL J1946.4-5403
3FGL J2017.9+3627,74.54164,0.41072208,-23.454436549749584,-26.192494308850105,2.53181588385841,3.6853580175976286,1.4073457288414832,0.5610597299669302,-0.498365909186253,-0.7704698360459722,-0.9814898107795468,PSR,UNAS,None,0,3FGL J2017.9+3627
3FGL J2023.5+4126,79.253555,2.3415453,-24.080395714008667,-26.441189904353646,2.1757944973065695,3.890889779838621,2.032499893092412,-0.44104932710521744,-0.6981501907842104,-0.9490270127840132,-0.3849501637082114,AGN,UNAS,None,2565,3FGL J2023.5+4126
3FGL J2035.0+3634,76.63331,-2.3154814,-25.1198864280275,-27.031451147515483,1.7917593897551922,3.96236596206577,0.27043625968844687,0.9974169478969371,0.025305314045165728,-0.3535927137697723,-0.9746208859602667,PSR,UNAS,None,4,3FGL J2035.0+3634
3FGL J2039.6-5618,341.2312,-37.15509,-24.791122684049927,-27.30938289957617,1.629981027352032,3.5437115138468607,1.6986013936922013,-0.27853448524632896,-0.46662328014648186,-0.6104600878271715,-0.908794002648762,PSR,UNAS,None,0,3FGL J2039.6-5618
3FGL J2103.7-1113,37.857925,-34.42315,-25.800997043625514,-27.747415471214275,1.4515085110360368,3.9134384003786855,1.1134121548474143,0.9999351653796349,-0.36118530631227236,-0.5693277534493331,-0.875737314619935,AGN,UNAS,None,0,3FGL J2103.7-1113
3FGL J2310.1-0557,69.69476,-57.93874,-26.383676218513635,-28.207265590687747,1.6777815278915313,4.078730344425717,0.0529692644161206,0.9885686428872265,-0.04988038683709089,-0.6846197132466173,-0.999935775431332,PSR,UNAS,None,0,3FGL J2310.1-0557
3FGL J2353.3+6639,117.213455,4.4346323,-25.163916366306307,-27.31047840252468,1.891449963257184,3.6329543452258153,1.9007807472444886,0.2954905191677148,-0.779535485811273,-0.8906834715670777,-0.9077888698603714,AGN,UNAS,None,2304,3FGL J2353.3+6639
