Source_Name_3FGL,Flux_Density_3FGL,Unc_Energy_Flux100_3FGL,PowerLaw_Index,Signif_Curve_3FGL,var_3FGL,hr12_3FGL,hr23_3FGL,hr34_3FGL,hr45_3FGL,GLAT_3FGL,Category_4FGL
3FGL J0000.2-3738,-31.572484157651193,-28.030843002008744,1.8667319,0.40310004688774054,3.803219190636362,0.15227417333511517,0.038811723602553985,-0.3213200255739348,-0.6481892737318573,-74.946754,AGN
3FGL J0002.0-6722,-30.66141013659135,-27.904511120552147,1.9460614,0.3138621879170869,3.8313551023606913,0.09151793144612758,-0.5227559458577041,-0.4222493439699922,-0.49795186771472183,-49.061836,AGN
3FGL J0004.2+0843,-30.972925255785086,-27.86031076587199,2.0504425,-0.23529942296034895,3.8140060375761227,-0.7551261770419344,-0.4776703196090242,5.80084168077114E-4,-0.8706377580490783,-52.363342,AGN
3FGL J0006.2+0135,-29.957469208986623,-27.897549448104716,2.1869004,-1.7786281042231946,3.8191673986930605,-0.6114317251042083,-0.5631399832009076,-0.6454714127750065,-0.3951725265506454,-59.296867,AGN
3FGL J0007.9+4006,-29.518621952015796,-27.811253296988966,2.2756045,-0.020848936486780684,3.793004914905388,-0.23640781773404712,-0.7857580082559009,-0.4598722314558544,-0.5895593077013017,-22.007206,AGN
3FGL J0008.3+1456,-28.591714124098004,-27.8123655982153,2.2695491,0.4497952458916993,3.5392097654663734,-0.49492585804791145,-0.5450800398095748,-0.6665679906146269,-0.6761528719520202,-46.658096,AGN
3FGL J0014.3-0455,-27.95216759423886,-27.448810731980732,2.504053,0.061235917290220446,3.9960422270490206,-0.5965988060456026,-0.8271707467049291,-0.512704790395914,-0.7306166513081951,-66.09583,AGN
3FGL J0016.5+1713,-28.404942308166298,-27.871782758376515,2.438119,0.813639431864053,3.9680954842985345,-0.5651304706865975,-0.6487431672129087,-0.9146185519314425,-0.33892222501269914,-44.850296,AGN
3FGL J0020.9+0323,-32.66525154880992,-27.728900904351107,1.6399021,0.43271269786526106,3.9966331434162568,-0.9988298584244456,0.9996047432273832,-0.20042441311169254,-0.47608342748093824,-58.60079,AGN
3FGL J0032.3-5522,-27.234578925520772,-27.77464221026076,2.2745852,0.31779642423059534,6.235901809578529,-0.3680129111065578,-0.6797331303190822,-0.6563712039536023,-0.6243560767805013,-61.548527,AGN
3FGL J0049.0+4224,-32.39110487267119,-27.821278760326315,1.7653672,-0.4755638587112215,3.572518094896527,0.6103714599423058,-0.7441126672416805,-0.21849052193571153,-0.2857654268078691,-20.456451,AGN
3FGL J0102.1+0943,-29.767135871529796,-27.712073591579546,2.0650234,-0.7310816812392441,3.7314903755498383,-0.3020753274453917,-0.6902051409815396,-0.5073783832090867,-0.29987821906091255,-53.052097,AGN
3FGL J0112.9-7506,-29.775162983835692,-27.97391939540793,2.1721509,-3.0862578836884484,3.678476783470549,-0.7343473323047949,-0.698580464613628,-0.5521213409043308,-0.4059362319461393,-41.94519,AGN
3FGL J0127.6+4851,-28.49366824256082,-27.673130814183498,2.4481723,-1.7834167863843668,4.20456455148913,-0.5518522621228569,-0.7083981567765543,-0.6338109881565702,-0.7665191891288293,-13.57893,AGN
3FGL J0138.5-4612,-30.121151272505205,-27.957480469197595,2.0609827,-0.5641880749265552,3.693389020716649,-0.29989520611084197,-0.5478038886600485,-0.5488685059004542,-0.5851529309987537,-68.76349,AGN
3FGL J0158.6+0102,-28.026174671303313,-27.770433573880503,2.5585058,0.34558154913681804,3.789087732261582,-0.7249082688828892,-0.9349736098443433,-0.028509537719664458,-0.2902053765254937,-57.513157,AGN
3FGL J0200.3-4108,-31.35840067889342,-27.92016794060629,1.8781707,-0.6872598648626577,3.846288548110567,-0.9888026564481267,0.8269761349571996,-0.47471885160480776,-0.6231220575817921,-70.08185,AGN
3FGL J0216.0+0300,-31.460830740530458,-27.89368445011293,2.0137677,-0.839875302520031,3.6270176141336483,-0.8230451519042479,-0.5049686021907196,-0.3758665293178283,-0.6005503627197641,-53.597607,AGN
3FGL J0216.4+0507,-29.476243895484473,-27.876963790802975,2.24003,0.1510124177730103,3.9011666276383896,-0.5944720849349635,-0.2955960075724205,-0.8909999889551924,-0.3864808989040241,-51.753777,AGN
3FGL J0221.2+2518,-31.154553264174854,-27.762214364144363,1.9356745,-0.18511253595540253,3.638525455292259,-0.9621526475639446,0.5226030796009119,-0.364473908158513,-0.6485734538972411,-33.273746,AGN
3FGL J0224.1-1846,-28.027822849669775,-27.882683439003547,2.4003537,-0.21116971220478373,3.7207829568519437,-0.5728396901259544,-0.8119210564867583,-0.33077708144904766,-0.7621781041342908,-67.122475,AGN
3FGL J0224.4+1615,-29.633218693535763,-27.663634187706258,2.261836,-1.0051141314036514,3.9618117565579025,-0.6559865188647604,-0.6811092103261182,-0.5994235176491967,-0.4252539113965246,-41.091526,AGN
3FGL J0228.5+8213,-25.894197884345033,-27.836064873749397,2.771561,0.10939130111626182,3.7231011545365384,-0.7704688523534737,-0.6280482147359217,-0.8412599188095348,-0.6271608779045807,19.998413,AGN
3FGL J0232.6+0646,-26.324166144515086,-27.709302276038425,2.665958,0.8489591083218612,4.006103957314026,-0.7215114827482543,-0.6999667847241238,-0.9194171280701683,-0.8134135739200044,-48.17772,AGN
3FGL J0234.2-0629,-31.976957239114984,-27.85293055407378,1.8133874,-0.19301100592775539,3.562483287965839,-0.10529706249234715,-0.7013063211036313,0.031216300762567747,-0.23066909142580183,-58.034374,AGN
3FGL J0239.0+2555,-31.54899680346612,-27.790809658679983,2.0618744,-0.43324508320123994,3.294518849654108,-0.7862897976199766,-0.7684469703283906,-0.3583952575150139,-0.34499400881332465,-30.96236,AGN
3FGL J0239.4+1326,-30.678137214283634,-27.63090912220008,1.9952142,-0.9615283724844393,3.932947650086181,-0.9781881122632585,0.5561850385029156,-0.5433693973325063,-0.5966145737305769,-41.696938,AGN
3FGL J0248.4+5130,-29.662846973346735,-27.311434426849328,2.0670924,-0.2641414727670336,3.4976885002473406,0.17876947537240653,-0.8210260073284452,-0.11092553010067185,-0.5336930001024264,-7.2564096,AGN
3FGL J0307.3+4916,-28.64316591548723,-27.296183500286844,2.0957446,0.4017659412859103,3.9792314591215523,-0.6200764329704547,-0.4083816186435157,-0.6809797809219945,-0.3874332086890424,-7.8150034,AGN
3FGL J0308.4-2852,-28.191866161591765,-27.959915814742825,2.5369458,0.26585209797538195,3.262073427395963,-0.7269831554272049,-0.6922396871474557,-0.41801620224804803,-0.9999154605817256,-59.818363,AGN
3FGL J0312.7-2222,-32.43444091944354,-27.707425707911227,1.6247706,0.8343165233866486,3.578460331920012,0.9475798104087889,-0.4326039419144951,0.35753905062389507,-0.35570969583009127,-57.68242,AGN
3FGL J0322.5-3721,-28.394636899188455,-27.86828527035623,2.1997874,0.6638696972445209,3.897573248723105,0.38147992872823716,-0.5883437536857863,-0.6834970782602984,-0.799123868971469,-56.697277,AGN
3FGL J0324.5-1315,-27.22839991455905,-27.824799208933666,2.6469278,-3.181135052441008,3.6905785099008357,-0.5860673289982686,-0.9408874043037326,0.0034095691978203897,-0.9999531391918498,-51.675007,AGN
3FGL J0330.6+0437,-28.584362836511396,-27.57362211436548,2.2363307,0.8758898153547805,4.1216347737390135,-0.24783930165526435,-0.6512177070449989,-0.4274547845989954,-0.9999925061218958,-40.14347,AGN
3FGL J0333.6+0233,-30.560314512665176,-27.73111784299461,2.071027,-1.0506444625259295,3.646266951340054,-0.45014949261596104,-0.7029995788863624,-0.18033181034032378,-0.7781829409411907,-40.93062,AGN
3FGL J0340.4-2423,-30.940506319201027,-27.939397812587494,2.0884702,0.12538579463586885,3.366244518931928,-0.6702143769305563,-0.40921582903462106,-0.6484648103267072,-0.5606198978321724,-52.02948,AGN
3FGL J0348.4+6039,-32.53292690080424,-27.506608990211518,1.8813975,-0.296966856297168,3.671178716299576,0.9997723984524943,-0.8709640900213205,-0.3630680049829421,-0.010361715318134509,4.8845844,AGN
3FGL J0351.0-2816,-31.20378466549947,-28.02685207682769,2.0426261,-0.6883369682036273,3.64908445809181,0.8518923914665584,-0.45012160167998844,-0.7242736955972671,-0.22998269799277604,-50.453266,AGN
3FGL J0359.7+7649,-30.810687285396913,-27.99369336494657,2.166003,-0.4524117575954811,3.992703380517825,-0.9116381172904889,0.04689159854660702,-0.6257591788406216,-0.76681166829007,17.812963,AGN
3FGL J0401.0-5359,-30.89559813699389,-28.012608294429935,2.223421,0.5888070330383365,3.3778643718928505,-0.6006905708828294,-0.770119093641734,-0.7046313106922676,0.2861506282750405,-46.30611,AGN
3FGL J0415.7-4351,-26.979211062546906,-27.971636085831783,2.4831734,0.42928813947031547,3.6663037804763103,-0.5123437508784879,-0.7360290314980212,-0.9118738359285551,-0.07509973173809711,-45.978413,AGN
3FGL J0418.2+3412,-28.67180724541493,-27.5213379065877,2.3722677,0.17916608352055066,3.740955309720567,-0.5696394079899483,-0.8708726530619345,-0.04619388559223384,-0.9999970147593309,-11.517148,AGN
3FGL J0420.4-6013,-31.662003235822723,-27.89818121203459,1.8452863,-2.805610434880471,3.700267513316448,-0.8832749040379735,-0.16006380523503705,-0.47349210490536947,-0.31903834158775124,-41.781445,AGN
3FGL J0420.6-3742,-28.181199674922105,-27.637093113249286,2.3351693,0.29861036553801684,3.987075003277932,-0.6564024803757665,-0.6014162465192239,-0.7352053784906335,-0.5661491520362788,-45.18857,AGN
3FGL J0430.1-3103,-31.006952205683344,-28.042083006847548,1.9710824,0.7459867538418614,3.787122737252871,0.9996557008218733,-0.6423234760233476,-0.21271544962462904,-0.9218972291928482,-42.53188,AGN
3FGL J0447.1-2540,-27.597807544190136,-27.825301373801686,2.501354,-0.5871267426986833,3.655724864771727,-0.6636749520269694,-0.6978750949264131,-0.7259891484128789,-0.7512389777437518,-37.6949,AGN
3FGL J0451.6+7231,-27.390757984452577,-27.834311673567928,2.6509671,0.6875164577521543,3.7312047181581613,-0.8193352929315064,-0.6620560022774307,-0.4717129512863802,-0.8303447294875226,17.546276,AGN
3FGL J0451.7+5722,-27.776919939497628,-27.43058258377785,2.486627,0.44252547657586566,3.3436605315183385,-0.9908980178012876,0.2516081022955624,-0.34145360716382994,-0.5026742847368146,8.319546,AGN
3FGL J0506.3-0357,-30.0040381153238,-27.462556879842573,2.1675987,1.1215789899658377,3.3065798419273054,0.9991386629241098,-0.568905918909092,-0.598216141556187,-0.946843995712991,-25.115173,AGN
3FGL J0506.9+0321,-32.38133962482855,-27.73111485874894,1.8043303,-1.5887274620399159,3.5001334949686442,0.2559679575585446,0.0944038601613371,-0.4883493998595838,-0.4554918847971878,-21.37455,AGN
3FGL J0524.4+2839,-29.79474945871898,-27.210377585108922,2.1241972,-1.100133705435884,3.97483696536452,-0.6446466149842373,-0.5049931276917261,-0.4572184106509819,-0.5303566716462821,-4.045806,AGN
3FGL J0526.4+2247,-29.562036928368563,-26.777978005428377,2.4045255,0.459068305946744,4.03815456167154,-0.8514337358129586,-0.6236008322646718,-0.8097351553568837,-0.1917968550819415,-6.931372,AGN
3FGL J0533.8-3754,-28.373013306161912,-27.77835455437425,2.3432455,-1.541852350743209,4.050848544296966,-0.4330463656779254,-0.7856600214518255,-0.7225287363855886,-0.15184503624003623,-30.88655,AGN
3FGL J0538.9+1646,-31.398723152371776,-27.45364275662884,1.890715,0.7709893149009096,3.8141281081176506,0.023153052338115508,0.4399203676813526,-0.38119115780525126,-0.5864841278580718,-7.659905,AGN
3FGL J0540.0+1208,-30.85883383110431,-27.414047036730253,2.1070893,-1.498020516763739,3.879204398190888,-0.08358974759494817,-0.8753028113179652,-0.3324291019313376,-0.2988629311006355,-9.836587,AGN
3FGL J0557.7-0720,-30.891368755779595,-27.4349390046624,2.1480634,-1.0557090470459043,3.4983060039050233,-0.8089276008352212,-0.2988866367713004,-0.7461798823513022,-0.172757044340822,-15.24574,AGN
3FGL J0559.8+3042,-32.61802270421985,-27.441078837404593,1.7110547,0.7005455450438457,3.6634472806158014,-0.9999953066817263,0.999801934432957,0.0023288091614438395,-0.4839796808641839,3.5618856,AGN
3FGL J0601.5+2309,-27.360008357729242,-26.928999232300594,2.484669,0.43426673055754395,3.8241905277912625,-0.6780363081264914,-0.665413597280059,-0.7934080864669532,-0.7343855511864937,0.1465086,AGN
3FGL J0605.0-0000,-30.258593273360457,-27.345749320862986,2.008549,0.22786255926090063,3.9488381351766995,-0.28309637566458956,-0.5725710755266692,-0.47627232740447517,-0.38921242324820665,-10.302232,AGN
3FGL J0623.1-4143,-29.53781521115333,-27.88565378634771,2.2900796,-0.6139750116953873,3.4577963427412914,-0.9178029938819195,0.24280270313850863,-0.6370885777240841,-0.7686549406792701,-22.665697,AGN
3FGL J0638.4+5704,-25.520931317135013,-27.9294929221002,2.927151,0.35770409418190335,4.122569951591858,-0.8845666490745744,-0.8077782072109592,-0.21123896242128368,-0.8525412852487604,20.810717,AGN
3FGL J0644.6+6035,-28.12659284088819,-27.87306713605318,2.2764657,0.05741646942962959,4.0990945133217185,-0.8162257518858936,-0.5032566306097491,-0.5160005793528826,-0.4628879915814917,22.594389,AGN
3FGL J0647.8+1751,-26.852528787434597,-27.202762563362345,2.7028124,1.2423765588593814,3.716793457813742,-0.6101823817556127,-0.8949053358124048,-0.45679447794949535,-0.6524532042513629,7.268618,AGN
3FGL J0650.9+6524,-27.33314277752158,-28.04574089166966,2.5400684,-2.607273978276101,3.8531117150208445,-0.8324936377297658,-0.6059805749532393,-0.6098149205370507,-0.8838774144739625,24.45203,AGN
3FGL J0716.0-4525,-30.142196302423276,-27.756129385721447,2.2582495,-2.7436328201526177,3.644137808622017,-0.8822537063956676,-0.5687212348633901,-0.6657158670291284,-0.4621490012325013,-14.9429865,AGN
3FGL J0721.5-0221,-31.31957634260988,-27.61464012005611,2.0026686,-2.0920608310362137,3.7010887168068693,0.8035768872804164,-0.44035589225446997,-0.5581615111712227,-0.39029433826530663,5.5968394,AGN
3FGL J0725.8-3532,-29.095952533113255,-27.44400716897079,2.3585443,0.25735450578657554,3.5723751318050567,-0.8115409727663679,-0.69082224917392,-0.6237116009592443,-0.11480575887986005,-9.017494,AGN
3FGL J0731.8-3010,-33.475962248412976,-27.561941421544148,1.6692368,-0.3528871979428958,3.4720673791341223,-0.9998970361061206,0.9998946320336461,-0.4191134886896623,0.18706682342479275,-5.3990955,AGN
3FGL J0733.3+5904,-26.014106821419627,-27.97509342205211,2.7803707,0.0989008166545055,4.309908661926486,-0.814185857740426,-0.8602108173974847,-0.3084678594485318,-0.7515844524722357,28.310799,AGN
3FGL J0737.8-8245,-31.223229135347964,-27.654834824867912,1.9193196,-1.7630221693757604,3.7326305147287444,-0.2203475232968781,-0.7137584951258283,-0.29592031860129986,-0.1673561579639341,-25.45458,AGN
3FGL J0746.4-0225,-29.692725298766582,-27.568618311310768,2.0025747,-0.18097773213091403,4.0911573216963175,-0.6140233439024987,-0.48423486152282796,-0.5129408432068301,-0.32624270438842307,11.082273,AGN
3FGL J0747.5-4927,-29.57480345038784,-27.41858646070538,2.2734842,-0.25375096565730076,3.6801520811428365,-0.7231593391506516,-0.7635385323643958,-0.29845383832734385,-0.4633834789453144,-11.9038315,AGN
3FGL J0749.0+4459,-27.785079583340835,-27.886472321744247,2.3717525,-0.6878817672111003,4.323988407441023,-0.716658109037959,-0.5740780173802255,-0.5671577945085893,-0.8519277459530681,28.617638,AGN
3FGL J0749.5+1320,-29.268783660006132,-27.62395106772369,2.2493107,0.8047628816897905,3.841011526494816,-0.9097590800580474,0.03524679460657557,-0.7152654296318703,-0.7625267821196859,18.820091,AGN
3FGL J0752.6-1629,-29.482293038162112,-27.492756032418292,2.199274,0.4536061727691951,3.7395610902266982,-0.689069843690954,-0.41606474097934315,-0.5758825942476845,-0.7317179594463101,5.4891796,AGN
3FGL J0802.3-0941,-28.438289654277334,-27.55711501414928,2.2820556,-1.044854711121978,3.5802761864142645,-0.6490850104227932,-0.5928482262152073,-0.5254673190097823,-0.49755286248127495,10.974437,AGN
3FGL J0813.5-0356,-32.589698084069774,-27.709614208135804,1.6670097,0.6881355935098146,3.469690261507449,-0.9994345155630443,0.9899114037983795,0.021278003067697556,-0.34821232385333634,16.261818,AGN
3FGL J0823.6-4838,-26.197403380134887,-26.95203695916551,2.6124713,1.3285160316425304,4.498429607370188,-0.5209255402626027,-0.8708479959930315,-0.7569134786945546,-0.9086073680690313,-6.4258246,AGN
3FGL J0826.3-6400,-28.46533984088594,-27.67738510564088,2.34202,-1.447216432169963,3.565351658250661,-0.7688789569982749,-0.5765684247961099,-0.816796467298679,-0.28814059135789155,-14.649408,AGN
3FGL J0830.8+2629,-27.600940508103648,-27.789558148417083,2.5567951,-0.28993260299693585,4.028596136111275,-0.7006350034277311,-0.7864284986527581,-0.44446285787754547,-0.9999852619696054,32.552692,AGN
3FGL J0848.5+7018,-31.4924977858735,-28.00942004035235,2.0133777,-2.3840516346716316,3.998992443205006,0.24455699697691782,-0.667437805437625,-0.34672057595854444,-0.6070125313030804,35.168575,AGN
3FGL J0855.4+7142,-27.348889217235648,-27.745079941322963,2.5718791,0.2044346664636327,4.343619560426675,-0.5890010317331776,-0.7123852720147898,-0.6902800166444242,-0.9999896920244272,35.225597,AGN
3FGL J0900.0+6754,-29.42522224357994,-28.06135407172986,2.23863,0.26019930725329776,3.8325972573958644,-0.42950195498341703,-0.6318236864444325,-0.44979452680579185,-0.9999509340319873,36.91735,AGN
3FGL J0930.7+5133,-31.131212489305952,-28.13137228879054,2.068347,-0.7366424325510943,3.4916156153860523,-0.7665093382060433,-0.31541363463275274,-0.4576568984659924,-0.6505255192199211,45.36049,AGN
3FGL J0931.8+6739,-29.80976493925825,-28.063394989230225,2.166111,0.07907824272670663,3.7843540749425495,0.09924715701423087,-0.688625734664367,-0.47883913007950885,-0.538020331778664,39.773136,AGN
3FGL J0935.1-1736,-31.912352026185115,-27.55196098313133,1.748642,0.3866197784563455,3.5099536053719604,0.9986122168956176,-0.6666877778435081,-0.23843937131195794,-0.453939302351075,24.695732,AGN
3FGL J0936.3-2114,-31.64883667477384,-27.726419815650644,1.8428967,-1.0129562972987205,3.8475298165963836,0.15237336474744456,-0.5016740004470066,-0.37105409870947276,-0.43797270566742486,22.432587,AGN
3FGL J0937.8-6407,-27.29402737245853,-27.521158161477608,2.5450487,0.19190944573536384,3.8035821949740836,-0.5658351259186597,-0.8527316300072291,-0.6051441364236813,-0.4120250524414972,-8.7593565,AGN
3FGL J0937.9-1435,-31.234978266982388,-27.725169940367152,1.889783,0.6019432087326994,3.9268556557649115,0.9996615104779492,-0.3996023431786813,-0.418055719748217,-0.7715195934629063,27.203981,AGN
3FGL J0946.2+5209,-26.399844085025233,-28.06251705539253,2.7351112,0.6467729781033181,3.9768854116092935,-0.7245862837322423,-0.7258989230645956,-0.9981149336858353,-0.9985059059315889,47.513985,AGN
3FGL J0952.8+0711,-32.394808558730524,-27.707330293573854,1.69938,0.32247740708444916,3.676919467755201,0.9991931653704899,-0.03194543798328459,-0.3606983226225816,-0.42956698665530235,43.266056,AGN
3FGL J1013.4-4008,-29.598907186373758,-27.665467022635102,2.2513545,-0.503352450946157,3.774973385378911,-0.6031709174111213,-0.7645492305399489,-0.41372757516672376,-0.45028903739418297,13.3537445,AGN
3FGL J1016.9-2653,-26.89286204274338,-27.75517727938996,2.605058,0.6553817599545887,3.784264017515369,-0.6439094994574138,-0.6906801617513807,-0.8160029087258379,-0.9999873568522542,24.449688,AGN
3FGL J1027.8+8253,-30.29448512001838,-28.107679801014882,2.0730712,0.30831670647552906,3.7327617850241137,-0.6167957728610689,-0.3979271869280469,-0.6845822403987468,-0.42559603097813836,32.79398,AGN
3FGL J1033.4-5035,-29.645836865279055,-27.371245429709937,2.0194092,-0.3643682761591756,3.84081976430168,-0.7226199448567925,-0.333053303884775,-0.41091321677183107,-0.5318664184143456,6.509114,AGN
3FGL J1038.0-2425,-28.51930140384358,-27.78050470525203,2.3966603,-1.2783363937623566,4.078931674903652,-0.728465019357198,-0.6069864264335868,-0.7803700380139518,-0.3792961505345106,29.232199,AGN
3FGL J1039.5+7324,-30.864857899907452,-27.91364241571991,2.0938542,-1.493813783318058,4.133422428634811,-0.6941554305768627,-0.3847488882243537,-0.5513584201576446,-0.6187810629488244,40.555935,AGN
3FGL J1045.5-2335,-29.043992485250058,-27.775965619604868,2.3675408,-0.2704779818282222,3.745165123334179,-0.5541231740168892,-0.6481334172737767,-0.7432802247997191,-0.6841218798945738,30.877872,AGN
3FGL J1047.8-3737,-31.199470693694828,-27.679014072952057,1.8951391,-0.3572142321856451,3.839878157392413,0.10581593933408202,-0.41578512044986043,-0.21618707237163082,-0.731583104628477,19.057636,AGN
3FGL J1049.7+1548,-29.58669309700405,-27.823114623086415,2.1529865,0.099895740939133,4.0671557400245835,-0.1817822137558012,-0.6246748922224886,-0.40554912921252817,-0.9144903859236798,59.610462,AGN
3FGL J1050.4+0435,-25.867928080721022,-27.552545111817437,2.4701045,1.0092038592242103,5.9169331430119145,-0.6531359199103126,-0.6696544692745721,-0.7831719119477484,-0.7784791081600314,53.412853,AGN
3FGL J1052.0+0816,-29.782192241908607,-27.887231059140785,2.223526,-0.04350977002152458,3.600273406312406,-0.3891170021197682,-0.7700286243693052,-0.6717869983055564,-0.08111204723348507,56.058167,AGN
3FGL J1103.3+5239,-27.208283965375752,-28.07041526402123,2.618117,-0.12271038010430213,4.177052023974992,-0.5179475262805885,-0.8179979005608006,-0.6664761321290774,-0.999825413107533,57.50103,AGN
3FGL J1115.0-0701,-29.402845496045643,-27.647049588315824,2.108555,-2.8687856631005006,4.464618206615873,-0.582751830773311,-0.6497274451329282,-0.4263126053872322,-0.5829628447923153,48.63636,AGN
3FGL J1117.2-5338,-29.876798178682034,-27.38001028928551,2.0026665,0.24704912256146377,4.207270190121903,-0.6623755114432194,-0.43912058679901256,-0.3097437059634421,-0.5739548659024465,6.6805735,AGN
3FGL J1117.7+0217,-29.546475350704576,-27.79157322793935,2.1532753,0.3725095915587261,4.014583131653117,-0.14306173230024366,-0.6515233007893216,-0.6412320480913608,-0.49989355218574094,56.531345,AGN
3FGL J1123.3-2529,-28.759398440702945,-27.78392209362557,2.2875624,-0.05405103029023926,3.8026634821652667,0.8490063360961918,-0.7452895807467409,-0.38760436452103764,-0.7959546534391646,33.262474,AGN
3FGL J1125.1-5803,-32.66422707179607,-27.223331883020656,1.8770671,0.6705578008737939,3.6332445644155937,-0.9976704406089724,0.632327738857522,0.02506119294583534,-0.4518025716547496,2.9155421,AGN
3FGL J1129.0+3758,-28.836022048597346,-27.484564416143872,2.2883708,0.9441451698904385,3.8011106624132984,-0.09225129963034154,-0.6406026783753854,-0.5617936970519364,-0.889376990688213,69.59608,AGN
3FGL J1130.7-7800,-31.865543958182304,-27.514663451186365,1.7402625,0.8561008430476389,3.8425270645658705,-0.9904492618808212,0.6707402468482938,-0.04219475126197726,-0.29646512997111557,-15.812871,AGN
3FGL J1132.0-4736,-30.08454596595101,-27.703341087508413,2.1137707,-0.6223347441524084,3.4617446357799047,-0.9998312853634312,0.9957710834283647,-0.5210746263887533,-0.6938106231472982,13.162734,AGN
3FGL J1150.7-4816,-29.18772925370708,-27.73682032779949,2.3295882,-0.14104638241520512,3.4969865982252,0.45270771404712706,-0.6569621824137352,-0.9018211362018765,-0.09979915355201616,13.370589,AGN
3FGL J1151.5+0957,-29.762357733029823,-27.885943004706252,2.2214894,-1.4173463215675182,3.7625705715386544,-0.4977767270431319,-0.692555787338802,-0.4473864183404644,-0.7503094784859478,67.7741,AGN
3FGL J1151.8-6108,-27.44336439977435,-26.82138667219623,2.4333627,0.8235445422359445,3.867632923682284,-0.4257508117371484,-0.06099802049235512,-0.848115060638613,-0.932233611675554,0.8997268,PSR
3FGL J1200.4+0202,-29.738217648496256,-27.72238548071011,2.0355177,0.4849797994825499,4.0216213487960175,-0.7272655277788749,-0.33533827709321523,-0.318552261714635,-0.741719554706702,62.0972,AGN
3FGL J1200.9-1432,-29.565767442986214,-27.71358718794304,2.2530088,0.1520834588833411,3.9961779968298696,-0.9236928729371796,-0.441968610713654,-0.24120506912196016,-0.5730966860935209,46.56981,AGN
3FGL J1205.9+3315,-27.22355580955134,-27.90958845406548,2.714465,0.6484088814869031,3.749401129455094,-0.9366249220258398,-0.4835679820396297,-0.6253459322892745,-0.31235360769648135,78.42608,AGN
3FGL J1209.9+7607,-28.540879976703664,-28.11373941104329,2.3979633,-0.3000802127475254,3.720046670900897,-0.6745743196659985,-0.7521874667173101,-0.27452734219068364,-0.9138750190994968,40.739056,AGN
3FGL J1220.1-3715,-30.24867175642334,-27.74198664369315,2.046814,-0.23646336751262084,3.73676397021269,0.4759140856413254,-0.5536652247733336,-0.5781351379168628,-0.2294161173973815,25.2004,AGN
3FGL J1220.3+6055,-28.91560588992689,-28.127449545135345,2.517096,0.10989915045517264,3.902867763807746,-0.6597871222117866,-0.807828993075042,-0.8894136004596442,0.5717278106249435,55.79293,AGN
3FGL J1222.7+7952,-33.096615159184246,-28.004475289952687,1.7372625,-0.7525014458709989,3.846224490832103,0.9978901348157021,-0.4398581104193422,-0.49139232499936175,-0.11265417819313175,37.173252,AGN
3FGL J1223.2+1215,-29.465777505614533,-27.829988407451747,2.2131422,0.5906881736736298,3.670978178103249,-0.8662469220552407,-0.025507837568691037,-0.6130098485430402,-0.8254535059284659,73.72789,AGN
3FGL J1223.3+0818,-30.432847853467507,-27.79319758642504,1.9848448,0.541105758018045,3.695785229264733,-0.6628936291072391,-0.16138620679596472,-0.23807020906420984,-0.8739264667799381,70.04557,AGN
3FGL J1225.4-3448,-32.943216133164476,-27.87916799903884,1.7596995,-1.2934448426246103,3.5240798670691835,-0.3468146323285895,-0.19687962106965373,-0.4859422105315137,0.1073890500507265,27.759865,AGN
3FGL J1228.4-0317,-29.18138252190571,-27.683793925311473,2.2719634,-6.159318766338907,3.9431721928219607,-0.2229206052524063,-0.5346192764690801,-0.4897545927115875,-0.6861033127631293,59.07458,AGN
3FGL J1232.5-3720,-31.408858043085594,-27.76250432180604,1.9247106,-0.2177023067718091,4.034229841633936,-0.8982353158306955,-0.23000268379074512,-0.39372695242662176,-0.3205922789653524,25.377394,AGN
3FGL J1234.7-0437,-33.17724622581791,-27.701478452077744,1.6491082,0.3921482307913032,3.8643974608259994,-0.9947817735830332,0.6833329992113973,-0.905019212673512,0.7612817751224916,57.996407,AGN
3FGL J1239.1-1158,-24.52820609560847,-27.613813028011222,3.0667129,1.066453149144812,3.9085145780882127,-0.8404233014066502,-0.8716208234702906,-0.4809180049628415,-0.6579625654121772,50.781433,AGN
3FGL J1240.3-7149,-30.310576925733802,-27.313725218477156,1.9647563,-1.2628934641272351,4.249966445013647,-0.7250824382350293,-0.6245277069273383,-0.4292809959476294,-0.29574668253391495,-8.97308,AGN
3FGL J1249.1-2808,-29.861728622230338,-27.667693191619183,2.066672,-0.7370601137799365,3.9087166053067044,-0.7768265890843358,-0.4869154685941288,-0.45962667443132943,-0.4775119825876991,34.72543,AGN
3FGL J1249.5-0546,-29.10163243633475,-27.427028580255513,2.4129112,-0.5079839983438383,3.962599763164614,0.9772205101258166,-0.9067394203866775,-0.1309129098436177,-0.7702511747344162,57.089054,AGN
3FGL J1259.5-3231,-25.775857675170997,-27.43980448784229,2.7141607,-3.2994759795531223,4.120455518081439,-0.8064412491690788,-0.728480497740078,-0.7297829440708427,-0.9998826042462824,30.32182,AGN
3FGL J1301.5+3333,-28.351197311342226,-27.836757676802307,2.3971708,0.9986343719098166,4.142459959104744,-0.3801632139914247,-0.5406376819812049,-0.7719069882808707,-0.9999715974318741,83.20579,AGN
3FGL J1315.7-0732,-29.280657623486693,-27.50900527347409,2.0191858,-1.6368272491686553,4.283317284229351,-0.2255767720868482,-0.487078688301801,-0.6753340218226581,-0.17226304010572935,54.825226,AGN
3FGL J1329.1-0536,-29.29589272450126,-27.25077679487033,2.3515882,-0.3367460361008698,3.9245367805220894,-0.517743136985908,-0.6152882579861745,-0.5273749893669737,-0.7329938942184726,56.013855,AGN
3FGL J1330.4+5641,-25.946205897286166,-27.96884865055133,2.995564,-0.04749409942431284,3.9138246614707737,-0.6616215525605406,-0.9376936954297599,-0.06784408849727519,-0.6290822801223918,59.629963,AGN
3FGL J1348.5-7150,-27.00498413376866,-27.35180381881414,2.6377401,0.41853676716460547,4.0626458755601424,-0.7606272796648709,-0.837086650299732,-0.23920230669593306,-0.7161697600122421,-9.465131,AGN
3FGL J1411.4-0724,-32.101245197968254,-27.70073138754259,1.8979145,-0.7097723357715995,3.6178127372668984,0.05470661322567505,0.5501157158611147,-0.582382895821202,-0.2684072919400158,50.39902,AGN
3FGL J1417.5-4402,-27.412102155646128,-27.408517849552997,2.368808,0.3841058138343895,4.006981414277414,-0.6427328754831881,-0.5944759155051361,-0.5776117467212585,-0.9639237828129406,16.150196,PSR
3FGL J1420.9-4615,-26.310203422534826,-27.411145538629363,2.7009985,0.2524332688120121,3.719567472919338,-0.8479876015591244,-0.6908049313703679,-0.63131581024153,-0.8375098196193806,13.863179,AGN
3FGL J1421.8-7920,-29.816065958291667,-27.659457319519813,2.1435895,1.0374153781257163,3.773818585484953,0.9415134915972896,-0.6458534489779661,-0.6793910650848725,-0.8139243357408523,-17.232687,AGN
3FGL J1424.3-1753,-29.34006811524114,-27.64195406339133,2.1735172,-0.41297450820818554,3.8991454849325606,-0.7925409853282636,-0.4923412041014779,-0.48088107634855126,-0.5517548105410358,39.660583,AGN
3FGL J1427.2+1610,-25.246432531162842,-27.77269371845285,3.010405,-2.0731638476988916,3.9039988982144926,-0.818317436010843,-0.7660666968252854,-0.7040296989569598,-0.9999322615024727,65.25621,AGN
3FGL J1438.6-4209,-29.709042626330216,-27.402281412324516,2.3211524,0.6261027489163471,3.521083478408564,-0.9065000653450487,-0.627653697452807,-0.3957438821327252,-0.29153927991815376,16.423964,AGN
3FGL J1502.2+5553,-26.12495977735581,-27.931022898663986,2.583319,-3.24726526857601,4.631929831524865,-0.6632533574660499,-0.7787184480970156,-0.533667957173101,-0.876991005980703,52.89887,AGN
3FGL J1512.8-5639,-26.98648525053247,-26.47330143428517,2.4624138,0.00432901627317082,4.336443584711431,-0.6317637122903317,-0.7621021274687702,-0.7400830953411279,-0.5745433650416522,1.0294861,AGN
3FGL J1513.3-3719,-33.092469528691346,-27.684537405656148,1.6849688,0.017591360717903685,3.384110461493022,-0.9886582479944072,0.17625052689963627,0.31634723961945116,-0.5095005808981353,17.457664,AGN
3FGL J1517.0+2637,-31.75759544183604,-28.010472586822743,2.0013506,-1.2843221312245652,3.346216031592321,0.9999427206277895,-0.8749261964994647,0.19581259840657528,-0.6347046381642358,57.649296,AGN
3FGL J1525.8-0834,-33.477576641801384,-27.696664033353926,1.6438884,0.05156326794141095,3.753785321833989,-0.9999831554076877,0.9953037242636972,0.4973348244354714,-0.4300782209417441,38.289295,AGN
3FGL J1528.1-2904,-33.11180860230548,-27.630583611647506,1.696769,-0.85095866630127,3.6984328002384994,-0.8689711723363779,-0.4659358201464515,-0.0557683968239761,-0.7531884805400388,22.425936,AGN
3FGL J1528.7-2247,-29.17088394639312,-27.602909768511477,2.2422311,0.7736547032671576,3.7322044734523043,-0.39811022744030505,-0.568028794536429,-0.5812014452311751,-0.9999727444687858,27.271341,AGN
3FGL J1529.5+6733,-29.98990072544108,-28.200958713431813,2.2368367,-0.8447377136945552,3.903962264774406,-0.3249591428706471,-0.7322892212412797,-0.5773298886585103,-0.5261181614417743,43.113842,AGN
3FGL J1541.6+1414,-31.65992799887694,-27.68719376873177,1.9751117,-0.49521111716166183,3.642485454348234,-0.9882937030122507,0.9209649048922312,-0.6044297481789538,-0.4809814980203785,48.391552,AGN
3FGL J1544.6-1125,-26.64981058561225,-27.292108146035865,2.4127812,1.3146313744746856,3.8601519652302527,-0.13607068397612945,-0.7191012323500309,-0.6886007187916794,-0.9999852889670734,32.984398,AGN
3FGL J1548.4+1455,-28.180324504902007,-27.40319932466344,2.112147,0.4405648416771421,4.211069853478878,-0.24019394167674296,-0.5331542173044885,-0.6028592827439825,-0.45828137280557546,47.174854,AGN
3FGL J1549.9-3044,-33.434453178014266,-27.518448698663,1.4396122,0.8084099764115747,3.562710180179864,-0.9551303347973094,0.9989415876245469,0.10891592380615024,-0.03470682114359084,18.141542,AGN
3FGL J1553.1+5437,-28.820090365343635,-28.07216450143103,2.2550774,-0.6673139504284745,4.029878927317152,-0.4697215492388143,-0.5614494061739052,-0.6277301043622496,-0.8019788167563282,47.169643,PSR
3FGL J1602.8-1924,-28.902238570770614,-27.398098099843097,2.3129683,-0.6996816034753554,3.80302445792802,-0.6247677616709468,-0.7277001302374281,-0.5647045204541269,-0.6443905864495583,24.310184,AGN
3FGL J1613.4-4222,-28.218749742514923,-26.951297935430954,2.4347908,-1.740798748136873,3.798590823565559,-0.5678954154087722,-0.9087026546545484,-0.43128476985784686,-0.6799300773863992,6.363813,AGN
3FGL J1619.1+7538,-32.97007458485234,-28.1459178487581,1.7126698,0.5860566136705879,3.890168179011092,-0.9987625742641882,0.9652740750064243,-0.5042027198791345,0.14415738272288117,35.29636,AGN
3FGL J1628.1-3344,-30.56828255835016,-27.214965024143257,2.1165962,0.11050308992678565,3.6064033046878854,-0.8737335127862682,-0.6063846051294413,-0.5050865921482292,-0.30937400153115635,10.367889,AGN
3FGL J1628.1+0254,-29.9178387708865,-27.703381293288913,2.1223505,0.7056731026197325,4.028617726429366,-0.10295156074548466,-0.03313446784949985,-0.8222747635894396,-0.36536851750321797,32.90811,AGN
3FGL J1642.4+8045,-27.75329101501866,-28.048665946637943,2.4850972,0.45196719630963444,3.7531334816620436,-0.4813277325024861,-0.6817432011947883,-0.8114051819056656,-0.6664139414535333,31.755138,PSR
3FGL J1644.4+2632,-26.805942309188325,-27.686338813162546,2.7532167,0.4757298282304188,3.746084494644622,-0.7633606677061415,-0.9572406146535636,0.29282251104562834,-0.8178986678977966,38.5034,AGN
3FGL J1646.9-1332,-32.14780448794096,-27.321741410520552,1.8505279,-1.2311372393538431,3.7367153535938042,-0.9655389330360671,0.43912495456518524,-0.54039437661635,-0.34208007827853365,19.892075,AGN
3FGL J1648.0+4230,-28.341593945038316,-27.9486681262838,2.4801893,-0.31816299838539164,3.935766484807233,-0.5082633673348427,-0.8094402089405582,-0.5793509149502245,-0.9970377876340754,40.124744,AGN
3FGL J1650.0+0356,-30.115733184648672,-27.585355064817588,2.165772,-0.3432617331785148,4.33970364443129,-0.8038940577050869,-0.5691681594855132,-0.45343303917900435,-0.3455992768311987,28.68336,AGN
3FGL J1704.1+1234,-26.625977035179165,-27.48637572571429,2.583273,-0.7397824980799402,3.850183239372902,-0.7436841626089796,-0.7775476700776924,-0.600326968587261,-0.5631072292368456,29.42443,AGN
3FGL J1704.4-0528,-29.072908190178868,-27.194094227746238,2.1847432,-1.0174791295990155,3.7296295260478245,-0.09155674708880325,-0.8231437099419898,-0.2139912802519745,-0.6867092657008667,20.797222,AGN
3FGL J1705.5+0948,-25.571349084593265,-27.463562297796408,2.8066092,0.5664811955710058,3.827209284549625,-0.6498868750154532,-0.8665248868218576,-0.8076397756886086,-0.9998406702825234,27.951149,AGN
3FGL J1715.4-4028,-30.14756266611926,-26.444559287738294,2.1041749,0.31296765554185446,4.092017941070286,-0.9953124444409328,0.6531080490966509,-0.061546474171564405,-0.5528022239876162,-1.1736468,AGN
3FGL J1727.4+0634,-26.56532569148618,-27.229298134182923,2.6870856,0.9744845428387872,3.7924831023836423,-0.7502770908179406,-0.733475581800633,-0.8395218518970501,-0.9991769705848429,21.646387,AGN
3FGL J1731.9+5428,-25.21223735283375,-27.84781859621465,2.901923,0.45026713976240246,3.671585725896735,-0.7459156565939671,-0.8593803097360557,-0.8677064333142069,-0.9998719785504135,33.155773,AGN
3FGL J1733.5-3941,-29.400053942844387,-26.78582732468601,2.230005,0.4728496380180336,3.9596241582417484,-0.5765028515170848,-0.8284107686179437,-0.38298934632114917,-0.4634018306889289,-3.610446,AGN
3FGL J1733.8-6056,-26.37012343836448,-27.571082847245606,2.5818665,-2.4183805302334966,4.036623372406396,-0.7283422571008035,-0.6930003025051398,-0.8775785359660644,-0.08625908364565732,-14.771928,AGN
3FGL J1745.4+4721,-27.184930256554576,-27.800945990094764,2.5581224,-3.8708125903529225,4.166952624358695,-0.6680889687958057,-0.8020927119926328,-0.7588539837609501,-0.04717670524832458,30.430563,AGN
3FGL J1748.0+2701,-29.314927111502396,-27.79492249468675,2.2776077,-1.2649270721363084,3.7297879248950117,-0.6867041243150749,-0.5082055637283753,-0.78162418555769,-0.13863312333229885,25.06391,AGN
3FGL J1759.2-3848,-29.087395124576886,-27.10923270372056,2.2362862,1.2504443396947706,3.480022271173005,0.8268579954915026,-0.4741166992032683,-0.5100572012363687,-0.9999976931328304,-7.426649,AGN
3FGL J1806.8+5346,-27.461063427728178,-27.85733042296371,2.5622666,-2.1915098376113384,4.207039490199726,-0.67717577692714,-0.74558630540306,-0.8273485346498758,0.03307207611788921,27.996992,AGN
3FGL J1809.0+3517,-28.81695912917013,-27.67297270653564,2.4414024,0.06681043837802911,3.6375857649894656,-0.6311724330340596,-0.8059270778870867,-0.46590774295214865,-0.520155106837117,23.382431,AGN
3FGL J1810.7+5335,-32.22342849414352,-27.868288515867956,1.780261,0.9109114896584103,3.722495790119495,-0.9998356497795841,0.9986539610571753,-0.20967101672762303,-0.5721768898924362,27.406288,AGN
3FGL J1827.6-0846,-27.39402499601793,-26.230861572244645,2.3622096,0.35305371519714823,3.9439880365910884,-0.7267250541149567,-0.6155477350165002,-0.6786464125465013,-0.7470404072886242,1.2415937,PSR
3FGL J1829.2+3229,-28.644233900977213,-27.68489784978715,2.2854562,1.2602070212274292,3.883543980417289,0.010875866361212032,-0.4597282756798078,-0.7432031765043287,-0.9999724519789187,18.518923,AGN
3FGL J1829.2+2731,-25.947404251002748,-27.541599421090236,2.6200266,1.0495047441388592,4.038603619765341,-0.6180883333855369,-0.8160871871211818,-0.7547626161140256,-0.9997499855472229,16.678802,AGN
3FGL J1840.5+6116,-26.646197874517746,-27.605646394563855,2.7322369,-0.7804163362261889,3.9630217194311554,-0.8739197221926217,-0.6946188264931044,-0.5390747909457768,-0.8787372901896983,24.85127,AGN
3FGL J1857.9+7319,-26.819127008848753,-27.962828466071333,2.6442003,-0.41841327498483855,3.610745411280233,-0.7503217594990051,-0.8899999355020788,-0.5129518943491115,-0.2782794354941009,25.438639,AGN
3FGL J1901.5-0126,-25.079148347129543,-26.57088648854515,2.6182117,0.46660818373948504,4.100425916578647,-0.5933133961874305,-0.7800065401453508,-0.7055845343294718,-0.8011413424666046,-2.9207902,PSR
3FGL J1911.7+0307,-28.634354661650104,-26.714883835827514,2.3222234,-1.5815084465491591,3.9692499558083014,-0.6609140675252817,-0.8209662539513142,-0.41358464345767104,-0.6259736807926937,-3.0762205,AGN
3FGL J1922.2+2313,-33.4990404654943,-27.43285065253424,1.6248366,0.4587370237330445,3.7756818863594668,0.5434381602716697,-0.8882491757879466,0.6645950404064093,-0.10162973615261252,4.022715,AGN
3FGL J1923.2-7452,-28.730105906207964,-27.666711508004923,2.2185771,0.4289021034727599,3.9284148618685815,-0.6377190955578961,-0.7155246748775043,-0.4142636663777771,-0.5837977158453239,-28.186966,AGN
3FGL J1934.2+6002,-30.305496811828945,-27.96162521976857,2.1403484,-0.1447232397830773,3.5744531346268813,-0.8656488099446851,-0.20644468355449166,-0.5918830671655525,-0.6341944761847423,18.216028,AGN
3FGL J1936.6-4215,-28.68741990506871,-27.70169350415734,2.308185,1.004572122055515,3.4934857275947304,-0.5012609253777162,-0.3386686401609518,-0.8327918444517057,-0.9999416202019084,-25.835772,AGN
3FGL J1944.1+3919,-29.75094029475978,-27.50004171436494,2.184457,-0.15268108021794655,4.012760792722524,-0.529902114364873,-0.5445813417733708,-0.6216426571471252,-0.7009736482055426,7.5842066,AGN
3FGL J1950.2+1215,-25.665676894880175,-27.070204506410896,2.6260316,1.3450116615330183,3.9148730202748347,-0.59502247625786,-0.7392838771136951,-0.9230720793071195,-0.99980492449079,-7.117476,AGN
3FGL J1957.9-0712,-28.29956193151978,-27.448373195730255,2.3787937,-0.2614963961741477,3.70480432753338,-0.5950191348356545,-0.8070539214040524,-0.5493410406956364,-0.7526301219606749,-18.050085,AGN
3FGL J1958.1+2436,-33.233651309136796,-27.11857726220321,1.6788126,-2.7322408906770157,3.8560537430907362,0.6969697338315471,-0.5242406475796987,-0.07502430654925459,-0.4268182533526548,-2.4149113,AGN
3FGL J1958.6+3844,-27.140330140571646,-26.93644315941685,2.6373606,0.4128421639305429,4.1966013914241564,-0.8075153870869367,-0.761017745250382,-0.6872603144453902,-0.8802578437693045,4.8519573,AGN
3FGL J2006.6+0150,-31.15875409793363,-27.607338867242465,1.8722081,1.038540930439813,3.403392437430213,-0.6183783461397657,0.9938775726501865,-0.5429784960864463,-0.7408743003581063,-15.781996,PSR
3FGL J2015.3-1431,-32.584827642178794,-27.70895065791025,1.7703412,0.20924923074837048,3.4974853862702484,0.17472144527516778,0.19078308597517485,-0.4762779622390245,-0.031631867298362995,-25.025145,AGN
3FGL J2022.2-7220,-31.533055177387634,-28.00327864010095,1.9494183,1.1050800607968907,3.655284226205994,0.6472798879692551,0.13865999313344987,0.34621586223645134,-0.9022061770594291,-32.59619,AGN
3FGL J2024.8-2331,-30.96929846049211,-27.79927800548977,1.949887,0.788486541756671,3.6278686499261874,0.9991210504195001,0.41122826335965185,-0.2660463489028544,-0.8609351286447763,-30.361326,AGN
3FGL J2030.5-1439,-32.195633694343535,-27.83551607568778,1.8650038,-0.37279570221242014,3.6761229345937485,-0.07939283673822817,-0.23226770493460688,-0.5257175477736648,-0.3805177523611025,-28.432045,AGN
3FGL J2034.6-4202,-30.55237579368054,-27.6634788139111,1.948012,0.6915566663625694,3.739207672965863,0.934303385211832,-0.7233910098675841,0.04429959222584393,-0.7992758145761564,-36.38259,AGN
3FGL J2035.8+4902,-31.300975464911186,-27.080690300246427,2.0954099,-0.8283247273530826,3.791092301056259,-0.642284958266023,-0.23598087872288234,-0.707530047044599,-0.5167086164237541,5.0344753,AGN
3FGL J2042.3-5416,-27.597080665009454,-27.734601993859176,2.5529985,-0.6779782723773324,3.88019657506025,-0.5642743129890833,-0.7229776005785329,-0.7814967252334731,-0.9994173750491646,-37.737637,AGN
3FGL J2043.6+0001,-32.490840226312706,-27.70953610782099,1.6896613,0.8565799199062922,3.728957251788399,0.31761772287814855,0.023608306401334957,0.18810838050529835,-0.623326736823027,-24.719402,AGN
3FGL J2044.0+1035,-29.01581608170367,-27.588384991936685,2.2908466,0.7770499976464283,4.069326145313266,-0.17230381119765442,-0.6785318033348332,-0.39522401001235535,-0.9999977419858895,-19.19622,AGN
3FGL J2046.7-4259,-30.580965346219525,-27.802600734481075,2.0109036,0.3475358089771926,3.736108877150794,-0.7376709026980217,-0.3669811290476155,-0.36740979707769283,-0.7616750560521431,-38.676685,AGN
3FGL J2047.9-3119,-27.050243177088838,-27.66983679112078,2.5207422,0.828796241840573,3.790424700880603,-0.8435424610781289,-0.5424040890585006,-0.597994751601369,-0.44992716310393466,-37.378876,AGN
3FGL J2053.9+2922,-32.62922959373918,-27.33864221586071,1.5435793,1.2406340525337842,3.8280584004929934,-0.5601809542594541,0.9998096824457487,0.20531577273784715,-0.40172896866829805,-9.865336,AGN
3FGL J2054.8-4908,-29.194260218854375,-27.7244761176404,2.3455164,-1.5785203250215247,3.9141256732719105,-0.8170945732770939,-0.728138156624809,-0.23641488481800937,-0.8304936947798128,-40.05893,AGN
3FGL J2110.0+0442,-30.49122910897888,-27.70110962311944,2.0631783,-0.5359983824413803,3.96272809685825,-0.5224882146650718,-0.6646785590010772,-0.3912784855506537,-0.41674249326585744,-27.836702,AGN
3FGL J2115.2+1215,-30.05857357770828,-27.655734491234462,2.1612828,0.3629410408836465,3.7765342240819075,-0.6152414311556754,-0.7854948132983474,-0.40213373810191966,-0.4545465670366548,-24.450743,AGN
3FGL J2118.3+5751,-27.836725983822276,-27.118715348116414,2.4833553,-0.3234336101589305,3.981104193015116,-0.7000214816710194,-0.7660697299063849,-0.46883219957051975,-0.7863729244538477,5.9114714,AGN
3FGL J2120.4-1256,-26.714879155120258,-27.709381655906498,2.5725129,0.6538658215677423,4.19542503153515,-0.5708259683069801,-0.8145952608914824,-0.7036486019401158,-0.9988123347064427,-38.854103,AGN
3FGL J2127.5-6001,-31.9301760636515,-28.04144741039505,1.9506174,-0.7376386911934502,3.399695120499357,-0.7220749510562829,-0.24350747805723058,-0.7180779441554989,-0.21896386100676457,-42.454098,AGN
3FGL J2130.4-4237,-26.449391072508295,-27.660625740219906,2.5613785,0.8837417547121861,5.395594565047466,-0.6220400946563469,-0.7680584993237349,-0.7809031088031264,-0.9999584914339997,-46.683434,AGN
3FGL J2131.1-6625,-27.070219745359758,-27.832200651939207,2.447518,1.159715039299998,3.9576883877862166,-0.40516136762487454,-0.6475144856007357,-0.8072289813716472,-0.9999869266415998,-40.27448,AGN
3FGL J2131.5+2605,-29.639678804220743,-27.513898742906115,2.2698848,-0.43124686985620525,3.6190747174393265,0.9950155727436198,-0.7439478466946194,-0.6847514450945688,-0.08886276586077775,-18.273493,AGN
3FGL J2134.5-2131,-28.70413771943345,-27.65787189318184,2.1337929,-1.6215005746892228,3.8307193230600847,-0.3840640129375995,-0.689743701236354,-0.5276861093932482,-0.29550168388357384,-45.08291,AGN
3FGL J2142.7+1957,-31.9701867482722,-27.8643693836992,2.0091686,-0.5754859300968553,3.6278613955364083,-0.9424753269422593,-0.4843388535741961,0.17368174591931498,-0.720516219415316,-24.392433,AGN
3FGL J2145.5+1007,-33.66855167507998,-27.72763110712181,1.5526955,0.39017345106953877,3.643436826935231,-0.9927635853395324,0.7585613598146975,0.07983910686581744,-0.10520227424808215,-31.538164,AGN
3FGL J2150.5-1754,-26.199709556474584,-27.719727856507948,2.6587038,-0.12222442654732713,4.09008394868489,-0.7585525152065978,-0.8765701892053019,-0.44225006158159286,-0.7824401635003122,-47.45519,AGN
3FGL J2151.6+4154,-31.134886640937825,-27.415378184062146,1.8487629,0.7260253220633719,3.519704007315994,0.9929027515845265,0.1345070099393048,-0.5346751380183068,-0.26578326946475545,-9.448793,AGN
3FGL J2209.8-0450,-34.46336841099569,-27.397483134368102,1.2660482,0.7444239648112043,3.8204917564621215,-0.01919881968163456,-0.5965594024666132,-0.6982614617331614,0.0897156754313772,-45.55829,AGN
3FGL J2223.3+0103,-31.54135884223763,-27.676745000940496,1.808709,0.22471623400024526,3.7275020797947107,0.16869478190716783,-0.5543897480290821,-0.06156084645017452,-0.4828738555429591,-44.594585,AGN
3FGL J2224.4+0351,-33.21300781674195,-27.654848445484284,1.5956316,-0.19977453380165763,3.535379087787009,0.9995377056012023,-0.527404068114368,-0.5624396671178036,0.16138268603204653,-42.90061,AGN
3FGL J2228.5-1636,-28.087161540990603,-27.74533686582356,2.5065176,0.6097353537730353,3.9045021142950183,-0.8324356071598205,-0.6333532343013873,-0.6677741529351853,-0.4174764584722308,-55.366726,AGN
3FGL J2229.1+2255,-29.768600798282794,-27.790289381622244,2.239102,-0.2346018222878166,3.789033044735418,-0.6870440852184097,-0.624147477081879,-0.7953665250431835,-0.059980817640214526,-29.276773,AGN
3FGL J2244.6+2503,-31.470129031833206,-27.898669999430236,1.9194807,0.805881492833717,3.729457730937446,0.44009710911490524,0.08205125313770761,-0.3330828971192961,-0.519813280088912,-29.532755,AGN
3FGL J2247.2-0004,-28.865474090158216,-27.607673309623962,2.107771,0.2185347068883771,3.879527292683879,0.12128273403814034,-0.7182398134279556,-0.527100645459872,-0.5054167572462976,-49.734753,AGN
3FGL J2249.3-5943,-30.780277832103923,-28.153702407883944,2.174028,-2.113400143258694,3.6927868104449173,-0.6899699258985078,-0.34534115701661644,-0.8411203169166385,0.1898142441607048,-51.294617,AGN
3FGL J2250.3+1747,-26.948598589432624,-26.920655723229533,2.7852352,-0.36924446759894125,4.466542170474801,-0.8352039735321664,-0.7029116578329281,-0.9663557700015832,0.5381730387986011,-36.330647,AGN
3FGL J2253.1-1237,-27.77997185225972,-27.839047571001192,2.4423332,0.952285555127376,3.8309711153679884,-0.37573865033917586,-0.7643302165765735,-0.7248276827300293,-0.9923211691224909,-58.769665,AGN
3FGL J2254.6+4253,-26.034178188364216,-27.57515329565743,2.659318,0.5085992672725662,3.8584509904119,-0.6989535851200062,-0.7305108708674554,-0.8096277759927297,-0.9999498285447316,-15.003079,AGN
3FGL J2258.2-3645,-31.036021419540646,-27.937208887451614,1.9558733,-0.07269424885466284,3.5245239568045346,-0.6212869683020061,0.12809318320100382,-0.9613127942506706,0.7709853780392774,-64.25224,AGN
3FGL J2259.9-1553,-29.628558299266903,-27.888442755316614,2.1121497,0.7327718025156982,3.769009727184281,-0.4813874005620401,-0.517241921076833,-0.5786312678132328,-0.7523396152980577,-61.838017,AGN
3FGL J2300.0+4053,-33.894772926010724,-27.68295998707699,1.5139174,-2.4962210569704046,3.5903905525223716,-0.9951659712000873,0.9648338359857633,-0.8942666773085682,0.7918359301817173,-17.242765,AGN
3FGL J2300.1-3547,-29.477566814851496,-27.938849611567544,2.1846757,-0.6890957188259517,3.9093130367778275,0.7314531135069716,-0.7012755603468803,-0.5967314436523967,-0.5787843137956016,-64.847084,AGN
3FGL J2313.1+3935,-25.87245706843427,-27.72740411699987,2.793174,-0.940200301123001,4.071988960859102,-0.7895656113386824,-0.8360118600494929,-0.6973861313229489,-0.3224093971829115,-19.45988,AGN
3FGL J2321.3+5113,-31.66802208479082,-27.77335621052218,2.0188153,-1.1453594901077433,3.6683764976445183,-0.5758105045768834,-0.7206581097482665,-0.1860350469267528,-0.5342472898996783,-9.175679,AGN
3FGL J2321.6-1619,-33.56737710204345,-27.833302858430358,1.5327803,-4.1362553124705295E-4,3.6604005011252667,-0.9999120221532913,0.9957165305380338,0.5117022008475518,-0.5654646046420642,-66.56989,AGN
3FGL J2329.8+6102,-30.938198158364113,-27.265791854714283,2.0607789,-0.7191279775036226,3.638294750721742,-0.7617229502130881,-0.6694704596799057,-0.18219398717001603,-0.5839371702110295,-0.28228247,AGN
3FGL J2335.6-2342,-26.805109505534865,-27.844394674431694,2.64698,-1.0711730125894248,3.4800888114849835,-0.6813886245622941,-0.7647733989668688,-0.7958897686148048,-0.48652557520382417,-72.558044,AGN
3FGL J2338.7+0251,-27.219487458768793,-27.78109831864054,2.5788372,0.5668396897562941,3.9820835147869063,-0.620686328535789,-0.7330823239155116,-0.8436346104228939,-0.9431293347970215,-55.27105,AGN
3FGL J2340.7+3847,-32.03148157433779,-27.830592731156273,1.9188373,0.06594521877435874,3.713592798196726,-0.8514095249144285,-0.9227393675098096,0.4741756308812163,-0.4415637347893105,-22.037018,AGN
3FGL J2351.9-7601,-32.209677714162034,-27.676490978405436,1.6905777,-0.4311069685917945,3.5756668020748132,-0.9999860524635082,0.999853574621665,-0.27435523488754254,-0.446319418879295,-40.552822,AGN
3FGL J2354.0+2722,-30.48027682334315,-27.994661620297098,2.154808,0.13656640730451897,3.7012454293039894,-0.8750550154922777,-0.3209753201105329,-0.18498231815498165,-0.7985304297497653,-33.779556,AGN
3FGL J2358.5+3827,-30.664577797923126,-27.724759651413073,2.0776443,-0.3837281763151341,3.9572046476589615,0.9945715494792824,-0.5653175568676544,-0.5805066454232093,-0.38774144897382146,-23.259953,AGN
3FGL J2358.6-1809,-31.492903250754424,-27.76611200965732,1.8166555,0.6478934010049077,3.887784553191347,-0.7699511517889682,-0.026096321403888924,-0.20120839571121318,-0.5902044633803685,-74.89499,AGN
3FGL J0002.6+6218,-26.171635924768633,-27.09017559235934,2.3474927,1.9800005543256032,3.871690682665771,-0.14028305539984506,-0.5300255879083027,-0.7440944936430428,-0.9999771816775467,-0.03711618,PSR
3FGL J0318.1+0252,-27.942804642406028,-27.93148070088127,2.0869973,1.7471619536115195,3.9164080570208673,-0.2471088557827291,-0.11435156725916257,-0.6566089469870195,-0.9524373932421418,-43.635,PSR
3FGL J0359.5+5413,-25.519908804751754,-26.96636497786853,2.3123431,1.8251888616763319,3.515441808264368,-0.3449328463347164,-0.5753830884198017,-0.6885031981532694,-0.999988362289768,0.87194085,PSR
3FGL J0514.6-4406,-26.09074937571139,-27.83548877741808,2.6116946,1.4368438339407559,4.0732542161718985,-0.3811267602277588,-0.7169768315834403,-0.99998705434372,0.99282432214382,-35.392704,PSR
3FGL J0704.1-1043,-26.66756042694995,-26.759995568272025,2.4653878,1.439590785402479,3.713511406327919,-0.5517690105953632,-0.7806628157176891,-0.7163307501914287,-0.8440255511628894,-2.085731,AGN
3FGL J1035.7-6720,-25.473089609918954,-27.247959502441624,2.2087467,2.1272028434184556,3.8504100566274557,-0.16017317192643876,-0.5087518248907327,-0.7143077130404558,-0.945718129533173,-7.8283772,PSR
3FGL J1056.7-5853,-25.68879173258781,-26.689552815903248,2.4042292,2.220550836837008,3.575437566399782,-0.19831457857425827,-0.6811810706968752,-0.8717867594209209,-0.9999547563714714,0.74054885,PSR
3FGL J1104.9-6036,-27.105172563566466,-26.099845763238587,2.281231,2.150100474515493,3.7633902736851685,0.9999199388834346,-0.4402749143276816,-0.689123385274944,-0.9841617898796063,-0.3890897,PSR
3FGL J1120.6+0713,-27.7616865621607,-27.898371028108873,2.1180356,1.6817069447739834,4.24831165376949,0.9779082910066117,-0.4764575465656835,-0.6338690545584096,-0.961400670377093,60.68519,AGN
3FGL J1208.4-6239,-27.24383784011173,-26.038928649734157,2.3572402,1.7572167292764778,4.1657371964182675,0.8108492463021626,-0.35549866525889007,-0.6584084037068938,-0.9266376299454638,-0.19969934,PSR
3FGL J1350.4-6224,-27.661915160209116,-26.45285220693899,2.184816,1.8208090317967216,4.064596407721215,0.9992772719244135,-0.2672135225086611,-0.5666631178297894,-0.9999935569892606,-0.31989783,PSR
3FGL J1503.5-5801,-26.618506403711166,-26.209415597094544,2.4167218,1.6034205644543515,4.211767533062928,-0.4214626852169656,-0.690423216584552,-0.7089319106767279,-0.9641783157555847,0.47214064,AGN
3FGL J1528.3-5836,-27.68108432507599,-27.374483872544186,2.4354024,1.8431790939689239,4.230030746198678,-0.35696757752887126,-0.040861278436219964,-0.7030139599081877,-0.9999732615184538,-1.7236029,PSR
3FGL J1622.9-5004,-27.161696779850182,-25.93664361283944,2.1365569,2.0157864968288015,3.995425993338665,0.9998459635579632,-0.3031181038421276,-0.535430206115531,-0.7500811057255069,-0.28015098,PSR
3FGL J1624.2-4041,-26.30587396627628,-26.75842596169604,2.2723422,1.9904773956408415,3.9278058583637927,0.022930354563999344,-0.5115191438465421,-0.6587548394868892,-0.9592020022608071,6.142062,PSR
3FGL J1625.1-0021,-26.4535947509685,-27.396945458434583,2.050975,2.2713945872480994,3.6192624593311247,-0.21110023158384925,-0.11592756549622302,-0.6527566665642709,-0.9721294503786789,31.837814,PSR
3FGL J1641.5-5319,-25.86158810417841,-26.823984603681726,2.524558,1.7866556334551005,4.0289699227461035,-0.6680894917095591,-0.5669859404345029,-0.8639851892652338,-0.9999418813837226,-4.6020737,PSR
3FGL J1650.3-4600,-27.412648045284786,-25.76870626323809,2.2288833,1.937004367185144,4.00835375518284,0.25702724924614895,-0.5269743032385414,-0.6855408788155662,-0.8783023622113785,-0.9521964,PSR
3FGL J1653.6-0158,-25.29284178133374,-27.025490040624064,2.236451,2.0351457470590053,4.014641595441202,-0.3683085993636324,-0.5711642843371827,-0.6640508029534288,-0.9934349776879693,24.924627,PSR
3FGL J1744.1-7619,-25.98271030082022,-27.363806632811208,2.111454,2.2928187572127463,3.9460150730071395,0.005107612871829204,-0.39838563262492893,-0.680894309200377,-0.999991140926408,-22.471127,PSR
3FGL J1827.3-1446,-27.64538011469241,-26.585903771571672,2.5350626,1.3827083892011565,3.688897453951938,0.7330155760084319,-0.2434268124148264,-0.488805341759877,-0.928155068987998,-1.4837972,PSR
3FGL J1844.3-0344,-27.851962655950143,-26.075089196727088,2.2196302,1.7458009895531237,3.801825923528608,0.9989563279440085,0.1946337841769077,-0.5429667496756878,-0.8892539053494454,-0.14492497,PSR
3FGL J1925.4+1727,-26.312180989176458,-26.37721049641121,2.3576884,1.8384248379350419,3.857156555971204,-0.33163035041673694,-0.3424605289915792,-0.868312707649603,-0.9999859751209212,0.6387023,PSR
3FGL J1946.4-5403,-26.351590844712366,-27.710863885257755,2.1931713,1.9256608954650285,3.6809872675779696,0.15306817471553333,-0.526869561123767,-0.7731796697724636,-0.9059312038438698,-29.562988,PSR
3FGL J2017.9+3627,-26.020750010695988,-26.192494307813007,2.338242,2.5318159191992655,3.6853580111050794,0.5610597299669302,-0.498365909186253,-0.7704698360459722,-0.9814898107795468,0.41072208,PSR
3FGL J2023.5+4126,-24.305818418475816,-26.44118991437761,2.3102345,2.175794473084238,3.890889783683675,-0.44104932710521744,-0.6981501907842104,-0.9490270127840132,-0.3849501637082114,2.3415453,AGN
3FGL J2103.7-1113,-28.149801679831228,-27.74741546999969,2.0628798,1.4515085055351464,3.9134384032798497,0.9999351653796349,-0.36118530631227236,-0.5693277534493331,-0.875737314619935,-34.42315,AGN
3FGL J2310.1-0557,-28.33457526158321,-28.20726559487911,2.0597363,1.677781559887395,4.078730342288933,0.9885686428872265,-0.04988038683709089,-0.6846197132466173,-0.999935775431332,-57.93874,PSR
